{"idCAM":["c1a43310-fd7c-4e64-a263-9b863e3a0c25"],"creator":["20695"],"projectCAM":["SAI_CAMS"],"defocusCAM":[null],"date":[1671020914928],"nodes":[{"id":"71eb2d78-e3e0-4363-9657-063f97378511","value":0,"text":"Bedingungsloses Grundeinkommen","comment":"","position":{"x":626.4,"y":423.6},"isActive":true,"date":1671020915708,"kind":"Node","isSelected":false,"isConnectorSelected":false,"isDraggable":1,"isDeletable":0,"hasElementMoved":false,"eventLog":[{"time":"1671020915708","type":"create node","value":[0]},{"time":"2022-12-14T12:29:42.907Z","type":"position","value":{"x":[696.4],"y":[404.6]}},{"time":"2022-12-14T12:29:46.362Z","type":"position","value":{"x":[670.4],"y":[442.6]}}],"isTextChangeable":0},{"id":"e415991d-f7a8-421b-95f6-5e14ab4da22a","value":-2,"text":"Harz 4","comment":"","position":{"x":779.4,"y":319.6},"isActive":true,"date":1671020923424,"kind":"Node","isSelected":false,"isConnectorSelected":false,"isDraggable":1,"isDeletable":1,"hasElementMoved":false,"eventLog":[{"time":"1671020923424","type":"create node","value":[0]},{"time":"1671020927088","type":"selected","value":[true]},{"time":"1671020939821","type":"text","value":["Harz 4"]},{"time":"1671020939821","type":"value","value":[-2]},{"time":"1671020939821","type":"selected","value":[false]},{"time":"2022-12-14T12:29:01.348Z","type":"position","value":{"x":[767.4],"y":[356.6]}}],"isTextChangeable":1},{"id":"29c83ce5-410b-4186-8c14-d8bde8280042","value":3,"text":"Chancengleichheit","comment":"","position":{"x":1030.4,"y":407.6},"isActive":true,"date":1671020942576,"kind":"Node","isSelected":false,"isConnectorSelected":false,"isDraggable":1,"isDeletable":1,"hasElementMoved":false,"eventLog":[{"time":"1671020942576","type":"create node","value":[0]},{"time":"2022-12-14T12:29:03.709Z","type":"position","value":{"x":[669.4],"y":[363.6]}},{"time":"2022-12-14T12:30:11.769Z","type":"position","value":{"x":[645.4],"y":[277.6]}},{"time":"2022-12-14T12:30:11.885Z","type":"position","value":{"x":[809.4],"y":[297.6]}},{"time":"2022-12-14T12:30:12.214Z","type":"position","value":{"x":[962.4],"y":[401.6]}},{"time":"2022-12-14T12:30:12.429Z","type":"position","value":{"x":[979.4],"y":[427.6]}},{"time":"1671021016129","type":"selected","value":[true]},{"time":"1671021023642","type":"text","value":["Chancengleichheit"]},{"time":"1671021023642","type":"value","value":[3]},{"time":"1671021023642","type":"selected","value":[false]},{"time":"2022-12-14T12:30:27.798Z","type":"position","value":{"x":[955.4],"y":[411.6]}}],"isTextChangeable":1},{"id":"56af8509-d97b-48b2-833f-7768c46069cf","value":3,"text":"Vermeiden von Armut","comment":"","position":{"x":812.4,"y":424.6},"isActive":true,"date":1671020948862,"kind":"Node","isSelected":false,"isConnectorSelected":false,"isDraggable":1,"isDeletable":1,"hasElementMoved":false,"eventLog":[{"time":"1671020948862","type":"create node","value":[0]},{"time":"1671020953833","type":"selected","value":[true]},{"time":"1671020979494","type":"text","value":["Vermeiden von Armut"]},{"time":"1671020979494","type":"value","value":[3]},{"time":"1671020979494","type":"selected","value":[false]},{"time":"2022-12-14T12:29:48.124Z","type":"position","value":{"x":[786.4],"y":[412.6]}},{"time":"2022-12-14T12:29:48.441Z","type":"position","value":{"x":[636.4],"y":[427.6]}},{"time":"2022-12-14T12:29:48.878Z","type":"position","value":{"x":[810.4],"y":[424.6]}}],"isTextChangeable":1},{"id":"c08ac623-e8da-47ec-bb0f-4bdbf734458a","value":0,"text":"Schmarotzer","comment":"","position":{"x":574.4,"y":315.6},"isActive":false,"date":1671021032112,"kind":"Node","isSelected":false,"isConnectorSelected":false,"isDraggable":1,"isDeletable":1,"hasElementMoved":false,"eventLog":[{"time":1671021032112,"type":"create node","value":0},{"time":1671021035594,"type":"selected","value":1},{"time":1671021045426,"type":"node was deleted","value":-99}],"isTextChangeable":1},{"id":"dc292f87-c364-4099-9eb4-37a9b12be9f6","value":-3,"text":"Schmarotzer","comment":"","position":{"x":858.4,"y":280.6},"isActive":true,"date":1671021048790,"kind":"Node","isSelected":false,"isConnectorSelected":false,"isDraggable":1,"isDeletable":1,"hasElementMoved":false,"eventLog":[{"time":1671021048791,"type":"create node","value":"0"},{"time":1671021050263,"type":"selected","value":"TRUE"},{"time":1671021061370,"type":"text","value":"Schmarotzer"},{"time":1671021061370,"type":"value","value":"-3"},{"time":1671021061370,"type":"selected","value":"FALSE"}],"isTextChangeable":1},{"id":"91bc521c-fc90-44f6-ae94-9a1ad212c06c","value":3,"text":"Lebenssinn","comment":"Nicht arbeiten um zu leben, sondern LEBEN\n","position":{"x":654.4,"y":523.6},"isActive":true,"date":1671021076854,"kind":"Node","isSelected":false,"isConnectorSelected":false,"isDraggable":1,"isDeletable":1,"hasElementMoved":false,"eventLog":[{"time":1671021076855,"type":"create node","value":"0"},{"time":1671021081006,"type":"selected","value":"TRUE"},{"time":1671021124204,"type":"text","value":"Lebenssinn"},{"time":1671021124204,"type":"value","value":"3"},{"time":1671021124204,"type":"comment","value":"Nicht arbeiten um zu leben, sondern LEBEN\n"},{"time":1671021124204,"type":"selected","value":"FALSE"}],"isTextChangeable":1},{"id":"1ba8b2d2-7d8c-41c1-b0d7-26dade53ec98","value":-3,"text":"Wohnungsnot","comment":"","position":{"x":934.4,"y":543.6},"isActive":true,"date":1671021214150,"kind":"Node","isSelected":false,"isConnectorSelected":false,"isDraggable":1,"isDeletable":1,"hasElementMoved":false,"eventLog":[{"time":1671021214150,"type":"create node","value":"0"},{"time":1671021219423,"type":"selected","value":"TRUE"},{"time":1671021219853,"type":"selected","value":"FALSE"},{"time":1671021219898,"type":"selected","value":"TRUE"},{"time":1671021239097,"type":"text","value":"Wohnungsnot"},{"time":1671021239097,"type":"value","value":"-3"},{"time":1671021239097,"type":"selected","value":"FALSE"}],"isTextChangeable":1},{"id":"e8dc4e00-aa5f-43ff-9648-ec1d2eae8290","value":10,"text":"Steuerzahler","comment":"Woher kommt das Geld daf�r","position":{"x":521.4,"y":315.6},"isActive":true,"date":1671021250569,"kind":"Node","isSelected":false,"isConnectorSelected":false,"isDraggable":1,"isDeletable":1,"hasElementMoved":false,"eventLog":[{"time":1671021250569,"type":"create node","value":"0"},{"time":1671021252572,"type":"selected","value":"TRUE"},{"time":1671021300018,"type":"text","value":"Steuerzahler"},{"time":1671021300019,"type":"value","value":"10"},{"time":1671021300019,"type":"comment","value":"Woher kommt das Geld daf�r"},{"time":1671021300019,"type":"selected","value":"FALSE"}],"isTextChangeable":1},{"id":"52472adf-5448-4a54-92ec-a36328c4eb2c","value":10,"text":"Motivation","comment":"","position":{"x":475.4,"y":435.6},"isActive":true,"date":1671021346006,"kind":"Node","isSelected":false,"isConnectorSelected":false,"isDraggable":1,"isDeletable":1,"hasElementMoved":false,"eventLog":[{"time":1671021346007,"type":"create node","value":"0"},{"time":1671021353635,"type":"selected","value":"TRUE"},{"time":1671021367698,"type":"text","value":"Motivation"},{"time":1671021367698,"type":"value","value":"10"},{"time":1671021367698,"type":"selected","value":"FALSE"}],"isTextChangeable":1},{"id":"b68125d2-ecc7-4c32-a88d-2dabfe2929ff","value":-3,"text":"Obdachlosigkeit","comment":"","position":{"x":1089.4,"y":564.6},"isActive":true,"date":1671021388856,"kind":"Node","isSelected":false,"isConnectorSelected":false,"isDraggable":1,"isDeletable":1,"hasElementMoved":false,"eventLog":[{"time":1671021388856,"type":"create node","value":"0"},{"time":1671021395471,"type":"selected","value":"TRUE"},{"time":1671021406104,"type":"text","value":"Obdachlosigkeit"},{"time":1671021406104,"type":"selected","value":"FALSE"},{"time":1671021408406,"type":"selected","value":"TRUE"},{"time":1671021413720,"type":"value","value":"-3"},{"time":1671021413720,"type":"selected","value":"FALSE"}],"isTextChangeable":1}],"connectors":[{"id":"c75f8a28-6a3b-4e4d-9230-f32de59c82fb","source":"e415991d-f7a8-421b-95f6-5e14ab4da22a","target":"71eb2d78-e3e0-4363-9657-063f97378511","agreement":true,"isActive":true,"date":1671020947495,"kind":"Connector","isSelected":false,"intensity":3,"isDeletable":true,"isOver":false,"isBidirectional":true,"eventLog":[{"time":1671020947495,"type":"create connection"}]},{"id":"45494b0d-0232-4786-94ab-44efd51bc06d","source":"71eb2d78-e3e0-4363-9657-063f97378511","target":"56af8509-d97b-48b2-833f-7768c46069cf","agreement":true,"isActive":true,"date":1671021008279,"kind":"Connector","isSelected":false,"intensity":3,"isDeletable":true,"isOver":false,"isBidirectional":true,"eventLog":[{"time":1671021008279,"type":"create connection"}]},{"id":"0197312c-4679-48dc-9f51-e551e46819ac","source":"56af8509-d97b-48b2-833f-7768c46069cf","target":"29c83ce5-410b-4186-8c14-d8bde8280042","agreement":true,"isActive":true,"date":1671021025996,"kind":"Connector","isSelected":false,"intensity":3,"isDeletable":true,"isOver":false,"isBidirectional":true,"eventLog":[{"time":1671021025996,"type":"create connection"}]},{"id":"981dabef-8768-41ad-a386-c676ae3e35b9","source":"e415991d-f7a8-421b-95f6-5e14ab4da22a","target":"dc292f87-c364-4099-9eb4-37a9b12be9f6","agreement":true,"isActive":true,"date":1671021062912,"kind":"Connector","isSelected":false,"intensity":3,"isDeletable":true,"isOver":false,"isBidirectional":true,"eventLog":[{"time":1671021062912,"type":"create connection"}]},{"id":"539a5268-937d-41a3-a358-e80adf831fcf","source":"71eb2d78-e3e0-4363-9657-063f97378511","target":"91bc521c-fc90-44f6-ae94-9a1ad212c06c","agreement":true,"isActive":true,"date":1671021126663,"kind":"Connector","isSelected":false,"intensity":3,"isDeletable":true,"isOver":false,"isBidirectional":true,"eventLog":[{"time":1671021126663,"type":"create connection"}]},{"id":"2cd1ce92-facf-4e7a-8351-e4e47e1a44f7","source":"56af8509-d97b-48b2-833f-7768c46069cf","target":"1ba8b2d2-7d8c-41c1-b0d7-26dade53ec98","agreement":true,"isActive":true,"date":1671021240826,"kind":"Connector","isSelected":false,"intensity":3,"isDeletable":true,"isOver":false,"isBidirectional":true,"eventLog":[{"time":1671021240826,"type":"create connection"}]},{"id":"c63c9bd4-e3ad-4577-a172-4c329bf6125a","source":"e8dc4e00-aa5f-43ff-9648-ec1d2eae8290","target":"71eb2d78-e3e0-4363-9657-063f97378511","agreement":true,"isActive":true,"date":1671021337835,"kind":"Connector","isSelected":false,"intensity":3,"isDeletable":true,"isOver":false,"isBidirectional":true,"eventLog":[{"time":1671021337835,"type":"create connection"}]},{"id":"f56f9cd5-6743-45d8-9593-24984bd18f55","source":"e8dc4e00-aa5f-43ff-9648-ec1d2eae8290","target":"e415991d-f7a8-421b-95f6-5e14ab4da22a","agreement":true,"isActive":true,"date":1671021339687,"kind":"Connector","isSelected":false,"intensity":3,"isDeletable":true,"isOver":false,"isBidirectional":true,"eventLog":[{"time":1671021339687,"type":"create connection"}]},{"id":"4fdedaee-8429-4061-9dfd-c7930d945ea8","source":"91bc521c-fc90-44f6-ae94-9a1ad212c06c","target":"52472adf-5448-4a54-92ec-a36328c4eb2c","agreement":true,"isActive":true,"date":1671021369077,"kind":"Connector","isSelected":false,"intensity":3,"isDeletable":true,"isOver":false,"isBidirectional":true,"eventLog":[{"time":1671021369078,"type":"create connection"}]},{"id":"6a9cee3c-1124-4700-a01b-a3d56440cafa","source":"e8dc4e00-aa5f-43ff-9648-ec1d2eae8290","target":"52472adf-5448-4a54-92ec-a36328c4eb2c","agreement":true,"isActive":true,"date":1671021370880,"kind":"Connector","isSelected":false,"intensity":3,"isDeletable":true,"isOver":false,"isBidirectional":true,"eventLog":[{"time":1671021370880,"type":"create connection"}]},{"id":"0095009f-ac06-462b-ba23-9c5d42383997","source":"52472adf-5448-4a54-92ec-a36328c4eb2c","target":"56af8509-d97b-48b2-833f-7768c46069cf","agreement":true,"isActive":true,"date":1671021376283,"kind":"Connector","isSelected":false,"intensity":3,"isDeletable":true,"isOver":false,"isBidirectional":true,"eventLog":[{"time":1671021376283,"type":"create connection"}]},{"id":"f6626489-71c5-4f34-af4a-5f5f70a28ceb","source":"b68125d2-ecc7-4c32-a88d-2dabfe2929ff","target":"1ba8b2d2-7d8c-41c1-b0d7-26dade53ec98","agreement":true,"isActive":true,"date":1671021417934,"kind":"Connector","isSelected":false,"intensity":3,"isDeletable":true,"isOver":false,"isBidirectional":true,"eventLog":[{"time":1671021417934,"type":"create connection"}]}],"currentID":{},"currentNode":{},"hasSelectedNode":[false],"currentConnector":{},"hasSelectedConnector":[false],"readyToMove":[false],"isIncoming":[false],"hasElementMoved":[false]}
