{
  "lang": "ca",
  "name": "core_news_md",
  "version": "3.3.0",
  "description": "Catalan pipeline optimized for CPU. Components: tok2vec, morphologizer, parser, senter, ner, attribute_ruler, lemmatizer.",
  "author": "Explosion",
  "email": "contact@explosion.ai",
  "url": "https://explosion.ai",
  "license": "GNU GPL 3.0",
  "spacy_version": ">=3.3.0.dev0,<3.4.0",
  "spacy_git_version": "849bef2de",
  "vectors": {
    "width": 300,
    "vectors": 20000,
    "keys": 500000,
    "name": "ca_vectors"
  },
  "labels": {
    "tok2vec": [],
    "morphologizer": [
      "Definite=Def|Gender=Masc|Number=Sing|POS=DET|PronType=Art",
      "POS=PROPN",
      "POS=PUNCT|PunctSide=Ini|PunctType=Brck",
      "POS=PUNCT|PunctSide=Fin|PunctType=Brck",
      "Mood=Ind|Number=Sing|POS=AUX|Person=3|Tense=Pres|VerbForm=Fin",
      "Gender=Masc|Number=Sing|POS=VERB|Tense=Past|VerbForm=Part",
      "Definite=Def|Gender=Fem|Number=Sing|POS=DET|PronType=Art",
      "Gender=Fem|Number=Sing|POS=NOUN",
      "POS=ADP",
      "NumType=Card|Number=Plur|POS=NUM",
      "Gender=Masc|Number=Plur|POS=NOUN",
      "Number=Sing|POS=ADJ",
      "POS=CCONJ",
      "Gender=Fem|Number=Sing|POS=DET|PronType=Ind",
      "NumForm=Digit|NumType=Card|POS=NUM",
      "NumForm=Digit|POS=NOUN",
      "Gender=Masc|Number=Plur|POS=ADJ",
      "POS=PUNCT|PunctType=Comm",
      "POS=AUX|VerbForm=Inf",
      "Case=Acc,Dat|POS=PRON|Person=3|PrepCase=Npr|PronType=Prs|Reflex=Yes",
      "Definite=Def|Gender=Masc|Number=Plur|POS=DET|PronType=Art",
      "POS=PRON|PronType=Rel",
      "Mood=Ind|Number=Plur|POS=VERB|Person=3|Tense=Imp|VerbForm=Fin",
      "Gender=Fem|Number=Sing|POS=DET|PronType=Art",
      "Gender=Fem|Number=Sing|POS=DET|Person=3|Poss=Yes|PronType=Prs",
      "Definite=Def|Gender=Fem|Number=Plur|POS=DET|PronType=Art",
      "Gender=Fem|Number=Plur|POS=NOUN",
      "Gender=Fem|Number=Plur|POS=ADJ",
      "POS=VERB|VerbForm=Inf",
      "Case=Acc,Dat|Number=Plur|POS=PRON|Person=3|PronType=Prs",
      "Number=Plur|POS=ADJ",
      "POS=PUNCT|PunctType=Peri",
      "Number=Sing|POS=PRON|PronType=Rel",
      "Gender=Masc|Number=Sing|POS=NOUN",
      "Mood=Imp|Number=Sing|POS=VERB|Person=2|VerbForm=Fin",
      "Gender=Masc|Number=Plur|POS=ADJ|VerbForm=Part",
      "POS=SCONJ",
      "Mood=Ind|Number=Plur|POS=AUX|Person=3|Tense=Pres|VerbForm=Fin",
      "Gender=Masc|Number=Plur|POS=VERB|Tense=Past|VerbForm=Part",
      "Definite=Def|Number=Sing|POS=DET|PronType=Art",
      "Gender=Masc|Number=Sing|POS=DET|PronType=Ind",
      "Gender=Fem|Number=Plur|POS=ADJ|VerbForm=Part",
      "Gender=Masc|Number=Sing|POS=DET|PronType=Dem",
      "POS=VERB|VerbForm=Ger",
      "POS=NOUN",
      "Gender=Fem|NumType=Card|Number=Sing|POS=NUM",
      "Gender=Fem|Number=Sing|POS=ADJ|VerbForm=Part",
      "Gender=Fem|NumType=Ord|Number=Plur|POS=ADJ",
      "POS=SYM",
      "Gender=Masc|Number=Sing|POS=ADJ",
      "Gender=Masc|Number=Sing|POS=ADJ|VerbForm=Part",
      "Mood=Ind|Number=Sing|POS=VERB|Person=3|Tense=Pres|VerbForm=Fin",
      "Gender=Fem|Number=Sing|POS=DET|PronType=Dem",
      "POS=ADV|Polarity=Neg",
      "POS=ADV",
      "Number=Sing|POS=PRON|PronType=Dem",
      "Number=Sing|POS=NOUN",
      "Mood=Ind|Number=Plur|POS=VERB|Person=3|Tense=Pres|VerbForm=Fin",
      "Number=Plur|POS=NOUN",
      "Mood=Sub|Number=Plur|POS=VERB|Person=3|Tense=Imp|VerbForm=Fin",
      "Gender=Fem|Number=Sing|POS=ADJ",
      "Mood=Sub|Number=Sing|POS=VERB|Person=1|Tense=Pres|VerbForm=Fin",
      "Gender=Masc|Number=Sing|POS=PRON|PronType=Tot",
      "Case=Loc|POS=PRON|Person=3|PronType=Prs",
      "Gender=Fem|NumType=Ord|Number=Sing|POS=ADJ",
      "Degree=Cmp|POS=ADV",
      "Gender=Fem|Number=Plur|POS=DET|PronType=Art",
      "Gender=Fem|Number=Plur|POS=DET|Person=3|Poss=Yes|PronType=Prs",
      "Mood=Ind|Number=Sing|POS=VERB|Person=3|Tense=Fut|VerbForm=Fin",
      "Gender=Masc|NumType=Ord|Number=Sing|POS=ADJ",
      "Mood=Ind|Number=Sing|POS=AUX|Person=3|Tense=Fut|VerbForm=Fin",
      "NumType=Card|POS=NUM",
      "Mood=Ind|Number=Plur|POS=VERB|Person=3|Tense=Fut|VerbForm=Fin",
      "Number=Sing|POS=PRON|PronType=Ind",
      "Gender=Masc|Number=Sing|POS=DET|PronType=Art",
      "Number=Plur|POS=DET|PronType=Ind",
      "Mood=Sub|Number=Plur|POS=VERB|Person=3|Tense=Pres|VerbForm=Fin",
      "Gender=Masc|Number=Plur|POS=DET|PronType=Dem",
      "Mood=Ind|Number=Plur|POS=AUX|Person=3|Tense=Fut|VerbForm=Fin",
      "Gender=Masc|NumType=Card|Number=Sing|POS=NUM",
      "Mood=Sub|Number=Plur|POS=AUX|Person=3|Tense=Pres|VerbForm=Fin",
      "Case=Acc|Gender=Fem|Number=Sing|POS=PRON|Person=3|PronType=Prs",
      "Number=Sing|POS=DET|PronType=Ind",
      "POS=PUNCT",
      "Number=Sing|POS=DET|PronType=Rel",
      "Case=Gen|POS=PRON|Person=3|PronType=Prs",
      "Gender=Fem|NumType=Card|Number=Plur|POS=NUM",
      "Mood=Ind|Number=Plur|POS=VERB|Person=1|Tense=Pres|VerbForm=Fin",
      "POS=DET|PronType=Ind",
      "POS=AUX",
      "Case=Acc|Gender=Neut|Number=Sing|POS=PRON|Person=3|PronType=Prs",
      "Case=Acc,Dat|Number=Plur|POS=PRON|Person=1|PronType=Prs",
      "Degree=Cmp|Number=Sing|POS=ADJ",
      "Number=Sing|POS=VERB",
      "Gender=Masc|Number=Plur|POS=PRON|PronType=Ind",
      "Gender=Fem|Number=Plur|POS=DET|PronType=Dem",
      "Gender=Masc|Number=Plur|POS=DET|PronType=Art",
      "Gender=Masc|Number=Plur|POS=DET|Person=3|Poss=Yes|PronType=Prs",
      "Case=Acc|Gender=Fem,Masc|Number=Sing|POS=PRON|Person=3|PronType=Prs",
      "Gender=Fem|Number=Sing|POS=VERB|Tense=Past|VerbForm=Part",
      "Gender=Masc|Number=Sing|POS=PRON|PronType=Ind",
      "Gender=Fem|Number=Plur|POS=PRON|PronType=Ind",
      "Mood=Sub|Number=Sing|POS=VERB|Person=3|Tense=Pres|VerbForm=Fin",
      "Number=Plur|POS=PRON|PronType=Rel",
      "Gender=Masc|Number=Plur|POS=DET|PronType=Int",
      "Mood=Ind|Number=Plur|POS=AUX|Person=3|Tense=Imp|VerbForm=Fin",
      "AdvType=Tim|POS=NOUN",
      "Gender=Masc|Number=Plur|POS=DET|PronType=Ind",
      "Gender=Fem|Number=Plur|POS=DET|PronType=Ind",
      "Gender=Masc|Number=Sing|POS=DET|PronType=Int",
      "Mood=Cnd|Number=Sing|POS=AUX|Person=3|VerbForm=Fin",
      "Mood=Ind|Number=Sing|POS=VERB|Person=3|Tense=Imp|VerbForm=Fin",
      "Number=Sing|POS=DET|PronType=Art",
      "Gender=Masc|Number=Sing|POS=DET|Person=3|Poss=Yes|PronType=Prs",
      "Case=Acc|Gender=Masc|Number=Sing|POS=PRON|Person=3|PronType=Prs",
      "Gender=Masc|Number=Sing|POS=PRON|PronType=Int",
      "POS=PUNCT|PunctType=Semi",
      "Mood=Cnd|Number=Plur|POS=AUX|Person=3|VerbForm=Fin",
      "Case=Dat|Number=Sing|POS=PRON|Person=3|PronType=Prs",
      "Gender=Masc|NumType=Card|Number=Plur|POS=NUM",
      "Mood=Ind|Number=Sing|POS=AUX|Person=3|Tense=Imp|VerbForm=Fin",
      "Gender=Fem|Number=Sing|POS=PRON|PronType=Ind",
      "Mood=Sub|Number=Sing|POS=AUX|Person=3|Tense=Imp|VerbForm=Fin",
      "NumForm=Digit|POS=SYM",
      "Gender=Masc|Number=Sing|POS=AUX|Tense=Past|VerbForm=Part",
      "Gender=Fem|Number=Sing|POS=PRON|PronType=Int",
      "Gender=Fem|Number=Sing|POS=DET|PronType=Int",
      "POS=PRON|PronType=Int",
      "Gender=Fem|Number=Plur|POS=DET|PronType=Int",
      "Mood=Cnd|Number=Sing|POS=VERB|Person=3|VerbForm=Fin",
      "Mood=Cnd|Number=Plur|POS=VERB|Person=3|VerbForm=Fin",
      "POS=PART",
      "Gender=Fem|Number=Sing|POS=PRON|PronType=Dem",
      "Gender=Masc|Number=Sing|POS=DET|PronType=Tot",
      "Gender=Masc|Number=Plur|POS=PRON|PronType=Dem",
      "POS=ADJ",
      "Gender=Masc|Number=Plur|POS=PRON|Person=3|PronType=Prs",
      "Degree=Cmp|Number=Plur|POS=ADJ",
      "POS=PUNCT|PunctType=Dash",
      "Mood=Sub|Number=Sing|POS=AUX|Person=3|Tense=Pres|VerbForm=Fin",
      "Case=Acc|Gender=Fem|Number=Plur|POS=PRON|Person=3|PronType=Prs",
      "Mood=Sub|Number=Sing|POS=VERB|Person=3|Tense=Imp|VerbForm=Fin",
      "Gender=Fem|Number=Plur|POS=VERB|Tense=Past|VerbForm=Part",
      "Gender=Fem|Number=Sing|POS=PRON|Person=3|PronType=Prs",
      "Gender=Masc|POS=NOUN",
      "Mood=Ind|Number=Sing|POS=VERB|Person=3|Tense=Past|VerbForm=Fin",
      "Gender=Fem|Number=Plur|POS=PRON|PronType=Int",
      "Gender=Masc|NumType=Ord|Number=Plur|POS=ADJ",
      "Mood=Ind|Number=Plur|POS=AUX|Person=1|Tense=Fut|VerbForm=Fin",
      "POS=PUNCT|PunctType=Colo",
      "Gender=Masc|NumType=Card|POS=NUM",
      "Gender=Masc|Number=Sing|POS=PRON|Person=3|PronType=Prs",
      "Number=Sing|POS=PRON|PronType=Int",
      "POS=PUNCT|PunctType=Quot",
      "Mood=Imp|Number=Sing|POS=VERB|Person=3|VerbForm=Fin",
      "Gender=Fem|Number=Sing|Number[psor]=Plur|POS=DET|Person=1|Poss=Yes|PronType=Prs",
      "Gender=Masc|Number=Sing|Number[psor]=Plur|POS=DET|Person=1|Poss=Yes|PronType=Prs",
      "Mood=Ind|Number=Plur|POS=VERB|Person=1|Tense=Fut|VerbForm=Fin",
      "POS=AUX|VerbForm=Ger",
      "Gender=Fem|Number=Plur|POS=PRON|Person=3|PronType=Prs",
      "Mood=Imp|Number=Sing|POS=AUX|Person=3|VerbForm=Fin",
      "Number=Plur|POS=PRON|PronType=Ind",
      "Gender=Masc|Number=Sing|POS=PRON|PronType=Dem",
      "Case=Acc,Dat|Number=Sing|POS=PRON|Person=2|Polite=Infm|PrepCase=Npr|PronType=Prs",
      "Gender=Masc|Number=Plur|POS=PRON|PronType=Int",
      "Mood=Ind|Number=Plur|POS=AUX|Person=1|Tense=Pres|VerbForm=Fin",
      "NumForm=Digit|NumType=Frac|POS=NUM",
      "POS=VERB",
      "Gender=Fem|Number=Plur|POS=PRON|PronType=Dem",
      "Gender=Fem|POS=NOUN",
      "Case=Acc,Dat|Number=Sing|POS=PRON|Person=1|PrepCase=Npr|PronType=Prs",
      "Mood=Sub|Number=Plur|POS=VERB|Person=2|Tense=Pres|VerbForm=Fin",
      "Mood=Ind|Number=Plur|POS=AUX|Person=2|Tense=Fut|VerbForm=Fin",
      "Mood=Sub|Number=Plur|POS=AUX|Person=1|Tense=Pres|VerbForm=Fin",
      "Mood=Sub|Number=Plur|POS=AUX|Person=3|Tense=Imp|VerbForm=Fin",
      "Number=Plur|POS=PRON|Person=1|PronType=Prs",
      "Mood=Ind|Number=Sing|POS=VERB|Person=1|Tense=Pres|VerbForm=Fin",
      "Case=Nom|Number=Sing|POS=PRON|Person=2|Polite=Infm|PronType=Prs",
      "POS=X",
      "Mood=Cnd|Number=Plur|POS=AUX|Person=1|VerbForm=Fin",
      "Number=Sing|POS=DET|PronType=Dem",
      "POS=DET",
      "Mood=Ind|Number=Sing|POS=VERB|Person=1|Tense=Fut|VerbForm=Fin",
      "Mood=Ind|Number=Sing|POS=AUX|Person=1|Tense=Pres|VerbForm=Fin",
      "POS=DET|PronType=Art",
      "Gender=Masc|Number=Sing|POS=PRON|Person=3|Poss=Yes|PronType=Prs",
      "NumType=Ord|Number=Sing|POS=ADJ",
      "Gender=Fem|Number=Sing|POS=AUX|Tense=Past|VerbForm=Part",
      "Number=Plur|Number[psor]=Plur|POS=DET|Person=1|Poss=Yes|PronType=Prs",
      "Gender=Fem|Number=Plur|POS=AUX|Tense=Past|VerbForm=Part",
      "Gender=Masc|Number=Plur|POS=AUX|Tense=Past|VerbForm=Part",
      "Number=Plur|POS=PRON|PronType=Dem",
      "Mood=Imp|Number=Plur|POS=VERB|Person=1|VerbForm=Fin",
      "POS=PRON|PronType=Ind",
      "Mood=Ind|Number=Sing|POS=VERB|Person=2|Tense=Pres|VerbForm=Fin",
      "Mood=Imp|Number=Plur|POS=VERB|Person=3|VerbForm=Fin",
      "Case=Nom|Number=Sing|POS=PRON|Person=1|PronType=Prs",
      "Case=Acc|Number=Sing|POS=PRON|Person=1|PrepCase=Pre|PronType=Prs",
      "Mood=Ind|Number=Sing|POS=AUX|Person=2|Tense=Pres|VerbForm=Fin",
      "Mood=Ind|Number=Plur|POS=VERB|Person=1|Tense=Imp|VerbForm=Fin",
      "POS=PUNCT|PunctSide=Fin|PunctType=Qest",
      "NumForm=Digit|NumType=Ord|POS=ADJ",
      "Case=Acc|POS=PRON|Person=3|PrepCase=Pre|PronType=Prs|Reflex=Yes",
      "NumForm=Digit|NumType=Frac|POS=SYM",
      "Mood=Ind|Number=Plur|POS=VERB|Person=2|Tense=Pres|VerbForm=Fin",
      "Gender=Masc|Number=Sing|Number[psor]=Sing|POS=DET|Person=2|Poss=Yes|PronType=Prs",
      "Gender=Masc|Number=Plur|POS=PRON|Person=3|Poss=Yes|PronType=Prs",
      "Mood=Sub|Number=Plur|POS=VERB|Person=1|Tense=Pres|VerbForm=Fin",
      "POS=PUNCT|PunctSide=Ini|PunctType=Qest",
      "NumType=Card|Number=Sing|POS=NUM",
      "Foreign=Yes|POS=PRON|PronType=Int",
      "Foreign=Yes|Mood=Ind|POS=VERB|VerbForm=Fin",
      "Foreign=Yes|POS=ADP",
      "Gender=Masc|Number=Sing|POS=PROPN",
      "POS=PUNCT|PunctSide=Ini|PunctType=Excl",
      "POS=PUNCT|PunctSide=Fin|PunctType=Excl",
      "Mood=Cnd|Number=Sing|POS=AUX|Person=1|VerbForm=Fin",
      "Number=Plur|POS=PRON|Person=2|Polite=Form|PronType=Prs",
      "Mood=Sub|POS=AUX|Person=1|Tense=Imp|VerbForm=Fin",
      "POS=PUNCT|PunctSide=Ini|PunctType=Comm",
      "POS=PUNCT|PunctSide=Fin|PunctType=Comm",
      "Number=Plur|POS=PRON|Person=2|PronType=Prs",
      "Mood=Ind|Number=Plur|POS=AUX|Person=2|Tense=Pres|VerbForm=Fin",
      "Case=Acc,Dat|Number=Plur|POS=PRON|Person=2|PronType=Prs",
      "Mood=Cnd|Number=Sing|POS=VERB|Person=1|VerbForm=Fin",
      "Mood=Cnd|Number=Plur|POS=VERB|Person=1|VerbForm=Fin",
      "Mood=Ind|Number=Plur|POS=AUX|Person=1|Tense=Imp|VerbForm=Fin",
      "Gender=Masc|Number=Plur|Number[psor]=Sing|POS=DET|Person=1|Poss=Yes|PronType=Prs",
      "Definite=Ind|Gender=Masc|Number=Sing|POS=DET|PronType=Art",
      "Number=Sing|POS=PRON|Person=2|Polite=Form|PronType=Prs",
      "Gender=Masc|Number=Sing|Number[psor]=Sing|POS=DET|Person=1|Poss=Yes|PronType=Prs",
      "Mood=Ind|Number=Sing|POS=VERB|Person=1|Tense=Imp|VerbForm=Fin",
      "POS=VERB|Tense=Past|VerbForm=Part",
      "Mood=Imp|Number=Plur|POS=AUX|Person=3|VerbForm=Fin",
      "Case=Nom|POS=PRON|Person=3|PronType=Prs",
      "Mood=Ind|Number=Sing|POS=AUX|Person=3|Tense=Past|VerbForm=Fin",
      "Gender=Fem|Number=Sing|POS=PRON|Person=3|Poss=Yes|PronType=Prs",
      "Gender=Masc|Number=Sing|POS=PRON|PronType=Rel",
      "Definite=Ind|Number=Sing|POS=DET|PronType=Art",
      "Gender=Masc|Number=Sing|Number[psor]=Plur|POS=PRON|Person=1|Poss=Yes|PronType=Prs",
      "Number=Plur|Number[psor]=Plur|POS=PRON|Person=1|Poss=Yes|PronType=Prs",
      "POS=AUX|Tense=Past|VerbForm=Part",
      "Gender=Fem|NumType=Card|POS=NUM",
      "Mood=Ind|Number=Sing|POS=AUX|Person=1|Tense=Imp|VerbForm=Fin",
      "Mood=Sub|Number=Sing|POS=VERB|Person=1|Tense=Imp|VerbForm=Fin",
      "Gender=Fem|Number=Plur|POS=PRON|Person=3|Poss=Yes|PronType=Prs",
      "Mood=Ind|Number=Sing|POS=AUX|Person=1|Tense=Fut|VerbForm=Fin",
      "Mood=Ind|Number=Plur|POS=AUX|Person=3|Tense=Past|VerbForm=Fin",
      "AdvType=Tim|Degree=Cmp|POS=ADV",
      "Case=Acc|Number=Sing|POS=PRON|Person=2|Polite=Infm|PrepCase=Pre|PronType=Prs",
      "POS=DET|PronType=Rel",
      "Definite=Ind|Gender=Fem|Number=Plur|POS=DET|PronType=Art",
      "Mood=Ind|Number=Plur|POS=VERB|Person=2|Tense=Fut|VerbForm=Fin",
      "POS=INTJ",
      "Mood=Sub|Number=Sing|POS=AUX|Person=1|Tense=Pres|VerbForm=Fin",
      "POS=VERB|VerbForm=Fin",
      "Mood=Ind|Number=Plur|POS=VERB|Person=3|Tense=Past|VerbForm=Fin",
      "Definite=Ind|Gender=Fem|Number=Sing|POS=DET|PronType=Art",
      "Mood=Sub|Number=Plur|POS=AUX|Person=1|Tense=Imp|VerbForm=Fin",
      "Gender=Fem|Number=Sing|Number[psor]=Sing|POS=PRON|Person=3|Poss=Yes|PronType=Prs",
      "Mood=Sub|Number=Sing|POS=VERB|Person=2|Tense=Pres|VerbForm=Fin",
      "Case=Acc|POS=PRON|Person=3|PronType=Prs|Reflex=Yes",
      "Foreign=Yes|POS=NOUN",
      "Foreign=Yes|Mood=Ind|Number=Sing|POS=AUX|Person=3|Tense=Pres|VerbForm=Fin",
      "Foreign=Yes|Gender=Masc|Number=Sing|POS=PRON|Person=3|PronType=Prs",
      "Foreign=Yes|POS=SCONJ",
      "Foreign=Yes|Gender=Fem|Number=Sing|POS=DET|PronType=Art",
      "Gender=Masc|POS=SYM",
      "Gender=Fem|Number=Sing|Number[psor]=Sing|POS=DET|Person=2|Poss=Yes|PronType=Prs",
      "Number=Sing|POS=DET|Person=3|Poss=Yes|PronType=Prs",
      "Gender=Masc|Number=Plur|Number[psor]=Sing|POS=DET|Person=2|Poss=Yes|PronType=Prs",
      "Gender=Fem|Number=Sing|POS=PROPN",
      "Mood=Sub|Number=Plur|POS=VERB|Person=1|Tense=Imp|VerbForm=Fin",
      "Definite=Def|Foreign=Yes|Gender=Masc|Number=Sing|POS=DET|PronType=Art",
      "Foreign=Yes|POS=VERB",
      "Foreign=Yes|POS=ADJ",
      "Foreign=Yes|POS=DET",
      "Foreign=Yes|POS=ADV",
      "POS=PUNCT|PunctSide=Fin|Punta d'aignctType=Brck",
      "Degree=Cmp|POS=ADJ",
      "AdvType=Tim|POS=SYM",
      "Number=Plur|POS=DET|PronType=Dem",
      "Mood=Ind|Number=Sing|POS=VERB|Person=2|Tense=Fut|VerbForm=Fin"
    ],
    "parser": [
      "ROOT",
      "acl",
      "advcl",
      "advmod",
      "amod",
      "appos",
      "aux",
      "case",
      "cc",
      "ccomp",
      "compound",
      "conj",
      "cop",
      "csubj",
      "dep",
      "det",
      "expl:pass",
      "fixed",
      "flat",
      "iobj",
      "mark",
      "nmod",
      "nsubj",
      "nummod",
      "obj",
      "obl",
      "parataxis",
      "punct",
      "xcomp"
    ],
    "attribute_ruler": [],
    "lemmatizer": [],
    "ner": [
      "LOC",
      "MISC",
      "ORG",
      "PER"
    ]
  },
  "pipeline": [
    "tok2vec",
    "morphologizer",
    "parser",
    "attribute_ruler",
    "lemmatizer",
    "ner"
  ],
  "components": [
    "tok2vec",
    "morphologizer",
    "parser",
    "senter",
    "attribute_ruler",
    "lemmatizer",
    "ner"
  ],
  "disabled": [
    "senter"
  ],
  "performance": {
    "token_acc": 0.9996638134,
    "token_p": 0.9978112128,
    "token_r": 0.9979488063,
    "token_f": 0.9978800048,
    "pos_acc": 0.9842526476,
    "morph_acc": 0.9806823278,
    "morph_micro_p": 0.994716657,
    "morph_micro_r": 0.9893905528,
    "morph_micro_f": 0.9920464563,
    "morph_per_feat": {
      "Mood": {
        "p": 0.9920929083,
        "r": 0.9879429134,
        "f": 0.9900135618
      },
      "Number": {
        "p": 0.9977586581,
        "r": 0.990560959,
        "f": 0.9941467807
      },
      "Person": {
        "p": 0.9955595027,
        "r": 0.991158267,
        "f": 0.9933540097
      },
      "Tense": {
        "p": 0.9873870086,
        "r": 0.9849024953,
        "f": 0.9861431871
      },
      "VerbForm": {
        "p": 0.9914734879,
        "r": 0.9913414147,
        "f": 0.9914074469
      },
      "Gender": {
        "p": 0.9939249611,
        "r": 0.9848309737,
        "f": 0.9893570703
      },
      "NumType": {
        "p": 0.9713740458,
        "r": 0.959472196,
        "f": 0.9653864391
      },
      "Definite": {
        "p": 0.9923303835,
        "r": 0.9911608721,
        "f": 0.991745283
      },
      "PronType": {
        "p": 0.9958471057,
        "r": 0.9923986486,
        "f": 0.9941198866
      },
      "PunctType": {
        "p": 0.9998171846,
        "r": 0.9972647702,
        "f": 0.9985393464
      },
      "NumForm": {
        "p": 0.9791376912,
        "r": 0.9887640449,
        "f": 0.9839273235
      },
      "Polarity": {
        "p": 0.9934640523,
        "r": 0.9838187702,
        "f": 0.9886178862
      },
      "Case": {
        "p": 0.9966555184,
        "r": 0.9925062448,
        "f": 0.994576554
      },
      "PrepCase": {
        "p": 0.9986187845,
        "r": 0.9986187845,
        "f": 0.9986187845
      },
      "Reflex": {
        "p": 0.9986052999,
        "r": 0.9986052999,
        "f": 0.9986052999
      },
      "Degree": {
        "p": 1.0,
        "r": 0.9929328622,
        "f": 0.9964539007
      },
      "Poss": {
        "p": 1.0,
        "r": 0.9943019943,
        "f": 0.9971428571
      },
      "AdvType": {
        "p": 0.9603174603,
        "r": 0.8832116788,
        "f": 0.9201520913
      },
      "PunctSide": {
        "p": 0.9975786925,
        "r": 0.9951690821,
        "f": 0.9963724305
      },
      "Number[psor]": {
        "p": 1.0,
        "r": 1.0,
        "f": 1.0
      },
      "Polite": {
        "p": 1.0,
        "r": 1.0,
        "f": 1.0
      }
    },
    "sents_p": 0.9894613583,
    "sents_r": 0.9888823874,
    "sents_f": 0.9891717881,
    "dep_uas": 0.9174551449,
    "dep_las": 0.8877116424,
    "dep_las_per_type": {
      "nsubj": {
        "p": 0.8883561644,
        "r": 0.8935583879,
        "f": 0.8909496823
      },
      "flat": {
        "p": 0.8674181428,
        "r": 0.8830601093,
        "f": 0.8751692391
      },
      "case": {
        "p": 0.9691566265,
        "r": 0.9671756643,
        "f": 0.9681651321
      },
      "aux": {
        "p": 0.9610810811,
        "r": 0.9492792312,
        "f": 0.9551437013
      },
      "root": {
        "p": 0.9432084309,
        "r": 0.9426565243,
        "f": 0.9429323968
      },
      "nummod": {
        "p": 0.9185840708,
        "r": 0.9137323944,
        "f": 0.9161518094
      },
      "obj": {
        "p": 0.8473787359,
        "r": 0.8572490706,
        "f": 0.8522853271
      },
      "det": {
        "p": 0.9828270903,
        "r": 0.9831436547,
        "f": 0.982985347
      },
      "nmod": {
        "p": 0.8276909722,
        "r": 0.8168772756,
        "f": 0.8222485717
      },
      "amod": {
        "p": 0.9204718417,
        "r": 0.9128301887,
        "f": 0.916635089
      },
      "obl": {
        "p": 0.7197003085,
        "r": 0.7436247723,
        "f": 0.7314669653
      },
      "cc": {
        "p": 0.9208542714,
        "r": 0.9237555135,
        "f": 0.9223026109
      },
      "fixed": {
        "p": 0.9131313131,
        "r": 0.8986083499,
        "f": 0.9058116232
      },
      "conj": {
        "p": 0.6907097519,
        "r": 0.6855670103,
        "f": 0.6881287726
      },
      "advmod": {
        "p": 0.8633944412,
        "r": 0.8498253783,
        "f": 0.8565561748
      },
      "advcl": {
        "p": 0.6357947434,
        "r": 0.635,
        "f": 0.6353971232
      },
      "compound": {
        "p": 0.897338403,
        "r": 0.8519855596,
        "f": 0.8740740741
      },
      "mark": {
        "p": 0.8862837046,
        "r": 0.8847279111,
        "f": 0.8855051245
      },
      "cop": {
        "p": 0.8480492813,
        "r": 0.8939393939,
        "f": 0.8703898841
      },
      "ccomp": {
        "p": 0.7905405405,
        "r": 0.7852348993,
        "f": 0.7878787879
      },
      "acl": {
        "p": 0.7236227824,
        "r": 0.746628131,
        "f": 0.7349454718
      },
      "expl:pass": {
        "p": 0.7096774194,
        "r": 0.4782608696,
        "f": 0.5714285714
      },
      "appos": {
        "p": 0.7070967742,
        "r": 0.6972010178,
        "f": 0.7021140295
      },
      "xcomp": {
        "p": 0.811627907,
        "r": 0.8192488263,
        "f": 0.8154205607
      },
      "iobj": {
        "p": 0.7519379845,
        "r": 0.5187165775,
        "f": 0.6139240506
      },
      "dep": {
        "p": 0.0,
        "r": 0.0,
        "f": 0.0
      },
      "csubj": {
        "p": 0.7244897959,
        "r": 0.6698113208,
        "f": 0.6960784314
      },
      "parataxis": {
        "p": 0.7380952381,
        "r": 0.4558823529,
        "f": 0.5636363636
      },
      "nsubj:pass": {
        "p": 0.0,
        "r": 0.0,
        "f": 0.0
      },
      "orphan": {
        "p": 0.0,
        "r": 0.0,
        "f": 0.0
      }
    },
    "tag_acc": 0.9842526476,
    "lemma_acc": 0.9752144489,
    "ents_p": 0.8454515813,
    "ents_r": 0.8388870916,
    "ents_f": 0.8421565443,
    "ents_per_type": {
      "ORG": {
        "p": 0.8627087199,
        "r": 0.8385933273,
        "f": 0.8504801097
      },
      "LOC": {
        "p": 0.8650107991,
        "r": 0.8594420601,
        "f": 0.8622174381
      },
      "MISC": {
        "p": 0.7080924855,
        "r": 0.6396866841,
        "f": 0.6721536351
      },
      "PER": {
        "p": 0.8605299861,
        "r": 0.9250374813,
        "f": 0.8916184971
      }
    },
    "speed": 6045.204262137
  },
  "sources": [
    {
      "name": "UD Catalan AnCora v2.8",
      "url": "https://github.com/UniversalDependencies/UD_Catalan-AnCora",
      "license": "GNU GPL 3.0",
      "author": "Mart\u00ednez Alonso, H\u00e9ctor; Pascual, Elena; Zeman, Daniel"
    },
    {
      "name": "UD Catalan AnCora v2.8 + NER v3.2.8",
      "url": "https://github.com/TeMU-BSC/spacy/releases/tag/3.2.8",
      "license": "CC BY 4.0",
      "author": "Carlos Rodr\u00edguez-Penagos and Carme Armentano-Oller"
    },
    {
      "name": "Catalan Lemmatizer",
      "url": "https://github.com/explosion/spacy-lookups-data",
      "license": "CC0",
      "author": "Text Mining Unit, Barcelona Supercomputing Center"
    },
    {
      "name": "Catalan Word Embeddings in FastText (Version 1.0)",
      "url": "http://doi.org/10.5281/zenodo.4522041",
      "license": "CC BY 4.0",
      "author": "Guti\u00e9rrez-Fandi\u00f1o, Asier, Armengol-Estap\u00e9, Jordi, Gonzalez-Agirre, Aitor, Carrino, Casimiro Pio, de Gibert, Ona, & Villegas, Marta"
    }
  ],
  "requirements": [],
  "size": "46 MB",
  "checksum": "76fad9699c20d72f8a689d747a4b5c13761ca8867f394daf9db574f228b28829",
  "checksum_whl": "231626edd89e3e98e201d108d499c62d17b79ffcff3c9f3ee437d290bb856200"
}
