{
  "lang": "ca",
  "name": "core_news_md",
  "version": "3.2.0",
  "description": "Catalan pipeline optimized for CPU. Components: tok2vec, morphologizer, parser, senter, ner, attribute_ruler, lemmatizer.",
  "author": "Explosion",
  "email": "contact@explosion.ai",
  "url": "https://explosion.ai",
  "license": "GNU GPL 3.0",
  "spacy_version": ">=3.2.0,<3.3.0",
  "spacy_git_version": "bb26550e2",
  "vectors": {
    "width": 300,
    "vectors": 20000,
    "keys": 500000,
    "name": "ca_vectors"
  },
  "labels": {
    "tok2vec": [],
    "morphologizer": [
      "Definite=Def|Gender=Masc|Number=Sing|POS=DET|PronType=Art",
      "POS=PROPN",
      "POS=PUNCT|PunctSide=Ini|PunctType=Brck",
      "POS=PUNCT|PunctSide=Fin|PunctType=Brck",
      "Mood=Ind|Number=Sing|POS=AUX|Person=3|Tense=Pres|VerbForm=Fin",
      "Gender=Masc|Number=Sing|POS=VERB|Tense=Past|VerbForm=Part",
      "Definite=Def|Gender=Fem|Number=Sing|POS=DET|PronType=Art",
      "Gender=Fem|Number=Sing|POS=NOUN",
      "POS=ADP",
      "NumType=Card|Number=Plur|POS=NUM",
      "Gender=Masc|Number=Plur|POS=NOUN",
      "Number=Sing|POS=ADJ",
      "POS=CCONJ",
      "Gender=Fem|Number=Sing|POS=DET|PronType=Ind",
      "NumForm=Digit|NumType=Card|POS=NUM",
      "NumForm=Digit|POS=NOUN",
      "Gender=Masc|Number=Plur|POS=ADJ",
      "POS=PUNCT|PunctType=Comm",
      "POS=AUX|VerbForm=Inf",
      "Case=Acc,Dat|POS=PRON|Person=3|PrepCase=Npr|PronType=Prs|Reflex=Yes",
      "Definite=Def|Gender=Masc|Number=Plur|POS=DET|PronType=Art",
      "POS=PRON|PronType=Rel",
      "Mood=Ind|Number=Plur|POS=VERB|Person=3|Tense=Imp|VerbForm=Fin",
      "Gender=Fem|Number=Sing|POS=DET|PronType=Art",
      "Gender=Fem|Number=Sing|POS=DET|Person=3|Poss=Yes|PronType=Prs",
      "Definite=Def|Gender=Fem|Number=Plur|POS=DET|PronType=Art",
      "Gender=Fem|Number=Plur|POS=NOUN",
      "Gender=Fem|Number=Plur|POS=ADJ",
      "POS=VERB|VerbForm=Inf",
      "Case=Acc,Dat|Number=Plur|POS=PRON|Person=3|PronType=Prs",
      "Number=Plur|POS=ADJ",
      "POS=PUNCT|PunctType=Peri",
      "Number=Sing|POS=PRON|PronType=Rel",
      "Gender=Masc|Number=Sing|POS=NOUN",
      "Mood=Imp|Number=Sing|POS=VERB|Person=2|VerbForm=Fin",
      "Gender=Masc|Number=Plur|POS=ADJ|VerbForm=Part",
      "POS=SCONJ",
      "Mood=Ind|Number=Plur|POS=AUX|Person=3|Tense=Pres|VerbForm=Fin",
      "Gender=Masc|Number=Plur|POS=VERB|Tense=Past|VerbForm=Part",
      "Definite=Def|Number=Sing|POS=DET|PronType=Art",
      "Gender=Masc|Number=Sing|POS=DET|PronType=Ind",
      "Gender=Fem|Number=Plur|POS=ADJ|VerbForm=Part",
      "Gender=Masc|Number=Sing|POS=DET|PronType=Dem",
      "POS=VERB|VerbForm=Ger",
      "POS=NOUN",
      "Gender=Fem|NumType=Card|Number=Sing|POS=NUM",
      "Gender=Fem|Number=Sing|POS=ADJ|VerbForm=Part",
      "Gender=Fem|NumType=Ord|Number=Plur|POS=ADJ",
      "POS=SYM",
      "Gender=Masc|Number=Sing|POS=ADJ",
      "Gender=Masc|Number=Sing|POS=ADJ|VerbForm=Part",
      "Mood=Ind|Number=Sing|POS=VERB|Person=3|Tense=Pres|VerbForm=Fin",
      "Gender=Fem|Number=Sing|POS=DET|PronType=Dem",
      "POS=ADV|Polarity=Neg",
      "POS=ADV",
      "Number=Sing|POS=PRON|PronType=Dem",
      "Number=Sing|POS=NOUN",
      "Mood=Ind|Number=Plur|POS=VERB|Person=3|Tense=Pres|VerbForm=Fin",
      "Number=Plur|POS=NOUN",
      "Mood=Sub|Number=Plur|POS=VERB|Person=3|Tense=Imp|VerbForm=Fin",
      "Gender=Fem|Number=Sing|POS=ADJ",
      "Mood=Sub|Number=Sing|POS=VERB|Person=1|Tense=Pres|VerbForm=Fin",
      "Gender=Masc|Number=Sing|POS=PRON|PronType=Tot",
      "Case=Loc|POS=PRON|Person=3|PronType=Prs",
      "Gender=Fem|NumType=Ord|Number=Sing|POS=ADJ",
      "Degree=Cmp|POS=ADV",
      "Gender=Fem|Number=Plur|POS=DET|PronType=Art",
      "Gender=Fem|Number=Plur|POS=DET|Person=3|Poss=Yes|PronType=Prs",
      "Mood=Ind|Number=Sing|POS=VERB|Person=3|Tense=Fut|VerbForm=Fin",
      "Gender=Masc|NumType=Ord|Number=Sing|POS=ADJ",
      "Mood=Ind|Number=Sing|POS=AUX|Person=3|Tense=Fut|VerbForm=Fin",
      "NumType=Card|POS=NUM",
      "Mood=Ind|Number=Plur|POS=VERB|Person=3|Tense=Fut|VerbForm=Fin",
      "Number=Sing|POS=PRON|PronType=Ind",
      "Gender=Masc|Number=Sing|POS=DET|PronType=Art",
      "Number=Plur|POS=DET|PronType=Ind",
      "Mood=Sub|Number=Plur|POS=VERB|Person=3|Tense=Pres|VerbForm=Fin",
      "Gender=Masc|Number=Plur|POS=DET|PronType=Dem",
      "Mood=Ind|Number=Plur|POS=AUX|Person=3|Tense=Fut|VerbForm=Fin",
      "Gender=Masc|NumType=Card|Number=Sing|POS=NUM",
      "Mood=Sub|Number=Plur|POS=AUX|Person=3|Tense=Pres|VerbForm=Fin",
      "Case=Acc|Gender=Fem|Number=Sing|POS=PRON|Person=3|PronType=Prs",
      "Number=Sing|POS=DET|PronType=Ind",
      "POS=PUNCT",
      "Number=Sing|POS=DET|PronType=Rel",
      "Case=Gen|POS=PRON|Person=3|PronType=Prs",
      "Gender=Fem|NumType=Card|Number=Plur|POS=NUM",
      "Mood=Ind|Number=Plur|POS=VERB|Person=1|Tense=Pres|VerbForm=Fin",
      "POS=DET|PronType=Ind",
      "POS=AUX",
      "Case=Acc|Gender=Neut|Number=Sing|POS=PRON|Person=3|PronType=Prs",
      "Case=Acc,Dat|Number=Plur|POS=PRON|Person=1|PronType=Prs",
      "Degree=Cmp|Number=Sing|POS=ADJ",
      "Number=Sing|POS=VERB",
      "Gender=Masc|Number=Plur|POS=PRON|PronType=Ind",
      "Gender=Fem|Number=Plur|POS=DET|PronType=Dem",
      "Gender=Masc|Number=Plur|POS=DET|PronType=Art",
      "Gender=Masc|Number=Plur|POS=DET|Person=3|Poss=Yes|PronType=Prs",
      "Case=Acc|Gender=Fem,Masc|Number=Sing|POS=PRON|Person=3|PronType=Prs",
      "Gender=Fem|Number=Sing|POS=VERB|Tense=Past|VerbForm=Part",
      "Gender=Masc|Number=Sing|POS=PRON|PronType=Ind",
      "Gender=Fem|Number=Plur|POS=PRON|PronType=Ind",
      "Mood=Sub|Number=Sing|POS=VERB|Person=3|Tense=Pres|VerbForm=Fin",
      "Number=Plur|POS=PRON|PronType=Rel",
      "Gender=Masc|Number=Plur|POS=DET|PronType=Int",
      "Mood=Ind|Number=Plur|POS=AUX|Person=3|Tense=Imp|VerbForm=Fin",
      "AdvType=Tim|POS=NOUN",
      "Gender=Masc|Number=Plur|POS=DET|PronType=Ind",
      "Gender=Fem|Number=Plur|POS=DET|PronType=Ind",
      "Gender=Masc|Number=Sing|POS=DET|PronType=Int",
      "Mood=Cnd|Number=Sing|POS=AUX|Person=3|VerbForm=Fin",
      "Mood=Ind|Number=Sing|POS=VERB|Person=3|Tense=Imp|VerbForm=Fin",
      "Number=Sing|POS=DET|PronType=Art",
      "Gender=Masc|Number=Sing|POS=DET|Person=3|Poss=Yes|PronType=Prs",
      "Case=Acc|Gender=Masc|Number=Sing|POS=PRON|Person=3|PronType=Prs",
      "Gender=Masc|Number=Sing|POS=PRON|PronType=Int",
      "POS=PUNCT|PunctType=Semi",
      "Mood=Cnd|Number=Plur|POS=AUX|Person=3|VerbForm=Fin",
      "Case=Dat|Number=Sing|POS=PRON|Person=3|PronType=Prs",
      "Gender=Masc|NumType=Card|Number=Plur|POS=NUM",
      "Mood=Ind|Number=Sing|POS=AUX|Person=3|Tense=Imp|VerbForm=Fin",
      "Gender=Fem|Number=Sing|POS=PRON|PronType=Ind",
      "Mood=Sub|Number=Sing|POS=AUX|Person=3|Tense=Imp|VerbForm=Fin",
      "NumForm=Digit|POS=SYM",
      "Gender=Masc|Number=Sing|POS=AUX|Tense=Past|VerbForm=Part",
      "Gender=Fem|Number=Sing|POS=PRON|PronType=Int",
      "Gender=Fem|Number=Sing|POS=DET|PronType=Int",
      "POS=PRON|PronType=Int",
      "Gender=Fem|Number=Plur|POS=DET|PronType=Int",
      "Mood=Cnd|Number=Sing|POS=VERB|Person=3|VerbForm=Fin",
      "Mood=Cnd|Number=Plur|POS=VERB|Person=3|VerbForm=Fin",
      "POS=PART",
      "Gender=Fem|Number=Sing|POS=PRON|PronType=Dem",
      "Gender=Masc|Number=Sing|POS=DET|PronType=Tot",
      "Gender=Masc|Number=Plur|POS=PRON|PronType=Dem",
      "POS=ADJ",
      "Gender=Masc|Number=Plur|POS=PRON|Person=3|PronType=Prs",
      "Degree=Cmp|Number=Plur|POS=ADJ",
      "POS=PUNCT|PunctType=Dash",
      "Mood=Sub|Number=Sing|POS=AUX|Person=3|Tense=Pres|VerbForm=Fin",
      "Case=Acc|Gender=Fem|Number=Plur|POS=PRON|Person=3|PronType=Prs",
      "Mood=Sub|Number=Sing|POS=VERB|Person=3|Tense=Imp|VerbForm=Fin",
      "Gender=Fem|Number=Plur|POS=VERB|Tense=Past|VerbForm=Part",
      "Gender=Fem|Number=Sing|POS=PRON|Person=3|PronType=Prs",
      "Gender=Masc|POS=NOUN",
      "Mood=Ind|Number=Sing|POS=VERB|Person=3|Tense=Past|VerbForm=Fin",
      "Gender=Fem|Number=Plur|POS=PRON|PronType=Int",
      "Gender=Masc|NumType=Ord|Number=Plur|POS=ADJ",
      "Mood=Ind|Number=Plur|POS=AUX|Person=1|Tense=Fut|VerbForm=Fin",
      "POS=PUNCT|PunctType=Colo",
      "Gender=Masc|NumType=Card|POS=NUM",
      "Gender=Masc|Number=Sing|POS=PRON|Person=3|PronType=Prs",
      "Number=Sing|POS=PRON|PronType=Int",
      "POS=PUNCT|PunctType=Quot",
      "Mood=Imp|Number=Sing|POS=VERB|Person=3|VerbForm=Fin",
      "Gender=Fem|Number=Sing|Number[psor]=Plur|POS=DET|Person=1|Poss=Yes|PronType=Prs",
      "Gender=Masc|Number=Sing|Number[psor]=Plur|POS=DET|Person=1|Poss=Yes|PronType=Prs",
      "Mood=Ind|Number=Plur|POS=VERB|Person=1|Tense=Fut|VerbForm=Fin",
      "POS=AUX|VerbForm=Ger",
      "Gender=Fem|Number=Plur|POS=PRON|Person=3|PronType=Prs",
      "Mood=Imp|Number=Sing|POS=AUX|Person=3|VerbForm=Fin",
      "Number=Plur|POS=PRON|PronType=Ind",
      "Gender=Masc|Number=Sing|POS=PRON|PronType=Dem",
      "Case=Acc,Dat|Number=Sing|POS=PRON|Person=2|Polite=Infm|PrepCase=Npr|PronType=Prs",
      "Gender=Masc|Number=Plur|POS=PRON|PronType=Int",
      "Mood=Ind|Number=Plur|POS=AUX|Person=1|Tense=Pres|VerbForm=Fin",
      "NumForm=Digit|NumType=Frac|POS=NUM",
      "POS=VERB",
      "Gender=Fem|Number=Plur|POS=PRON|PronType=Dem",
      "Gender=Fem|POS=NOUN",
      "Case=Acc,Dat|Number=Sing|POS=PRON|Person=1|PrepCase=Npr|PronType=Prs",
      "Mood=Sub|Number=Plur|POS=VERB|Person=2|Tense=Pres|VerbForm=Fin",
      "Mood=Ind|Number=Plur|POS=AUX|Person=2|Tense=Fut|VerbForm=Fin",
      "Mood=Sub|Number=Plur|POS=AUX|Person=1|Tense=Pres|VerbForm=Fin",
      "Mood=Sub|Number=Plur|POS=AUX|Person=3|Tense=Imp|VerbForm=Fin",
      "Number=Plur|POS=PRON|Person=1|PronType=Prs",
      "Mood=Ind|Number=Sing|POS=VERB|Person=1|Tense=Pres|VerbForm=Fin",
      "Case=Nom|Number=Sing|POS=PRON|Person=2|Polite=Infm|PronType=Prs",
      "POS=X",
      "Mood=Cnd|Number=Plur|POS=AUX|Person=1|VerbForm=Fin",
      "Number=Sing|POS=DET|PronType=Dem",
      "POS=DET",
      "Mood=Ind|Number=Sing|POS=VERB|Person=1|Tense=Fut|VerbForm=Fin",
      "Mood=Ind|Number=Sing|POS=AUX|Person=1|Tense=Pres|VerbForm=Fin",
      "POS=DET|PronType=Art",
      "Gender=Masc|Number=Sing|POS=PRON|Person=3|Poss=Yes|PronType=Prs",
      "NumType=Ord|Number=Sing|POS=ADJ",
      "Gender=Fem|Number=Sing|POS=AUX|Tense=Past|VerbForm=Part",
      "Number=Plur|Number[psor]=Plur|POS=DET|Person=1|Poss=Yes|PronType=Prs",
      "Gender=Fem|Number=Plur|POS=AUX|Tense=Past|VerbForm=Part",
      "Gender=Masc|Number=Plur|POS=AUX|Tense=Past|VerbForm=Part",
      "Number=Plur|POS=PRON|PronType=Dem",
      "Mood=Imp|Number=Plur|POS=VERB|Person=1|VerbForm=Fin",
      "POS=PRON|PronType=Ind",
      "Mood=Ind|Number=Sing|POS=VERB|Person=2|Tense=Pres|VerbForm=Fin",
      "Mood=Imp|Number=Plur|POS=VERB|Person=3|VerbForm=Fin",
      "Case=Nom|Number=Sing|POS=PRON|Person=1|PronType=Prs",
      "Case=Acc|Number=Sing|POS=PRON|Person=1|PrepCase=Pre|PronType=Prs",
      "Mood=Ind|Number=Sing|POS=AUX|Person=2|Tense=Pres|VerbForm=Fin",
      "Mood=Ind|Number=Plur|POS=VERB|Person=1|Tense=Imp|VerbForm=Fin",
      "POS=PUNCT|PunctSide=Fin|PunctType=Qest",
      "NumForm=Digit|NumType=Ord|POS=ADJ",
      "Case=Acc|POS=PRON|Person=3|PrepCase=Pre|PronType=Prs|Reflex=Yes",
      "NumForm=Digit|NumType=Frac|POS=SYM",
      "Mood=Ind|Number=Plur|POS=VERB|Person=2|Tense=Pres|VerbForm=Fin",
      "Gender=Masc|Number=Sing|Number[psor]=Sing|POS=DET|Person=2|Poss=Yes|PronType=Prs",
      "Gender=Masc|Number=Plur|POS=PRON|Person=3|Poss=Yes|PronType=Prs",
      "Mood=Sub|Number=Plur|POS=VERB|Person=1|Tense=Pres|VerbForm=Fin",
      "POS=PUNCT|PunctSide=Ini|PunctType=Qest",
      "NumType=Card|Number=Sing|POS=NUM",
      "Foreign=Yes|POS=PRON|PronType=Int",
      "Foreign=Yes|Mood=Ind|POS=VERB|VerbForm=Fin",
      "Foreign=Yes|POS=ADP",
      "Gender=Masc|Number=Sing|POS=PROPN",
      "POS=PUNCT|PunctSide=Ini|PunctType=Excl",
      "POS=PUNCT|PunctSide=Fin|PunctType=Excl",
      "Mood=Cnd|Number=Sing|POS=AUX|Person=1|VerbForm=Fin",
      "Number=Plur|POS=PRON|Person=2|Polite=Form|PronType=Prs",
      "Mood=Sub|POS=AUX|Person=1|Tense=Imp|VerbForm=Fin",
      "POS=PUNCT|PunctSide=Ini|PunctType=Comm",
      "POS=PUNCT|PunctSide=Fin|PunctType=Comm",
      "Number=Plur|POS=PRON|Person=2|PronType=Prs",
      "Mood=Ind|Number=Plur|POS=AUX|Person=2|Tense=Pres|VerbForm=Fin",
      "Case=Acc,Dat|Number=Plur|POS=PRON|Person=2|PronType=Prs",
      "Mood=Cnd|Number=Sing|POS=VERB|Person=1|VerbForm=Fin",
      "Mood=Cnd|Number=Plur|POS=VERB|Person=1|VerbForm=Fin",
      "Mood=Ind|Number=Plur|POS=AUX|Person=1|Tense=Imp|VerbForm=Fin",
      "Gender=Masc|Number=Plur|Number[psor]=Sing|POS=DET|Person=1|Poss=Yes|PronType=Prs",
      "Definite=Ind|Gender=Masc|Number=Sing|POS=DET|PronType=Art",
      "Number=Sing|POS=PRON|Person=2|Polite=Form|PronType=Prs",
      "Gender=Masc|Number=Sing|Number[psor]=Sing|POS=DET|Person=1|Poss=Yes|PronType=Prs",
      "Mood=Ind|Number=Sing|POS=VERB|Person=1|Tense=Imp|VerbForm=Fin",
      "POS=VERB|Tense=Past|VerbForm=Part",
      "Mood=Imp|Number=Plur|POS=AUX|Person=3|VerbForm=Fin",
      "Case=Nom|POS=PRON|Person=3|PronType=Prs",
      "Mood=Ind|Number=Sing|POS=AUX|Person=3|Tense=Past|VerbForm=Fin",
      "Gender=Fem|Number=Sing|POS=PRON|Person=3|Poss=Yes|PronType=Prs",
      "Gender=Masc|Number=Sing|POS=PRON|PronType=Rel",
      "Definite=Ind|Number=Sing|POS=DET|PronType=Art",
      "Gender=Masc|Number=Sing|Number[psor]=Plur|POS=PRON|Person=1|Poss=Yes|PronType=Prs",
      "Number=Plur|Number[psor]=Plur|POS=PRON|Person=1|Poss=Yes|PronType=Prs",
      "POS=AUX|Tense=Past|VerbForm=Part",
      "Gender=Fem|NumType=Card|POS=NUM",
      "Mood=Ind|Number=Sing|POS=AUX|Person=1|Tense=Imp|VerbForm=Fin",
      "Mood=Sub|Number=Sing|POS=VERB|Person=1|Tense=Imp|VerbForm=Fin",
      "Gender=Fem|Number=Plur|POS=PRON|Person=3|Poss=Yes|PronType=Prs",
      "Mood=Ind|Number=Sing|POS=AUX|Person=1|Tense=Fut|VerbForm=Fin",
      "Mood=Ind|Number=Plur|POS=AUX|Person=3|Tense=Past|VerbForm=Fin",
      "AdvType=Tim|Degree=Cmp|POS=ADV",
      "Case=Acc|Number=Sing|POS=PRON|Person=2|Polite=Infm|PrepCase=Pre|PronType=Prs",
      "POS=DET|PronType=Rel",
      "Definite=Ind|Gender=Fem|Number=Plur|POS=DET|PronType=Art",
      "Mood=Ind|Number=Plur|POS=VERB|Person=2|Tense=Fut|VerbForm=Fin",
      "POS=INTJ",
      "Mood=Sub|Number=Sing|POS=AUX|Person=1|Tense=Pres|VerbForm=Fin",
      "POS=VERB|VerbForm=Fin",
      "Mood=Ind|Number=Plur|POS=VERB|Person=3|Tense=Past|VerbForm=Fin",
      "Definite=Ind|Gender=Fem|Number=Sing|POS=DET|PronType=Art",
      "Mood=Sub|Number=Plur|POS=AUX|Person=1|Tense=Imp|VerbForm=Fin",
      "Gender=Fem|Number=Sing|Number[psor]=Sing|POS=PRON|Person=3|Poss=Yes|PronType=Prs",
      "Mood=Sub|Number=Sing|POS=VERB|Person=2|Tense=Pres|VerbForm=Fin",
      "Case=Acc|POS=PRON|Person=3|PronType=Prs|Reflex=Yes",
      "Foreign=Yes|POS=NOUN",
      "Foreign=Yes|Mood=Ind|Number=Sing|POS=AUX|Person=3|Tense=Pres|VerbForm=Fin",
      "Foreign=Yes|Gender=Masc|Number=Sing|POS=PRON|Person=3|PronType=Prs",
      "Foreign=Yes|POS=SCONJ",
      "Foreign=Yes|Gender=Fem|Number=Sing|POS=DET|PronType=Art",
      "Gender=Masc|POS=SYM",
      "Gender=Fem|Number=Sing|Number[psor]=Sing|POS=DET|Person=2|Poss=Yes|PronType=Prs",
      "Number=Sing|POS=DET|Person=3|Poss=Yes|PronType=Prs",
      "Gender=Masc|Number=Plur|Number[psor]=Sing|POS=DET|Person=2|Poss=Yes|PronType=Prs",
      "Gender=Fem|Number=Sing|POS=PROPN",
      "Mood=Sub|Number=Plur|POS=VERB|Person=1|Tense=Imp|VerbForm=Fin",
      "Definite=Def|Foreign=Yes|Gender=Masc|Number=Sing|POS=DET|PronType=Art",
      "Foreign=Yes|POS=VERB",
      "Foreign=Yes|POS=ADJ",
      "Foreign=Yes|POS=DET",
      "Foreign=Yes|POS=ADV",
      "POS=PUNCT|PunctSide=Fin|Punta d'aignctType=Brck",
      "Degree=Cmp|POS=ADJ",
      "AdvType=Tim|POS=SYM",
      "Number=Plur|POS=DET|PronType=Dem",
      "Mood=Ind|Number=Sing|POS=VERB|Person=2|Tense=Fut|VerbForm=Fin"
    ],
    "parser": [
      "ROOT",
      "acl",
      "advcl",
      "advmod",
      "amod",
      "appos",
      "aux",
      "case",
      "cc",
      "ccomp",
      "compound",
      "conj",
      "cop",
      "csubj",
      "dep",
      "det",
      "expl:pass",
      "fixed",
      "flat",
      "iobj",
      "mark",
      "nmod",
      "nsubj",
      "nummod",
      "obj",
      "obl",
      "parataxis",
      "punct",
      "xcomp"
    ],
    "senter": [
      "I",
      "S"
    ],
    "attribute_ruler": [],
    "lemmatizer": [],
    "ner": [
      "LOC",
      "MISC",
      "ORG",
      "PER"
    ]
  },
  "pipeline": [
    "tok2vec",
    "morphologizer",
    "parser",
    "attribute_ruler",
    "lemmatizer",
    "ner"
  ],
  "components": [
    "tok2vec",
    "morphologizer",
    "parser",
    "senter",
    "attribute_ruler",
    "lemmatizer",
    "ner"
  ],
  "disabled": [
    "senter"
  ],
  "performance": {
    "token_acc": 0.9996638134,
    "token_p": 0.9978112128,
    "token_r": 0.9979488063,
    "token_f": 0.9978800048,
    "pos_acc": 0.9839336996,
    "morph_acc": 0.9800786505,
    "morph_micro_p": 0.9946844119,
    "morph_micro_r": 0.9889335916,
    "morph_micro_f": 0.9918006655,
    "morph_per_feat": {
      "Mood": {
        "p": 0.9933250927,
        "r": 0.9886811024,
        "f": 0.9909976569
      },
      "Number": {
        "p": 0.9977591441,
        "r": 0.9907762983,
        "f": 0.9942554609
      },
      "Person": {
        "p": 0.9957333333,
        "r": 0.9904509284,
        "f": 0.9930851064
      },
      "Tense": {
        "p": 0.9884186144,
        "r": 0.9842734326,
        "f": 0.9863416684
      },
      "VerbForm": {
        "p": 0.9921291355,
        "r": 0.9906753697,
        "f": 0.9914017197
      },
      "Gender": {
        "p": 0.993537729,
        "r": 0.9846865068,
        "f": 0.9890923163
      },
      "NumType": {
        "p": 0.969348659,
        "r": 0.9538171536,
        "f": 0.96152019
      },
      "Definite": {
        "p": 0.9929078014,
        "r": 0.9899823217,
        "f": 0.9914429035
      },
      "PronType": {
        "p": 0.9950805768,
        "r": 0.9908783784,
        "f": 0.9929750317
      },
      "PunctType": {
        "p": 0.9994516542,
        "r": 0.9970824216,
        "f": 0.9982656321
      },
      "NumForm": {
        "p": 0.9817158931,
        "r": 0.9803370787,
        "f": 0.9810260014
      },
      "Polarity": {
        "p": 1.0,
        "r": 0.9870550162,
        "f": 0.993485342
      },
      "Case": {
        "p": 0.9949790795,
        "r": 0.9900083264,
        "f": 0.9924874791
      },
      "PrepCase": {
        "p": 0.9972375691,
        "r": 0.9972375691,
        "f": 0.9972375691
      },
      "Reflex": {
        "p": 0.998603352,
        "r": 0.9972105997,
        "f": 0.9979064899
      },
      "Degree": {
        "p": 1.0,
        "r": 0.9964664311,
        "f": 0.9982300885
      },
      "Poss": {
        "p": 1.0,
        "r": 0.9886039886,
        "f": 0.994269341
      },
      "AdvType": {
        "p": 0.9402985075,
        "r": 0.9197080292,
        "f": 0.9298892989
      },
      "PunctSide": {
        "p": 0.9975786925,
        "r": 0.9951690821,
        "f": 0.9963724305
      },
      "Number[psor]": {
        "p": 1.0,
        "r": 1.0,
        "f": 1.0
      },
      "Polite": {
        "p": 1.0,
        "r": 0.75,
        "f": 0.8571428571
      }
    },
    "sents_p": 0.9912126538,
    "sents_r": 0.9900526624,
    "sents_f": 0.9906323185,
    "dep_uas": 0.9175138874,
    "dep_las": 0.8876269604,
    "dep_las_per_type": {
      "nsubj": {
        "p": 0.8927203065,
        "r": 0.8828797795,
        "f": 0.8877727745
      },
      "flat": {
        "p": 0.8611702128,
        "r": 0.8846994536,
        "f": 0.8727762803
      },
      "case": {
        "p": 0.9696275762,
        "r": 0.9672959,
        "f": 0.9684603347
      },
      "aux": {
        "p": 0.964208243,
        "r": 0.9492792312,
        "f": 0.9566854991
      },
      "root": {
        "p": 0.9436950147,
        "r": 0.9414862493,
        "f": 0.942589338
      },
      "nummod": {
        "p": 0.921005386,
        "r": 0.9031690141,
        "f": 0.912
      },
      "obj": {
        "p": 0.8467702768,
        "r": 0.8641883519,
        "f": 0.8553906537
      },
      "det": {
        "p": 0.9821811936,
        "r": 0.9823920979,
        "f": 0.9822866345
      },
      "nmod": {
        "p": 0.8269023496,
        "r": 0.8215892054,
        "f": 0.8242372153
      },
      "amod": {
        "p": 0.9207132018,
        "r": 0.9158490566,
        "f": 0.9182746879
      },
      "obl": {
        "p": 0.7274384686,
        "r": 0.7267759563,
        "f": 0.7271070615
      },
      "cc": {
        "p": 0.9284357188,
        "r": 0.9237555135,
        "f": 0.9260897031
      },
      "fixed": {
        "p": 0.899009901,
        "r": 0.902584493,
        "f": 0.9007936508
      },
      "conj": {
        "p": 0.6830537883,
        "r": 0.6764032073,
        "f": 0.6797122302
      },
      "advmod": {
        "p": 0.8654524089,
        "r": 0.8573923166,
        "f": 0.8614035088
      },
      "advcl": {
        "p": 0.6379100851,
        "r": 0.65625,
        "f": 0.6469500924
      },
      "compound": {
        "p": 0.8825757576,
        "r": 0.8411552347,
        "f": 0.8613678373
      },
      "mark": {
        "p": 0.8910482921,
        "r": 0.8853130486,
        "f": 0.8881714118
      },
      "cop": {
        "p": 0.8377281947,
        "r": 0.8939393939,
        "f": 0.864921466
      },
      "ccomp": {
        "p": 0.8120805369,
        "r": 0.8120805369,
        "f": 0.8120805369
      },
      "acl": {
        "p": 0.7249310028,
        "r": 0.7591522158,
        "f": 0.7416470588
      },
      "expl:pass": {
        "p": 0.7037037037,
        "r": 0.4130434783,
        "f": 0.5205479452
      },
      "appos": {
        "p": 0.6875,
        "r": 0.6857506361,
        "f": 0.6866242038
      },
      "xcomp": {
        "p": 0.8199052133,
        "r": 0.8122065728,
        "f": 0.8160377358
      },
      "iobj": {
        "p": 0.8,
        "r": 0.4919786096,
        "f": 0.6092715232
      },
      "dep": {
        "p": 0.0,
        "r": 0.0,
        "f": 0.0
      },
      "csubj": {
        "p": 0.7083333333,
        "r": 0.641509434,
        "f": 0.6732673267
      },
      "parataxis": {
        "p": 0.652173913,
        "r": 0.4411764706,
        "f": 0.5263157895
      },
      "nsubj:pass": {
        "p": 0.0,
        "r": 0.0,
        "f": 0.0
      },
      "orphan": {
        "p": 0.0,
        "r": 0.0,
        "f": 0.0
      }
    },
    "tag_acc": 0.9839336996,
    "lemma_acc": 0.9753868701,
    "ents_p": 0.8397144711,
    "ents_r": 0.8372694921,
    "ents_f": 0.8384901993,
    "ents_per_type": {
      "ORG": {
        "p": 0.8489208633,
        "r": 0.8512173129,
        "f": 0.8500675371
      },
      "LOC": {
        "p": 0.8706411699,
        "r": 0.830472103,
        "f": 0.8500823723
      },
      "MISC": {
        "p": 0.686440678,
        "r": 0.634464752,
        "f": 0.6594301221
      },
      "PER": {
        "p": 0.8624484182,
        "r": 0.940029985,
        "f": 0.8995695839
      }
    },
    "speed": 5166.5659961711
  },
  "sources": [
    {
      "name": "UD Catalan AnCora v2.8",
      "url": "https://github.com/UniversalDependencies/UD_Catalan-AnCora",
      "license": "GNU GPL 3.0",
      "author": "Mart\u00ednez Alonso, H\u00e9ctor; Pascual, Elena; Zeman, Daniel"
    },
    {
      "name": "UD Catalan AnCora v2.8 + NER v3.2.8",
      "url": "https://github.com/TeMU-BSC/spacy/releases/tag/3.2.8",
      "license": "CC BY 4.0",
      "author": "Carlos Rodr\u00edguez-Penagos and Carme Armentano-Oller"
    },
    {
      "name": "Catalan Lemmatizer",
      "url": "https://github.com/explosion/spacy-lookups-data",
      "license": "CC0",
      "author": "Text Mining Unit, Barcelona Supercomputing Center"
    },
    {
      "name": "Catalan Word Embeddings in FastText (Version 1.0)",
      "url": "http://doi.org/10.5281/zenodo.4522041",
      "license": "CC BY 4.0",
      "author": "Guti\u00e9rrez-Fandi\u00f1o, Asier, Armengol-Estap\u00e9, Jordi, Gonzalez-Agirre, Aitor, Carrino, Casimiro Pio, de Gibert, Ona, & Villegas, Marta"
    }
  ],
  "requirements": [],
  "size": "47 MB",
  "checksum": "be8becbdd2fbaf5cb888e1a49dbe0edd48847e1bf13484164d0dab15b4efd9a8",
  "checksum_whl": "cc821bb35e80951bdf89206c6c3dde9603f9746a00b01fbdae4f3c1694815734"
}