{
  "lang": "ca",
  "name": "core_news_sm",
  "version": "3.4.0",
  "description": "Catalan pipeline optimized for CPU. Components: tok2vec, morphologizer, parser, senter, ner, attribute_ruler, lemmatizer.",
  "author": "Explosion",
  "email": "contact@explosion.ai",
  "url": "https://explosion.ai",
  "license": "GNU GPL 3.0",
  "spacy_version": ">=3.4.0,<3.5.0",
  "spacy_git_version": "dd038b536",
  "vectors": {
    "width": 0,
    "vectors": 0,
    "keys": 0,
    "name": null
  },
  "labels": {
    "tok2vec": [],
    "morphologizer": [
      "Definite=Def|Gender=Masc|Number=Sing|POS=DET|PronType=Art",
      "POS=PROPN",
      "POS=PUNCT|PunctSide=Ini|PunctType=Brck",
      "POS=PUNCT|PunctSide=Fin|PunctType=Brck",
      "Mood=Ind|Number=Sing|POS=AUX|Person=3|Tense=Pres|VerbForm=Fin",
      "Gender=Masc|Number=Sing|POS=VERB|Tense=Past|VerbForm=Part",
      "Definite=Def|Gender=Fem|Number=Sing|POS=DET|PronType=Art",
      "Gender=Fem|Number=Sing|POS=NOUN",
      "POS=ADP",
      "NumType=Card|Number=Plur|POS=NUM",
      "Gender=Masc|Number=Plur|POS=NOUN",
      "Number=Sing|POS=ADJ",
      "POS=CCONJ",
      "Gender=Fem|Number=Sing|POS=DET|PronType=Ind",
      "NumForm=Digit|NumType=Card|POS=NUM",
      "NumForm=Digit|POS=NOUN",
      "Gender=Masc|Number=Plur|POS=ADJ",
      "POS=PUNCT|PunctType=Comm",
      "POS=AUX|VerbForm=Inf",
      "Case=Acc,Dat|POS=PRON|Person=3|PrepCase=Npr|PronType=Prs|Reflex=Yes",
      "Definite=Def|Gender=Masc|Number=Plur|POS=DET|PronType=Art",
      "POS=PRON|PronType=Rel",
      "Mood=Ind|Number=Plur|POS=VERB|Person=3|Tense=Imp|VerbForm=Fin",
      "Gender=Fem|Number=Sing|POS=DET|PronType=Art",
      "Gender=Fem|Number=Sing|POS=DET|Person=3|Poss=Yes|PronType=Prs",
      "Definite=Def|Gender=Fem|Number=Plur|POS=DET|PronType=Art",
      "Gender=Fem|Number=Plur|POS=NOUN",
      "Gender=Fem|Number=Plur|POS=ADJ",
      "POS=VERB|VerbForm=Inf",
      "Case=Acc,Dat|Number=Plur|POS=PRON|Person=3|PronType=Prs",
      "Number=Plur|POS=ADJ",
      "POS=PUNCT|PunctType=Peri",
      "Number=Sing|POS=PRON|PronType=Rel",
      "Gender=Masc|Number=Sing|POS=NOUN",
      "Mood=Imp|Number=Sing|POS=VERB|Person=2|VerbForm=Fin",
      "Gender=Masc|Number=Plur|POS=ADJ|VerbForm=Part",
      "POS=SCONJ",
      "Mood=Ind|Number=Plur|POS=AUX|Person=3|Tense=Pres|VerbForm=Fin",
      "Gender=Masc|Number=Plur|POS=VERB|Tense=Past|VerbForm=Part",
      "Definite=Def|Number=Sing|POS=DET|PronType=Art",
      "Gender=Masc|Number=Sing|POS=DET|PronType=Ind",
      "Gender=Fem|Number=Plur|POS=ADJ|VerbForm=Part",
      "Gender=Masc|Number=Sing|POS=DET|PronType=Dem",
      "POS=VERB|VerbForm=Ger",
      "POS=NOUN",
      "Gender=Fem|NumType=Card|Number=Sing|POS=NUM",
      "Gender=Fem|Number=Sing|POS=ADJ|VerbForm=Part",
      "Gender=Fem|NumType=Ord|Number=Plur|POS=ADJ",
      "POS=SYM",
      "Gender=Masc|Number=Sing|POS=ADJ",
      "Gender=Masc|Number=Sing|POS=ADJ|VerbForm=Part",
      "Mood=Ind|Number=Sing|POS=VERB|Person=3|Tense=Pres|VerbForm=Fin",
      "Gender=Fem|Number=Sing|POS=DET|PronType=Dem",
      "POS=ADV|Polarity=Neg",
      "POS=ADV",
      "Number=Sing|POS=PRON|PronType=Dem",
      "Number=Sing|POS=NOUN",
      "Mood=Ind|Number=Plur|POS=VERB|Person=3|Tense=Pres|VerbForm=Fin",
      "Number=Plur|POS=NOUN",
      "Mood=Sub|Number=Plur|POS=VERB|Person=3|Tense=Imp|VerbForm=Fin",
      "Gender=Fem|Number=Sing|POS=ADJ",
      "Mood=Sub|Number=Sing|POS=VERB|Person=1|Tense=Pres|VerbForm=Fin",
      "Gender=Masc|Number=Sing|POS=PRON|PronType=Tot",
      "Case=Loc|POS=PRON|Person=3|PronType=Prs",
      "Gender=Fem|NumType=Ord|Number=Sing|POS=ADJ",
      "Degree=Cmp|POS=ADV",
      "Gender=Fem|Number=Plur|POS=DET|PronType=Art",
      "Gender=Fem|Number=Plur|POS=DET|Person=3|Poss=Yes|PronType=Prs",
      "Mood=Ind|Number=Sing|POS=VERB|Person=3|Tense=Fut|VerbForm=Fin",
      "Gender=Masc|NumType=Ord|Number=Sing|POS=ADJ",
      "Mood=Ind|Number=Sing|POS=AUX|Person=3|Tense=Fut|VerbForm=Fin",
      "NumType=Card|POS=NUM",
      "Mood=Ind|Number=Plur|POS=VERB|Person=3|Tense=Fut|VerbForm=Fin",
      "Number=Sing|POS=PRON|PronType=Ind",
      "Gender=Masc|Number=Sing|POS=DET|PronType=Art",
      "Number=Plur|POS=DET|PronType=Ind",
      "Mood=Sub|Number=Plur|POS=VERB|Person=3|Tense=Pres|VerbForm=Fin",
      "Gender=Masc|Number=Plur|POS=DET|PronType=Dem",
      "Mood=Ind|Number=Plur|POS=AUX|Person=3|Tense=Fut|VerbForm=Fin",
      "Gender=Masc|NumType=Card|Number=Sing|POS=NUM",
      "Mood=Sub|Number=Plur|POS=AUX|Person=3|Tense=Pres|VerbForm=Fin",
      "Case=Acc|Gender=Fem|Number=Sing|POS=PRON|Person=3|PronType=Prs",
      "Number=Sing|POS=DET|PronType=Ind",
      "POS=PUNCT",
      "Number=Sing|POS=DET|PronType=Rel",
      "Case=Gen|POS=PRON|Person=3|PronType=Prs",
      "Gender=Fem|NumType=Card|Number=Plur|POS=NUM",
      "Mood=Ind|Number=Plur|POS=VERB|Person=1|Tense=Pres|VerbForm=Fin",
      "POS=DET|PronType=Ind",
      "POS=AUX",
      "Case=Acc|Gender=Neut|Number=Sing|POS=PRON|Person=3|PronType=Prs",
      "Case=Acc,Dat|Number=Plur|POS=PRON|Person=1|PronType=Prs",
      "Degree=Cmp|Number=Sing|POS=ADJ",
      "Number=Sing|POS=VERB",
      "Gender=Masc|Number=Plur|POS=PRON|PronType=Ind",
      "Gender=Fem|Number=Plur|POS=DET|PronType=Dem",
      "Gender=Masc|Number=Plur|POS=DET|PronType=Art",
      "Gender=Masc|Number=Plur|POS=DET|Person=3|Poss=Yes|PronType=Prs",
      "Case=Acc|Gender=Fem,Masc|Number=Sing|POS=PRON|Person=3|PronType=Prs",
      "Gender=Fem|Number=Sing|POS=VERB|Tense=Past|VerbForm=Part",
      "Gender=Masc|Number=Sing|POS=PRON|PronType=Ind",
      "Gender=Fem|Number=Plur|POS=PRON|PronType=Ind",
      "Mood=Sub|Number=Sing|POS=VERB|Person=3|Tense=Pres|VerbForm=Fin",
      "Number=Plur|POS=PRON|PronType=Rel",
      "Gender=Masc|Number=Plur|POS=DET|PronType=Int",
      "Mood=Ind|Number=Plur|POS=AUX|Person=3|Tense=Imp|VerbForm=Fin",
      "AdvType=Tim|POS=NOUN",
      "Gender=Masc|Number=Plur|POS=DET|PronType=Ind",
      "Gender=Fem|Number=Plur|POS=DET|PronType=Ind",
      "Gender=Masc|Number=Sing|POS=DET|PronType=Int",
      "Mood=Cnd|Number=Sing|POS=AUX|Person=3|VerbForm=Fin",
      "Mood=Ind|Number=Sing|POS=VERB|Person=3|Tense=Imp|VerbForm=Fin",
      "Number=Sing|POS=DET|PronType=Art",
      "Gender=Masc|Number=Sing|POS=DET|Person=3|Poss=Yes|PronType=Prs",
      "Case=Acc|Gender=Masc|Number=Sing|POS=PRON|Person=3|PronType=Prs",
      "Gender=Masc|Number=Sing|POS=PRON|PronType=Int",
      "POS=PUNCT|PunctType=Semi",
      "Mood=Cnd|Number=Plur|POS=AUX|Person=3|VerbForm=Fin",
      "Case=Dat|Number=Sing|POS=PRON|Person=3|PronType=Prs",
      "Gender=Masc|NumType=Card|Number=Plur|POS=NUM",
      "Mood=Ind|Number=Sing|POS=AUX|Person=3|Tense=Imp|VerbForm=Fin",
      "Gender=Fem|Number=Sing|POS=PRON|PronType=Ind",
      "Mood=Sub|Number=Sing|POS=AUX|Person=3|Tense=Imp|VerbForm=Fin",
      "NumForm=Digit|POS=SYM",
      "Gender=Masc|Number=Sing|POS=AUX|Tense=Past|VerbForm=Part",
      "Gender=Fem|Number=Sing|POS=PRON|PronType=Int",
      "Gender=Fem|Number=Sing|POS=DET|PronType=Int",
      "POS=PRON|PronType=Int",
      "Gender=Fem|Number=Plur|POS=DET|PronType=Int",
      "Mood=Cnd|Number=Sing|POS=VERB|Person=3|VerbForm=Fin",
      "Mood=Cnd|Number=Plur|POS=VERB|Person=3|VerbForm=Fin",
      "POS=PART",
      "Gender=Fem|Number=Sing|POS=PRON|PronType=Dem",
      "Gender=Masc|Number=Sing|POS=DET|PronType=Tot",
      "Gender=Masc|Number=Plur|POS=PRON|PronType=Dem",
      "POS=ADJ",
      "Gender=Masc|Number=Plur|POS=PRON|Person=3|PronType=Prs",
      "Degree=Cmp|Number=Plur|POS=ADJ",
      "POS=PUNCT|PunctType=Dash",
      "Mood=Sub|Number=Sing|POS=AUX|Person=3|Tense=Pres|VerbForm=Fin",
      "Case=Acc|Gender=Fem|Number=Plur|POS=PRON|Person=3|PronType=Prs",
      "Mood=Sub|Number=Sing|POS=VERB|Person=3|Tense=Imp|VerbForm=Fin",
      "POS=SPACE",
      "Gender=Fem|Number=Plur|POS=VERB|Tense=Past|VerbForm=Part",
      "Gender=Fem|Number=Sing|POS=PRON|Person=3|PronType=Prs",
      "Gender=Masc|POS=NOUN",
      "Mood=Ind|Number=Sing|POS=VERB|Person=3|Tense=Past|VerbForm=Fin",
      "Gender=Fem|Number=Plur|POS=PRON|PronType=Int",
      "Gender=Masc|NumType=Ord|Number=Plur|POS=ADJ",
      "Mood=Ind|Number=Plur|POS=AUX|Person=1|Tense=Fut|VerbForm=Fin",
      "POS=PUNCT|PunctType=Colo",
      "Gender=Masc|NumType=Card|POS=NUM",
      "Gender=Masc|Number=Sing|POS=PRON|Person=3|PronType=Prs",
      "Number=Sing|POS=PRON|PronType=Int",
      "POS=PUNCT|PunctType=Quot",
      "Mood=Imp|Number=Sing|POS=VERB|Person=3|VerbForm=Fin",
      "Gender=Fem|Number=Sing|Number[psor]=Plur|POS=DET|Person=1|Poss=Yes|PronType=Prs",
      "Gender=Masc|Number=Sing|Number[psor]=Plur|POS=DET|Person=1|Poss=Yes|PronType=Prs",
      "Mood=Ind|Number=Plur|POS=VERB|Person=1|Tense=Fut|VerbForm=Fin",
      "POS=AUX|VerbForm=Ger",
      "Gender=Fem|Number=Plur|POS=PRON|Person=3|PronType=Prs",
      "Mood=Imp|Number=Sing|POS=AUX|Person=3|VerbForm=Fin",
      "Number=Plur|POS=PRON|PronType=Ind",
      "Gender=Masc|Number=Sing|POS=PRON|PronType=Dem",
      "Case=Acc,Dat|Number=Sing|POS=PRON|Person=2|Polite=Infm|PrepCase=Npr|PronType=Prs",
      "Gender=Masc|Number=Plur|POS=PRON|PronType=Int",
      "Mood=Ind|Number=Plur|POS=AUX|Person=1|Tense=Pres|VerbForm=Fin",
      "NumForm=Digit|NumType=Frac|POS=NUM",
      "POS=VERB",
      "Gender=Fem|Number=Plur|POS=PRON|PronType=Dem",
      "Gender=Fem|POS=NOUN",
      "Case=Acc,Dat|Number=Sing|POS=PRON|Person=1|PrepCase=Npr|PronType=Prs",
      "Mood=Sub|Number=Plur|POS=VERB|Person=2|Tense=Pres|VerbForm=Fin",
      "Mood=Ind|Number=Plur|POS=AUX|Person=2|Tense=Fut|VerbForm=Fin",
      "Mood=Sub|Number=Plur|POS=AUX|Person=1|Tense=Pres|VerbForm=Fin",
      "Mood=Sub|Number=Plur|POS=AUX|Person=3|Tense=Imp|VerbForm=Fin",
      "Number=Plur|POS=PRON|Person=1|PronType=Prs",
      "Mood=Ind|Number=Sing|POS=VERB|Person=1|Tense=Pres|VerbForm=Fin",
      "Case=Nom|Number=Sing|POS=PRON|Person=2|Polite=Infm|PronType=Prs",
      "POS=X",
      "Mood=Cnd|Number=Plur|POS=AUX|Person=1|VerbForm=Fin",
      "Number=Sing|POS=DET|PronType=Dem",
      "POS=DET",
      "Mood=Ind|Number=Sing|POS=VERB|Person=1|Tense=Fut|VerbForm=Fin",
      "Mood=Ind|Number=Sing|POS=AUX|Person=1|Tense=Pres|VerbForm=Fin",
      "POS=DET|PronType=Art",
      "Gender=Masc|Number=Sing|POS=PRON|Person=3|Poss=Yes|PronType=Prs",
      "NumType=Ord|Number=Sing|POS=ADJ",
      "Gender=Fem|Number=Sing|POS=AUX|Tense=Past|VerbForm=Part",
      "Number=Plur|Number[psor]=Plur|POS=DET|Person=1|Poss=Yes|PronType=Prs",
      "Gender=Fem|Number=Plur|POS=AUX|Tense=Past|VerbForm=Part",
      "Gender=Masc|Number=Plur|POS=AUX|Tense=Past|VerbForm=Part",
      "Number=Plur|POS=PRON|PronType=Dem",
      "Mood=Imp|Number=Plur|POS=VERB|Person=1|VerbForm=Fin",
      "POS=PRON|PronType=Ind",
      "Mood=Ind|Number=Sing|POS=VERB|Person=2|Tense=Pres|VerbForm=Fin",
      "Mood=Imp|Number=Plur|POS=VERB|Person=3|VerbForm=Fin",
      "Case=Nom|Number=Sing|POS=PRON|Person=1|PronType=Prs",
      "Case=Acc|Number=Sing|POS=PRON|Person=1|PrepCase=Pre|PronType=Prs",
      "Mood=Ind|Number=Sing|POS=AUX|Person=2|Tense=Pres|VerbForm=Fin",
      "Mood=Ind|Number=Plur|POS=VERB|Person=1|Tense=Imp|VerbForm=Fin",
      "POS=PUNCT|PunctSide=Fin|PunctType=Qest",
      "NumForm=Digit|NumType=Ord|POS=ADJ",
      "Case=Acc|POS=PRON|Person=3|PrepCase=Pre|PronType=Prs|Reflex=Yes",
      "NumForm=Digit|NumType=Frac|POS=SYM",
      "Mood=Ind|Number=Plur|POS=VERB|Person=2|Tense=Pres|VerbForm=Fin",
      "Gender=Masc|Number=Sing|Number[psor]=Sing|POS=DET|Person=2|Poss=Yes|PronType=Prs",
      "Gender=Masc|Number=Plur|POS=PRON|Person=3|Poss=Yes|PronType=Prs",
      "Mood=Sub|Number=Plur|POS=VERB|Person=1|Tense=Pres|VerbForm=Fin",
      "POS=PUNCT|PunctSide=Ini|PunctType=Qest",
      "NumType=Card|Number=Sing|POS=NUM",
      "Foreign=Yes|POS=PRON|PronType=Int",
      "Foreign=Yes|Mood=Ind|POS=VERB|VerbForm=Fin",
      "Foreign=Yes|POS=ADP",
      "Gender=Masc|Number=Sing|POS=PROPN",
      "POS=PUNCT|PunctSide=Ini|PunctType=Excl",
      "POS=PUNCT|PunctSide=Fin|PunctType=Excl",
      "Mood=Cnd|Number=Sing|POS=AUX|Person=1|VerbForm=Fin",
      "Number=Plur|POS=PRON|Person=2|Polite=Form|PronType=Prs",
      "Mood=Sub|POS=AUX|Person=1|Tense=Imp|VerbForm=Fin",
      "POS=PUNCT|PunctSide=Ini|PunctType=Comm",
      "POS=PUNCT|PunctSide=Fin|PunctType=Comm",
      "Number=Plur|POS=PRON|Person=2|PronType=Prs",
      "Mood=Ind|Number=Plur|POS=AUX|Person=2|Tense=Pres|VerbForm=Fin",
      "Case=Acc,Dat|Number=Plur|POS=PRON|Person=2|PronType=Prs",
      "Mood=Cnd|Number=Sing|POS=VERB|Person=1|VerbForm=Fin",
      "Mood=Cnd|Number=Plur|POS=VERB|Person=1|VerbForm=Fin",
      "Mood=Ind|Number=Plur|POS=AUX|Person=1|Tense=Imp|VerbForm=Fin",
      "Gender=Masc|Number=Plur|Number[psor]=Sing|POS=DET|Person=1|Poss=Yes|PronType=Prs",
      "Definite=Ind|Gender=Masc|Number=Sing|POS=DET|PronType=Art",
      "Number=Sing|POS=PRON|Person=2|Polite=Form|PronType=Prs",
      "Gender=Masc|Number=Sing|Number[psor]=Sing|POS=DET|Person=1|Poss=Yes|PronType=Prs",
      "Mood=Ind|Number=Sing|POS=VERB|Person=1|Tense=Imp|VerbForm=Fin",
      "POS=VERB|Tense=Past|VerbForm=Part",
      "Mood=Imp|Number=Plur|POS=AUX|Person=3|VerbForm=Fin",
      "Case=Nom|POS=PRON|Person=3|PronType=Prs",
      "Mood=Ind|Number=Sing|POS=AUX|Person=3|Tense=Past|VerbForm=Fin",
      "Gender=Fem|Number=Sing|POS=PRON|Person=3|Poss=Yes|PronType=Prs",
      "Gender=Masc|Number=Sing|POS=PRON|PronType=Rel",
      "Definite=Ind|Number=Sing|POS=DET|PronType=Art",
      "Gender=Masc|Number=Sing|Number[psor]=Plur|POS=PRON|Person=1|Poss=Yes|PronType=Prs",
      "Number=Plur|Number[psor]=Plur|POS=PRON|Person=1|Poss=Yes|PronType=Prs",
      "POS=AUX|Tense=Past|VerbForm=Part",
      "Gender=Fem|NumType=Card|POS=NUM",
      "Mood=Ind|Number=Sing|POS=AUX|Person=1|Tense=Imp|VerbForm=Fin",
      "Mood=Sub|Number=Sing|POS=VERB|Person=1|Tense=Imp|VerbForm=Fin",
      "Gender=Fem|Number=Plur|POS=PRON|Person=3|Poss=Yes|PronType=Prs",
      "Mood=Ind|Number=Sing|POS=AUX|Person=1|Tense=Fut|VerbForm=Fin",
      "Mood=Ind|Number=Plur|POS=AUX|Person=3|Tense=Past|VerbForm=Fin",
      "AdvType=Tim|Degree=Cmp|POS=ADV",
      "Case=Acc|Number=Sing|POS=PRON|Person=2|Polite=Infm|PrepCase=Pre|PronType=Prs",
      "POS=DET|PronType=Rel",
      "Definite=Ind|Gender=Fem|Number=Plur|POS=DET|PronType=Art",
      "Mood=Ind|Number=Plur|POS=VERB|Person=2|Tense=Fut|VerbForm=Fin",
      "POS=INTJ",
      "Mood=Sub|Number=Sing|POS=AUX|Person=1|Tense=Pres|VerbForm=Fin",
      "POS=VERB|VerbForm=Fin",
      "Mood=Ind|Number=Plur|POS=VERB|Person=3|Tense=Past|VerbForm=Fin",
      "Definite=Ind|Gender=Fem|Number=Sing|POS=DET|PronType=Art",
      "Mood=Sub|Number=Plur|POS=AUX|Person=1|Tense=Imp|VerbForm=Fin",
      "Gender=Fem|Number=Sing|Number[psor]=Sing|POS=PRON|Person=3|Poss=Yes|PronType=Prs",
      "Mood=Sub|Number=Sing|POS=VERB|Person=2|Tense=Pres|VerbForm=Fin",
      "Case=Acc|POS=PRON|Person=3|PronType=Prs|Reflex=Yes",
      "Foreign=Yes|POS=NOUN",
      "Foreign=Yes|Mood=Ind|Number=Sing|POS=AUX|Person=3|Tense=Pres|VerbForm=Fin",
      "Foreign=Yes|Gender=Masc|Number=Sing|POS=PRON|Person=3|PronType=Prs",
      "Foreign=Yes|POS=SCONJ",
      "Foreign=Yes|Gender=Fem|Number=Sing|POS=DET|PronType=Art",
      "Gender=Masc|POS=SYM",
      "Gender=Fem|Number=Sing|Number[psor]=Sing|POS=DET|Person=2|Poss=Yes|PronType=Prs",
      "Number=Sing|POS=DET|Person=3|Poss=Yes|PronType=Prs",
      "Gender=Masc|Number=Plur|Number[psor]=Sing|POS=DET|Person=2|Poss=Yes|PronType=Prs",
      "Gender=Fem|Number=Sing|POS=PROPN",
      "Mood=Sub|Number=Plur|POS=VERB|Person=1|Tense=Imp|VerbForm=Fin",
      "Definite=Def|Foreign=Yes|Gender=Masc|Number=Sing|POS=DET|PronType=Art",
      "Foreign=Yes|POS=VERB",
      "Foreign=Yes|POS=ADJ",
      "Foreign=Yes|POS=DET",
      "Foreign=Yes|POS=ADV",
      "POS=PUNCT|PunctSide=Fin|Punta d'aignctType=Brck",
      "Degree=Cmp|POS=ADJ",
      "AdvType=Tim|POS=SYM",
      "Number=Plur|POS=DET|PronType=Dem",
      "Mood=Ind|Number=Sing|POS=VERB|Person=2|Tense=Fut|VerbForm=Fin"
    ],
    "parser": [
      "ROOT",
      "acl",
      "advcl",
      "advmod",
      "amod",
      "appos",
      "aux",
      "case",
      "cc",
      "ccomp",
      "compound",
      "conj",
      "cop",
      "csubj",
      "dep",
      "det",
      "expl:pass",
      "fixed",
      "flat",
      "iobj",
      "mark",
      "nmod",
      "nsubj",
      "nummod",
      "obj",
      "obl",
      "parataxis",
      "punct",
      "xcomp"
    ],
    "attribute_ruler": [],
    "lemmatizer": [],
    "ner": [
      "LOC",
      "MISC",
      "ORG",
      "PER"
    ]
  },
  "pipeline": [
    "tok2vec",
    "morphologizer",
    "parser",
    "attribute_ruler",
    "lemmatizer",
    "ner"
  ],
  "components": [
    "tok2vec",
    "morphologizer",
    "parser",
    "senter",
    "attribute_ruler",
    "lemmatizer",
    "ner"
  ],
  "disabled": [
    "senter"
  ],
  "performance": {
    "token_acc": 0.9996638134,
    "token_p": 0.9978112128,
    "token_r": 0.9979488063,
    "token_f": 0.9978800048,
    "pos_acc": 0.9813205009,
    "morph_acc": 0.9778103575,
    "morph_micro_p": 0.993700189,
    "morph_micro_r": 0.9871653504,
    "morph_micro_f": 0.9904219906,
    "morph_per_feat": {
      "Mood": {
        "p": 0.9915590864,
        "r": 0.9827755906,
        "f": 0.9871478003
      },
      "Number": {
        "p": 0.9981186686,
        "r": 0.9901302803,
        "f": 0.9941084266
      },
      "Person": {
        "p": 0.9939285714,
        "r": 0.9842617153,
        "f": 0.9890715238
      },
      "Tense": {
        "p": 0.988597973,
        "r": 0.9817571818,
        "f": 0.9851657023
      },
      "VerbForm": {
        "p": 0.9877087508,
        "r": 0.9848141734,
        "f": 0.9862593383
      },
      "Gender": {
        "p": 0.9912587413,
        "r": 0.9829529038,
        "f": 0.9870883505
      },
      "NumType": {
        "p": 0.9675262655,
        "r": 0.9547596607,
        "f": 0.9611005693
      },
      "Definite": {
        "p": 0.9914517318,
        "r": 0.9910135533,
        "f": 0.9912325941
      },
      "PronType": {
        "p": 0.9950776542,
        "r": 0.9902871622,
        "f": 0.9926766287
      },
      "PunctType": {
        "p": 0.9998171846,
        "r": 0.9972647702,
        "f": 0.9985393464
      },
      "NumForm": {
        "p": 0.9763560501,
        "r": 0.9859550562,
        "f": 0.9811320755
      },
      "Polarity": {
        "p": 0.9934640523,
        "r": 0.9838187702,
        "f": 0.9886178862
      },
      "Case": {
        "p": 0.997470489,
        "r": 0.9850124896,
        "f": 0.991202346
      },
      "PrepCase": {
        "p": 0.9986168741,
        "r": 0.9972375691,
        "f": 0.997926745
      },
      "Reflex": {
        "p": 0.998603352,
        "r": 0.9972105997,
        "f": 0.9979064899
      },
      "Degree": {
        "p": 0.9964664311,
        "r": 0.9964664311,
        "f": 0.9964664311
      },
      "Poss": {
        "p": 0.9971264368,
        "r": 0.9886039886,
        "f": 0.9928469242
      },
      "AdvType": {
        "p": 0.9516129032,
        "r": 0.8613138686,
        "f": 0.9042145594
      },
      "PunctSide": {
        "p": 0.9975786925,
        "r": 0.9951690821,
        "f": 0.9963724305
      },
      "Number[psor]": {
        "p": 1.0,
        "r": 1.0,
        "f": 1.0
      },
      "Polite": {
        "p": 1.0,
        "r": 0.75,
        "f": 0.8571428571
      }
    },
    "sents_p": 0.9894859813,
    "sents_r": 0.9912229374,
    "sents_f": 0.9903536977,
    "dep_uas": 0.9113135278,
    "dep_las": 0.8791219261,
    "dep_las_per_type": {
      "nsubj": {
        "p": 0.875,
        "r": 0.8801240096,
        "f": 0.8775545252
      },
      "flat": {
        "p": 0.8568353068,
        "r": 0.8699453552,
        "f": 0.863340564
      },
      "case": {
        "p": 0.9677263969,
        "r": 0.966213779,
        "f": 0.9669694964
      },
      "aux": {
        "p": 0.9563577586,
        "r": 0.9476775227,
        "f": 0.9519978547
      },
      "root": {
        "p": 0.9310344828,
        "r": 0.9321240492,
        "f": 0.9315789474
      },
      "nummod": {
        "p": 0.9332129964,
        "r": 0.9102112676,
        "f": 0.9215686275
      },
      "obj": {
        "p": 0.838877855,
        "r": 0.8374225527,
        "f": 0.8381495721
      },
      "det": {
        "p": 0.9794168096,
        "r": 0.9808889843,
        "f": 0.9801523442
      },
      "nmod": {
        "p": 0.8150537634,
        "r": 0.8117369886,
        "f": 0.8133919948
      },
      "amod": {
        "p": 0.9075820445,
        "r": 0.9079245283,
        "f": 0.9077532541
      },
      "obl": {
        "p": 0.6914660832,
        "r": 0.7194899818,
        "f": 0.7051997322
      },
      "cc": {
        "p": 0.9216677195,
        "r": 0.9193446755,
        "f": 0.9205047319
      },
      "fixed": {
        "p": 0.9080919081,
        "r": 0.9035785288,
        "f": 0.9058295964
      },
      "conj": {
        "p": 0.6696061141,
        "r": 0.6523482245,
        "f": 0.6608645199
      },
      "advmod": {
        "p": 0.8498233216,
        "r": 0.8399301513,
        "f": 0.8448477752
      },
      "advcl": {
        "p": 0.6048951049,
        "r": 0.64875,
        "f": 0.6260554885
      },
      "compound": {
        "p": 0.8863636364,
        "r": 0.844765343,
        "f": 0.865064695
      },
      "mark": {
        "p": 0.8793002915,
        "r": 0.882387361,
        "f": 0.8808411215
      },
      "cop": {
        "p": 0.8370672098,
        "r": 0.8896103896,
        "f": 0.8625393494
      },
      "ccomp": {
        "p": 0.7772727273,
        "r": 0.7651006711,
        "f": 0.7711386697
      },
      "acl": {
        "p": 0.7222222222,
        "r": 0.7263969171,
        "f": 0.7243035543
      },
      "expl:pass": {
        "p": 0.6896551724,
        "r": 0.4347826087,
        "f": 0.5333333333
      },
      "appos": {
        "p": 0.6803594352,
        "r": 0.6743002545,
        "f": 0.6773162939
      },
      "xcomp": {
        "p": 0.8112745098,
        "r": 0.7769953052,
        "f": 0.793764988
      },
      "iobj": {
        "p": 0.785046729,
        "r": 0.449197861,
        "f": 0.5714285714
      },
      "dep": {
        "p": 0.0,
        "r": 0.0,
        "f": 0.0
      },
      "csubj": {
        "p": 0.6428571429,
        "r": 0.5943396226,
        "f": 0.6176470588
      },
      "parataxis": {
        "p": 0.652173913,
        "r": 0.4411764706,
        "f": 0.5263157895
      },
      "nsubj:pass": {
        "p": 0.0,
        "r": 0.0,
        "f": 0.0
      },
      "orphan": {
        "p": 0.0,
        "r": 0.0,
        "f": 0.0
      }
    },
    "tag_acc": 0.9813205009,
    "lemma_acc": 0.973955774,
    "ents_p": 0.8035598706,
    "ents_r": 0.8032999029,
    "ents_f": 0.8034298657,
    "ents_per_type": {
      "ORG": {
        "p": 0.8395522388,
        "r": 0.8115419297,
        "f": 0.8253094911
      },
      "LOC": {
        "p": 0.8257575758,
        "r": 0.8186695279,
        "f": 0.8221982759
      },
      "MISC": {
        "p": 0.6430446194,
        "r": 0.6396866841,
        "f": 0.6413612565
      },
      "PER": {
        "p": 0.8064516129,
        "r": 0.8620689655,
        "f": 0.8333333333
      }
    },
    "speed": 6421.3346218742
  },
  "sources": [
    {
      "name": "UD Catalan AnCora v2.8",
      "url": "https://github.com/UniversalDependencies/UD_Catalan-AnCora",
      "license": "GNU GPL 3.0",
      "author": "Mart\u00ednez Alonso, H\u00e9ctor; Pascual, Elena; Zeman, Daniel"
    },
    {
      "name": "UD Catalan AnCora v2.8 + NER v3.2.8",
      "url": "https://github.com/TeMU-BSC/spacy/releases/tag/3.2.8",
      "license": "CC BY 4.0",
      "author": "Carlos Rodr\u00edguez-Penagos and Carme Armentano-Oller"
    },
    {
      "name": "Catalan Lemmatizer",
      "url": "https://github.com/explosion/spacy-lookups-data",
      "license": "CC0",
      "author": "Text Mining Unit, Barcelona Supercomputing Center"
    }
  ],
  "requirements": [],
  "size": "18 MB",
  "checksum": "8cecd9caf774cb6c902f25c4bd0b2622afc6402cfa60224b307639cb50f9dedc",
  "checksum_whl": "4d3a53904496d3204803aaf98c1e0d5fb7ea82bd1ebbc027976f5d27c5afd6c5"
}