{
  "lang": "ca",
  "name": "core_news_trf",
  "version": "3.3.0",
  "description": "Catalan transformer pipeline (PlanTL-GOB-ES/roberta-base-ca). Components: transformer, morphologizer, parser, ner, attribute_ruler, lemmatizer.",
  "author": "Explosion",
  "email": "contact@explosion.ai",
  "url": "https://explosion.ai",
  "license": "GNU GPL 3.0",
  "spacy_version": ">=3.3.0.dev0,<3.4.0",
  "spacy_git_version": "849bef2de",
  "vectors": {
    "width": 0,
    "vectors": 0,
    "keys": 0,
    "name": null
  },
  "labels": {
    "transformer": [],
    "morphologizer": [
      "Definite=Def|Gender=Masc|Number=Sing|POS=DET|PronType=Art",
      "POS=PROPN",
      "POS=PUNCT|PunctSide=Ini|PunctType=Brck",
      "POS=PUNCT|PunctSide=Fin|PunctType=Brck",
      "Mood=Ind|Number=Sing|POS=AUX|Person=3|Tense=Pres|VerbForm=Fin",
      "Gender=Masc|Number=Sing|POS=VERB|Tense=Past|VerbForm=Part",
      "Definite=Def|Gender=Fem|Number=Sing|POS=DET|PronType=Art",
      "Gender=Fem|Number=Sing|POS=NOUN",
      "POS=ADP",
      "NumType=Card|Number=Plur|POS=NUM",
      "Gender=Masc|Number=Plur|POS=NOUN",
      "Number=Sing|POS=ADJ",
      "POS=CCONJ",
      "Gender=Fem|Number=Sing|POS=DET|PronType=Ind",
      "NumForm=Digit|NumType=Card|POS=NUM",
      "NumForm=Digit|POS=NOUN",
      "Gender=Masc|Number=Plur|POS=ADJ",
      "POS=PUNCT|PunctType=Comm",
      "POS=AUX|VerbForm=Inf",
      "Case=Acc,Dat|POS=PRON|Person=3|PrepCase=Npr|PronType=Prs|Reflex=Yes",
      "Definite=Def|Gender=Masc|Number=Plur|POS=DET|PronType=Art",
      "POS=PRON|PronType=Rel",
      "Mood=Ind|Number=Plur|POS=VERB|Person=3|Tense=Imp|VerbForm=Fin",
      "Gender=Fem|Number=Sing|POS=DET|PronType=Art",
      "Gender=Fem|Number=Sing|POS=DET|Person=3|Poss=Yes|PronType=Prs",
      "Definite=Def|Gender=Fem|Number=Plur|POS=DET|PronType=Art",
      "Gender=Fem|Number=Plur|POS=NOUN",
      "Gender=Fem|Number=Plur|POS=ADJ",
      "POS=VERB|VerbForm=Inf",
      "Case=Acc,Dat|Number=Plur|POS=PRON|Person=3|PronType=Prs",
      "Number=Plur|POS=ADJ",
      "POS=PUNCT|PunctType=Peri",
      "Number=Sing|POS=PRON|PronType=Rel",
      "Gender=Masc|Number=Sing|POS=NOUN",
      "Mood=Imp|Number=Sing|POS=VERB|Person=2|VerbForm=Fin",
      "Gender=Masc|Number=Plur|POS=ADJ|VerbForm=Part",
      "POS=SCONJ",
      "Mood=Ind|Number=Plur|POS=AUX|Person=3|Tense=Pres|VerbForm=Fin",
      "Gender=Masc|Number=Plur|POS=VERB|Tense=Past|VerbForm=Part",
      "Definite=Def|Number=Sing|POS=DET|PronType=Art",
      "Gender=Masc|Number=Sing|POS=DET|PronType=Ind",
      "Gender=Fem|Number=Plur|POS=ADJ|VerbForm=Part",
      "Gender=Masc|Number=Sing|POS=DET|PronType=Dem",
      "POS=VERB|VerbForm=Ger",
      "POS=NOUN",
      "Gender=Fem|NumType=Card|Number=Sing|POS=NUM",
      "Gender=Fem|Number=Sing|POS=ADJ|VerbForm=Part",
      "Gender=Fem|NumType=Ord|Number=Plur|POS=ADJ",
      "POS=SYM",
      "Gender=Masc|Number=Sing|POS=ADJ",
      "Gender=Masc|Number=Sing|POS=ADJ|VerbForm=Part",
      "Mood=Ind|Number=Sing|POS=VERB|Person=3|Tense=Pres|VerbForm=Fin",
      "Gender=Fem|Number=Sing|POS=DET|PronType=Dem",
      "POS=ADV|Polarity=Neg",
      "POS=ADV",
      "Number=Sing|POS=PRON|PronType=Dem",
      "Number=Sing|POS=NOUN",
      "Mood=Ind|Number=Plur|POS=VERB|Person=3|Tense=Pres|VerbForm=Fin",
      "Number=Plur|POS=NOUN",
      "Mood=Sub|Number=Plur|POS=VERB|Person=3|Tense=Imp|VerbForm=Fin",
      "Gender=Fem|Number=Sing|POS=ADJ",
      "Mood=Sub|Number=Sing|POS=VERB|Person=1|Tense=Pres|VerbForm=Fin",
      "Gender=Masc|Number=Sing|POS=PRON|PronType=Tot",
      "Case=Loc|POS=PRON|Person=3|PronType=Prs",
      "Gender=Fem|NumType=Ord|Number=Sing|POS=ADJ",
      "Degree=Cmp|POS=ADV",
      "Gender=Fem|Number=Plur|POS=DET|PronType=Art",
      "Gender=Fem|Number=Plur|POS=DET|Person=3|Poss=Yes|PronType=Prs",
      "Mood=Ind|Number=Sing|POS=VERB|Person=3|Tense=Fut|VerbForm=Fin",
      "Gender=Masc|NumType=Ord|Number=Sing|POS=ADJ",
      "Mood=Ind|Number=Sing|POS=AUX|Person=3|Tense=Fut|VerbForm=Fin",
      "NumType=Card|POS=NUM",
      "Mood=Ind|Number=Plur|POS=VERB|Person=3|Tense=Fut|VerbForm=Fin",
      "Number=Sing|POS=PRON|PronType=Ind",
      "Gender=Masc|Number=Sing|POS=DET|PronType=Art",
      "Number=Plur|POS=DET|PronType=Ind",
      "Mood=Sub|Number=Plur|POS=VERB|Person=3|Tense=Pres|VerbForm=Fin",
      "Gender=Masc|Number=Plur|POS=DET|PronType=Dem",
      "Mood=Ind|Number=Plur|POS=AUX|Person=3|Tense=Fut|VerbForm=Fin",
      "Gender=Masc|NumType=Card|Number=Sing|POS=NUM",
      "Mood=Sub|Number=Plur|POS=AUX|Person=3|Tense=Pres|VerbForm=Fin",
      "Case=Acc|Gender=Fem|Number=Sing|POS=PRON|Person=3|PronType=Prs",
      "Number=Sing|POS=DET|PronType=Ind",
      "POS=PUNCT",
      "Number=Sing|POS=DET|PronType=Rel",
      "Case=Gen|POS=PRON|Person=3|PronType=Prs",
      "Gender=Fem|NumType=Card|Number=Plur|POS=NUM",
      "Mood=Ind|Number=Plur|POS=VERB|Person=1|Tense=Pres|VerbForm=Fin",
      "POS=DET|PronType=Ind",
      "POS=AUX",
      "Case=Acc|Gender=Neut|Number=Sing|POS=PRON|Person=3|PronType=Prs",
      "Case=Acc,Dat|Number=Plur|POS=PRON|Person=1|PronType=Prs",
      "Degree=Cmp|Number=Sing|POS=ADJ",
      "Number=Sing|POS=VERB",
      "Gender=Masc|Number=Plur|POS=PRON|PronType=Ind",
      "Gender=Fem|Number=Plur|POS=DET|PronType=Dem",
      "Gender=Masc|Number=Plur|POS=DET|PronType=Art",
      "Gender=Masc|Number=Plur|POS=DET|Person=3|Poss=Yes|PronType=Prs",
      "Case=Acc|Gender=Fem,Masc|Number=Sing|POS=PRON|Person=3|PronType=Prs",
      "Gender=Fem|Number=Sing|POS=VERB|Tense=Past|VerbForm=Part",
      "Gender=Masc|Number=Sing|POS=PRON|PronType=Ind",
      "Gender=Fem|Number=Plur|POS=PRON|PronType=Ind",
      "Mood=Sub|Number=Sing|POS=VERB|Person=3|Tense=Pres|VerbForm=Fin",
      "Number=Plur|POS=PRON|PronType=Rel",
      "Gender=Masc|Number=Plur|POS=DET|PronType=Int",
      "Mood=Ind|Number=Plur|POS=AUX|Person=3|Tense=Imp|VerbForm=Fin",
      "AdvType=Tim|POS=NOUN",
      "Gender=Masc|Number=Plur|POS=DET|PronType=Ind",
      "Gender=Fem|Number=Plur|POS=DET|PronType=Ind",
      "Gender=Masc|Number=Sing|POS=DET|PronType=Int",
      "Mood=Cnd|Number=Sing|POS=AUX|Person=3|VerbForm=Fin",
      "Mood=Ind|Number=Sing|POS=VERB|Person=3|Tense=Imp|VerbForm=Fin",
      "Number=Sing|POS=DET|PronType=Art",
      "Gender=Masc|Number=Sing|POS=DET|Person=3|Poss=Yes|PronType=Prs",
      "Case=Acc|Gender=Masc|Number=Sing|POS=PRON|Person=3|PronType=Prs",
      "Gender=Masc|Number=Sing|POS=PRON|PronType=Int",
      "POS=PUNCT|PunctType=Semi",
      "Mood=Cnd|Number=Plur|POS=AUX|Person=3|VerbForm=Fin",
      "Case=Dat|Number=Sing|POS=PRON|Person=3|PronType=Prs",
      "Gender=Masc|NumType=Card|Number=Plur|POS=NUM",
      "Mood=Ind|Number=Sing|POS=AUX|Person=3|Tense=Imp|VerbForm=Fin",
      "Gender=Fem|Number=Sing|POS=PRON|PronType=Ind",
      "Mood=Sub|Number=Sing|POS=AUX|Person=3|Tense=Imp|VerbForm=Fin",
      "NumForm=Digit|POS=SYM",
      "Gender=Masc|Number=Sing|POS=AUX|Tense=Past|VerbForm=Part",
      "Gender=Fem|Number=Sing|POS=PRON|PronType=Int",
      "Gender=Fem|Number=Sing|POS=DET|PronType=Int",
      "POS=PRON|PronType=Int",
      "Gender=Fem|Number=Plur|POS=DET|PronType=Int",
      "Mood=Cnd|Number=Sing|POS=VERB|Person=3|VerbForm=Fin",
      "Mood=Cnd|Number=Plur|POS=VERB|Person=3|VerbForm=Fin",
      "POS=PART",
      "Gender=Fem|Number=Sing|POS=PRON|PronType=Dem",
      "Gender=Masc|Number=Sing|POS=DET|PronType=Tot",
      "Gender=Masc|Number=Plur|POS=PRON|PronType=Dem",
      "POS=ADJ",
      "Gender=Masc|Number=Plur|POS=PRON|Person=3|PronType=Prs",
      "Degree=Cmp|Number=Plur|POS=ADJ",
      "POS=PUNCT|PunctType=Dash",
      "Mood=Sub|Number=Sing|POS=AUX|Person=3|Tense=Pres|VerbForm=Fin",
      "Case=Acc|Gender=Fem|Number=Plur|POS=PRON|Person=3|PronType=Prs",
      "Mood=Sub|Number=Sing|POS=VERB|Person=3|Tense=Imp|VerbForm=Fin",
      "Gender=Fem|Number=Plur|POS=VERB|Tense=Past|VerbForm=Part",
      "Gender=Fem|Number=Sing|POS=PRON|Person=3|PronType=Prs",
      "Gender=Masc|POS=NOUN",
      "Mood=Ind|Number=Sing|POS=VERB|Person=3|Tense=Past|VerbForm=Fin",
      "Gender=Fem|Number=Plur|POS=PRON|PronType=Int",
      "Gender=Masc|NumType=Ord|Number=Plur|POS=ADJ",
      "Mood=Ind|Number=Plur|POS=AUX|Person=1|Tense=Fut|VerbForm=Fin",
      "POS=PUNCT|PunctType=Colo",
      "Gender=Masc|NumType=Card|POS=NUM",
      "Gender=Masc|Number=Sing|POS=PRON|Person=3|PronType=Prs",
      "Number=Sing|POS=PRON|PronType=Int",
      "POS=PUNCT|PunctType=Quot",
      "Mood=Imp|Number=Sing|POS=VERB|Person=3|VerbForm=Fin",
      "Gender=Fem|Number=Sing|Number[psor]=Plur|POS=DET|Person=1|Poss=Yes|PronType=Prs",
      "Gender=Masc|Number=Sing|Number[psor]=Plur|POS=DET|Person=1|Poss=Yes|PronType=Prs",
      "Mood=Ind|Number=Plur|POS=VERB|Person=1|Tense=Fut|VerbForm=Fin",
      "POS=AUX|VerbForm=Ger",
      "Gender=Fem|Number=Plur|POS=PRON|Person=3|PronType=Prs",
      "Mood=Imp|Number=Sing|POS=AUX|Person=3|VerbForm=Fin",
      "Number=Plur|POS=PRON|PronType=Ind",
      "Gender=Masc|Number=Sing|POS=PRON|PronType=Dem",
      "Case=Acc,Dat|Number=Sing|POS=PRON|Person=2|Polite=Infm|PrepCase=Npr|PronType=Prs",
      "Gender=Masc|Number=Plur|POS=PRON|PronType=Int",
      "Mood=Ind|Number=Plur|POS=AUX|Person=1|Tense=Pres|VerbForm=Fin",
      "NumForm=Digit|NumType=Frac|POS=NUM",
      "POS=VERB",
      "Gender=Fem|Number=Plur|POS=PRON|PronType=Dem",
      "Gender=Fem|POS=NOUN",
      "Case=Acc,Dat|Number=Sing|POS=PRON|Person=1|PrepCase=Npr|PronType=Prs",
      "Mood=Sub|Number=Plur|POS=VERB|Person=2|Tense=Pres|VerbForm=Fin",
      "Mood=Ind|Number=Plur|POS=AUX|Person=2|Tense=Fut|VerbForm=Fin",
      "Mood=Sub|Number=Plur|POS=AUX|Person=1|Tense=Pres|VerbForm=Fin",
      "Mood=Sub|Number=Plur|POS=AUX|Person=3|Tense=Imp|VerbForm=Fin",
      "Number=Plur|POS=PRON|Person=1|PronType=Prs",
      "Mood=Ind|Number=Sing|POS=VERB|Person=1|Tense=Pres|VerbForm=Fin",
      "Case=Nom|Number=Sing|POS=PRON|Person=2|Polite=Infm|PronType=Prs",
      "POS=X",
      "Mood=Cnd|Number=Plur|POS=AUX|Person=1|VerbForm=Fin",
      "Number=Sing|POS=DET|PronType=Dem",
      "POS=DET",
      "Mood=Ind|Number=Sing|POS=VERB|Person=1|Tense=Fut|VerbForm=Fin",
      "Mood=Ind|Number=Sing|POS=AUX|Person=1|Tense=Pres|VerbForm=Fin",
      "POS=DET|PronType=Art",
      "Gender=Masc|Number=Sing|POS=PRON|Person=3|Poss=Yes|PronType=Prs",
      "NumType=Ord|Number=Sing|POS=ADJ",
      "Gender=Fem|Number=Sing|POS=AUX|Tense=Past|VerbForm=Part",
      "Number=Plur|Number[psor]=Plur|POS=DET|Person=1|Poss=Yes|PronType=Prs",
      "Gender=Fem|Number=Plur|POS=AUX|Tense=Past|VerbForm=Part",
      "Gender=Masc|Number=Plur|POS=AUX|Tense=Past|VerbForm=Part",
      "Number=Plur|POS=PRON|PronType=Dem",
      "Mood=Imp|Number=Plur|POS=VERB|Person=1|VerbForm=Fin",
      "POS=PRON|PronType=Ind",
      "Mood=Ind|Number=Sing|POS=VERB|Person=2|Tense=Pres|VerbForm=Fin",
      "Mood=Imp|Number=Plur|POS=VERB|Person=3|VerbForm=Fin",
      "Case=Nom|Number=Sing|POS=PRON|Person=1|PronType=Prs",
      "Case=Acc|Number=Sing|POS=PRON|Person=1|PrepCase=Pre|PronType=Prs",
      "Mood=Ind|Number=Sing|POS=AUX|Person=2|Tense=Pres|VerbForm=Fin",
      "Mood=Ind|Number=Plur|POS=VERB|Person=1|Tense=Imp|VerbForm=Fin",
      "POS=PUNCT|PunctSide=Fin|PunctType=Qest",
      "NumForm=Digit|NumType=Ord|POS=ADJ",
      "Case=Acc|POS=PRON|Person=3|PrepCase=Pre|PronType=Prs|Reflex=Yes",
      "NumForm=Digit|NumType=Frac|POS=SYM",
      "Mood=Ind|Number=Plur|POS=VERB|Person=2|Tense=Pres|VerbForm=Fin",
      "Gender=Masc|Number=Sing|Number[psor]=Sing|POS=DET|Person=2|Poss=Yes|PronType=Prs",
      "Gender=Masc|Number=Plur|POS=PRON|Person=3|Poss=Yes|PronType=Prs",
      "Mood=Sub|Number=Plur|POS=VERB|Person=1|Tense=Pres|VerbForm=Fin",
      "POS=PUNCT|PunctSide=Ini|PunctType=Qest",
      "NumType=Card|Number=Sing|POS=NUM",
      "Foreign=Yes|POS=PRON|PronType=Int",
      "Foreign=Yes|Mood=Ind|POS=VERB|VerbForm=Fin",
      "Foreign=Yes|POS=ADP",
      "Gender=Masc|Number=Sing|POS=PROPN",
      "POS=PUNCT|PunctSide=Ini|PunctType=Excl",
      "POS=PUNCT|PunctSide=Fin|PunctType=Excl",
      "Mood=Cnd|Number=Sing|POS=AUX|Person=1|VerbForm=Fin",
      "Number=Plur|POS=PRON|Person=2|Polite=Form|PronType=Prs",
      "Mood=Sub|POS=AUX|Person=1|Tense=Imp|VerbForm=Fin",
      "POS=PUNCT|PunctSide=Ini|PunctType=Comm",
      "POS=PUNCT|PunctSide=Fin|PunctType=Comm",
      "Number=Plur|POS=PRON|Person=2|PronType=Prs",
      "Mood=Ind|Number=Plur|POS=AUX|Person=2|Tense=Pres|VerbForm=Fin",
      "Case=Acc,Dat|Number=Plur|POS=PRON|Person=2|PronType=Prs",
      "Mood=Cnd|Number=Sing|POS=VERB|Person=1|VerbForm=Fin",
      "Mood=Cnd|Number=Plur|POS=VERB|Person=1|VerbForm=Fin",
      "Mood=Ind|Number=Plur|POS=AUX|Person=1|Tense=Imp|VerbForm=Fin",
      "Gender=Masc|Number=Plur|Number[psor]=Sing|POS=DET|Person=1|Poss=Yes|PronType=Prs",
      "Definite=Ind|Gender=Masc|Number=Sing|POS=DET|PronType=Art",
      "Number=Sing|POS=PRON|Person=2|Polite=Form|PronType=Prs",
      "Gender=Masc|Number=Sing|Number[psor]=Sing|POS=DET|Person=1|Poss=Yes|PronType=Prs",
      "Mood=Ind|Number=Sing|POS=VERB|Person=1|Tense=Imp|VerbForm=Fin",
      "POS=VERB|Tense=Past|VerbForm=Part",
      "Mood=Imp|Number=Plur|POS=AUX|Person=3|VerbForm=Fin",
      "Case=Nom|POS=PRON|Person=3|PronType=Prs",
      "Mood=Ind|Number=Sing|POS=AUX|Person=3|Tense=Past|VerbForm=Fin",
      "Gender=Fem|Number=Sing|POS=PRON|Person=3|Poss=Yes|PronType=Prs",
      "Gender=Masc|Number=Sing|POS=PRON|PronType=Rel",
      "Definite=Ind|Number=Sing|POS=DET|PronType=Art",
      "Gender=Masc|Number=Sing|Number[psor]=Plur|POS=PRON|Person=1|Poss=Yes|PronType=Prs",
      "Number=Plur|Number[psor]=Plur|POS=PRON|Person=1|Poss=Yes|PronType=Prs",
      "POS=AUX|Tense=Past|VerbForm=Part",
      "Gender=Fem|NumType=Card|POS=NUM",
      "Mood=Ind|Number=Sing|POS=AUX|Person=1|Tense=Imp|VerbForm=Fin",
      "Mood=Sub|Number=Sing|POS=VERB|Person=1|Tense=Imp|VerbForm=Fin",
      "Gender=Fem|Number=Plur|POS=PRON|Person=3|Poss=Yes|PronType=Prs",
      "Mood=Ind|Number=Sing|POS=AUX|Person=1|Tense=Fut|VerbForm=Fin",
      "Mood=Ind|Number=Plur|POS=AUX|Person=3|Tense=Past|VerbForm=Fin",
      "AdvType=Tim|Degree=Cmp|POS=ADV",
      "Case=Acc|Number=Sing|POS=PRON|Person=2|Polite=Infm|PrepCase=Pre|PronType=Prs",
      "POS=DET|PronType=Rel",
      "Definite=Ind|Gender=Fem|Number=Plur|POS=DET|PronType=Art",
      "Mood=Ind|Number=Plur|POS=VERB|Person=2|Tense=Fut|VerbForm=Fin",
      "POS=INTJ",
      "Mood=Sub|Number=Sing|POS=AUX|Person=1|Tense=Pres|VerbForm=Fin",
      "POS=VERB|VerbForm=Fin",
      "Mood=Ind|Number=Plur|POS=VERB|Person=3|Tense=Past|VerbForm=Fin",
      "Definite=Ind|Gender=Fem|Number=Sing|POS=DET|PronType=Art",
      "Mood=Sub|Number=Plur|POS=AUX|Person=1|Tense=Imp|VerbForm=Fin",
      "Gender=Fem|Number=Sing|Number[psor]=Sing|POS=PRON|Person=3|Poss=Yes|PronType=Prs",
      "Mood=Sub|Number=Sing|POS=VERB|Person=2|Tense=Pres|VerbForm=Fin",
      "Case=Acc|POS=PRON|Person=3|PronType=Prs|Reflex=Yes",
      "Foreign=Yes|POS=NOUN",
      "Foreign=Yes|Mood=Ind|Number=Sing|POS=AUX|Person=3|Tense=Pres|VerbForm=Fin",
      "Foreign=Yes|Gender=Masc|Number=Sing|POS=PRON|Person=3|PronType=Prs",
      "Foreign=Yes|POS=SCONJ",
      "Foreign=Yes|Gender=Fem|Number=Sing|POS=DET|PronType=Art",
      "Gender=Masc|POS=SYM",
      "Gender=Fem|Number=Sing|Number[psor]=Sing|POS=DET|Person=2|Poss=Yes|PronType=Prs",
      "Number=Sing|POS=DET|Person=3|Poss=Yes|PronType=Prs",
      "Gender=Masc|Number=Plur|Number[psor]=Sing|POS=DET|Person=2|Poss=Yes|PronType=Prs",
      "Gender=Fem|Number=Sing|POS=PROPN",
      "Mood=Sub|Number=Plur|POS=VERB|Person=1|Tense=Imp|VerbForm=Fin",
      "Definite=Def|Foreign=Yes|Gender=Masc|Number=Sing|POS=DET|PronType=Art",
      "Foreign=Yes|POS=VERB",
      "Foreign=Yes|POS=ADJ",
      "Foreign=Yes|POS=DET",
      "Foreign=Yes|POS=ADV",
      "POS=PUNCT|PunctSide=Fin|Punta d'aignctType=Brck",
      "Degree=Cmp|POS=ADJ",
      "AdvType=Tim|POS=SYM",
      "Number=Plur|POS=DET|PronType=Dem",
      "Mood=Ind|Number=Sing|POS=VERB|Person=2|Tense=Fut|VerbForm=Fin"
    ],
    "parser": [
      "ROOT",
      "acl",
      "advcl",
      "advmod",
      "amod",
      "appos",
      "aux",
      "case",
      "cc",
      "ccomp",
      "compound",
      "conj",
      "cop",
      "csubj",
      "dep",
      "det",
      "expl:pass",
      "fixed",
      "flat",
      "iobj",
      "mark",
      "nmod",
      "nsubj",
      "nummod",
      "obj",
      "obl",
      "parataxis",
      "punct",
      "xcomp"
    ],
    "attribute_ruler": [],
    "lemmatizer": [],
    "ner": [
      "LOC",
      "MISC",
      "ORG",
      "PER"
    ]
  },
  "pipeline": [
    "transformer",
    "morphologizer",
    "parser",
    "attribute_ruler",
    "lemmatizer",
    "ner"
  ],
  "components": [
    "transformer",
    "morphologizer",
    "parser",
    "attribute_ruler",
    "lemmatizer",
    "ner"
  ],
  "disabled": [],
  "performance": {
    "token_acc": 0.9996638134,
    "token_p": 0.9978112128,
    "token_r": 0.9979488063,
    "token_f": 0.9978800048,
    "pos_acc": 0.9630530401,
    "morph_acc": 0.9566102338,
    "morph_micro_p": 0.993413889,
    "morph_micro_r": 0.9334922764,
    "morph_micro_f": 0.962521382,
    "morph_per_feat": {
      "Mood": {
        "p": 0.9987681695,
        "r": 0.9975393701,
        "f": 0.9981533916
      },
      "Number": {
        "p": 0.9986715251,
        "r": 0.944298891,
        "f": 0.9707244185
      },
      "Person": {
        "p": 0.9989359816,
        "r": 0.9961096375,
        "f": 0.9975208075
      },
      "Tense": {
        "p": 0.9945572535,
        "r": 0.9962256238,
        "f": 0.9953907396
      },
      "VerbForm": {
        "p": 0.9968004266,
        "r": 0.9960037299,
        "f": 0.996401919
      },
      "Gender": {
        "p": 0.9962044403,
        "r": 0.9226620437,
        "f": 0.9580239506
      },
      "NumType": {
        "p": 0.9716177862,
        "r": 0.9679547597,
        "f": 0.969782814
      },
      "Definite": {
        "p": 0.9958816923,
        "r": 0.7837360047,
        "f": 0.8771640561
      },
      "PronType": {
        "p": 0.9953766134,
        "r": 0.8728040541,
        "f": 0.9300693007
      },
      "PunctType": {
        "p": 0.953262292,
        "r": 0.9297957695,
        "f": 0.9413828118
      },
      "NumForm": {
        "p": 0.9860335196,
        "r": 0.9915730337,
        "f": 0.9887955182
      },
      "Polarity": {
        "p": 1.0,
        "r": 0.9902912621,
        "f": 0.9951219512
      },
      "Case": {
        "p": 0.9991652755,
        "r": 0.9966694421,
        "f": 0.9979157982
      },
      "PrepCase": {
        "p": 0.9986187845,
        "r": 0.9986187845,
        "f": 0.9986187845
      },
      "Reflex": {
        "p": 0.9986052999,
        "r": 0.9986052999,
        "f": 0.9986052999
      },
      "Degree": {
        "p": 1.0,
        "r": 0.9929328622,
        "f": 0.9964539007
      },
      "Poss": {
        "p": 0.9970930233,
        "r": 0.9772079772,
        "f": 0.9870503597
      },
      "AdvType": {
        "p": 1.0,
        "r": 0.9416058394,
        "f": 0.969924812
      },
      "PunctSide": {
        "p": 0.8097251586,
        "r": 0.9251207729,
        "f": 0.8635851184
      },
      "Number[psor]": {
        "p": 1.0,
        "r": 1.0,
        "f": 1.0
      },
      "Polite": {
        "p": 1.0,
        "r": 1.0,
        "f": 1.0
      }
    },
    "sents_p": 0.990104773,
    "sents_r": 0.9953188999,
    "sents_f": 0.9927049898,
    "dep_uas": 0.9483632484,
    "dep_las": 0.9316832909,
    "dep_las_per_type": {
      "nsubj": {
        "p": 0.9534406025,
        "r": 0.9593523941,
        "f": 0.9563873626
      },
      "flat": {
        "p": 0.931431706,
        "r": 0.9278688525,
        "f": 0.9296468656
      },
      "case": {
        "p": 0.9778664731,
        "r": 0.9721053264,
        "f": 0.9749773892
      },
      "aux": {
        "p": 0.9720580333,
        "r": 0.9658302189,
        "f": 0.9689341189
      },
      "root": {
        "p": 0.9656577416,
        "r": 0.9707431246,
        "f": 0.9681937555
      },
      "nummod": {
        "p": 0.9308510638,
        "r": 0.9242957746,
        "f": 0.9275618375
      },
      "obj": {
        "p": 0.9213565987,
        "r": 0.9291201983,
        "f": 0.9252221125
      },
      "det": {
        "p": 0.9861379755,
        "r": 0.9852909598,
        "f": 0.9857142857
      },
      "nmod": {
        "p": 0.8821505376,
        "r": 0.8785607196,
        "f": 0.8803519691
      },
      "amod": {
        "p": 0.9628647215,
        "r": 0.9588679245,
        "f": 0.9608621668
      },
      "obl": {
        "p": 0.8241758242,
        "r": 0.8196721311,
        "f": 0.8219178082
      },
      "cc": {
        "p": 0.9543464665,
        "r": 0.9615626969,
        "f": 0.9579409918
      },
      "fixed": {
        "p": 0.9374379345,
        "r": 0.9383697813,
        "f": 0.9379036264
      },
      "conj": {
        "p": 0.829240434,
        "r": 0.8316151203,
        "f": 0.8304260795
      },
      "advmod": {
        "p": 0.8957234915,
        "r": 0.8899883586,
        "f": 0.8928467153
      },
      "advcl": {
        "p": 0.7552533993,
        "r": 0.76375,
        "f": 0.7594779366
      },
      "compound": {
        "p": 0.8966789668,
        "r": 0.8772563177,
        "f": 0.8868613139
      },
      "mark": {
        "p": 0.9398364486,
        "r": 0.9414862493,
        "f": 0.9406606255
      },
      "cop": {
        "p": 0.896049896,
        "r": 0.9329004329,
        "f": 0.9141039236
      },
      "ccomp": {
        "p": 0.8738938053,
        "r": 0.8836689038,
        "f": 0.8787541713
      },
      "acl": {
        "p": 0.8625954198,
        "r": 0.8709055877,
        "f": 0.8667305849
      },
      "expl:pass": {
        "p": 0.8333333333,
        "r": 0.652173913,
        "f": 0.7317073171
      },
      "appos": {
        "p": 0.8265306122,
        "r": 0.8244274809,
        "f": 0.825477707
      },
      "xcomp": {
        "p": 0.9019138756,
        "r": 0.8849765258,
        "f": 0.8933649289
      },
      "iobj": {
        "p": 0.8238636364,
        "r": 0.7754010695,
        "f": 0.7988980716
      },
      "dep": {
        "p": 0.0,
        "r": 0.0,
        "f": 0.0
      },
      "csubj": {
        "p": 0.7981651376,
        "r": 0.820754717,
        "f": 0.8093023256
      },
      "parataxis": {
        "p": 0.8604651163,
        "r": 0.5441176471,
        "f": 0.6666666667
      },
      "nsubj:pass": {
        "p": 0.0,
        "r": 0.0,
        "f": 0.0
      },
      "orphan": {
        "p": 0.0,
        "r": 0.0,
        "f": 0.0
      }
    },
    "tag_acc": 0.9630530401,
    "lemma_acc": 0.9768696927,
    "ents_p": 0.9130576359,
    "ents_r": 0.9071497897,
    "ents_f": 0.9100941253,
    "ents_per_type": {
      "ORG": {
        "p": 0.9140480591,
        "r": 0.8917944094,
        "f": 0.9027841168
      },
      "LOC": {
        "p": 0.9156883671,
        "r": 0.9206008584,
        "f": 0.9181380417
      },
      "MISC": {
        "p": 0.84,
        "r": 0.8224543081,
        "f": 0.8311345646
      },
      "PER": {
        "p": 0.9483013294,
        "r": 0.9625187406,
        "f": 0.9553571429
      }
    },
    "speed": 1284.1578254786
  },
  "sources": [
    {
      "name": "UD Catalan AnCora v2.8",
      "url": "https://github.com/UniversalDependencies/UD_Catalan-AnCora",
      "license": "GNU GPL 3.0",
      "author": "Mart\u00ednez Alonso, H\u00e9ctor; Pascual, Elena; Zeman, Daniel"
    },
    {
      "name": "UD Catalan AnCora v2.8 + NER v3.2.8",
      "url": "https://github.com/TeMU-BSC/spacy/releases/tag/3.2.8",
      "license": "CC BY 4.0",
      "author": "Carlos Rodr\u00edguez-Penagos and Carme Armentano-Oller"
    },
    {
      "name": "Catalan Lemmatizer",
      "url": "https://github.com/explosion/spacy-lookups-data",
      "license": "CC0",
      "author": "Text Mining Unit, Barcelona Supercomputing Center"
    },
    {
      "name": "PlanTL-GOB-ES/roberta-base-ca",
      "author": "Armengol-Estap\u00e9, Jordi; Carrino, Casimiro Pio; Rodriguez-Penagos, Carlos; de Gibert Bonet, Ona; Armentano-Oller, Carme; Gonzalez-Agirre, Aitor; Melero, Maite; Villegas, Marta",
      "url": "https://huggingface.co/PlanTL-GOB-ES/roberta-base-ca",
      "license": "Apache-2.0"
    }
  ],
  "requirements": [
    "spacy-transformers>=1.1.2,<1.2.0"
  ],
  "size": "442 MB",
  "checksum": "5c662057001a2f9a6af92b9178def9b8b8d28b1459fedd399b0a992273380e3a",
  "checksum_whl": "281e9c0be16f0facda16e9ee67cc2cafd0bcb73aabefadd68d43e47104eb8747"
}
