{
  "lang": "da",
  "name": "core_news_trf",
  "version": "3.1.0",
  "description": "Danish transformer pipeline (Maltehb/danish-bert-botxo). Components: transformer, morphologizer, parser, ner, attribute_ruler, lemmatizer.",
  "author": "Explosion",
  "email": "contact@explosion.ai",
  "url": "https://explosion.ai",
  "license": "CC BY-SA 4.0",
  "spacy_version": ">=3.1.0,<3.2.0",
  "spacy_git_version": "caba63b74",
  "vectors": {
    "width": 0,
    "vectors": 0,
    "keys": 0,
    "name": null
  },
  "labels": {
    "transformer": [],
    "morphologizer": [
      "AdpType=Prep|POS=ADP",
      "Definite=Ind|Gender=Com|Number=Sing|POS=NOUN",
      "Mood=Ind|POS=AUX|Tense=Pres|VerbForm=Fin|Voice=Act",
      "POS=PROPN",
      "Definite=Ind|Number=Sing|POS=VERB|Tense=Past|VerbForm=Part",
      "Definite=Def|Gender=Neut|Number=Sing|POS=NOUN",
      "POS=SCONJ",
      "Definite=Def|Gender=Com|Number=Sing|POS=NOUN",
      "Mood=Ind|POS=VERB|Tense=Pres|VerbForm=Fin|Voice=Act",
      "POS=ADV",
      "Number=Plur|POS=DET|PronType=Dem",
      "Degree=Pos|Number=Plur|POS=ADJ",
      "Definite=Ind|Gender=Com|Number=Plur|POS=NOUN",
      "POS=PUNCT",
      "POS=CCONJ",
      "Definite=Ind|Degree=Cmp|Number=Sing|POS=ADJ",
      "Degree=Cmp|POS=ADJ",
      "POS=PRON|PartType=Inf",
      "Gender=Com|Number=Sing|POS=DET|PronType=Ind",
      "Definite=Ind|Degree=Pos|Number=Sing|POS=ADJ",
      "Case=Acc|Gender=Neut|Number=Sing|POS=PRON|Person=3|PronType=Prs",
      "Definite=Ind|Gender=Neut|Number=Plur|POS=NOUN",
      "Definite=Def|Degree=Pos|Number=Sing|POS=ADJ",
      "Gender=Neut|Number=Sing|POS=DET|PronType=Dem",
      "Degree=Pos|POS=ADV",
      "Definite=Def|Number=Sing|POS=VERB|Tense=Past|VerbForm=Part",
      "Definite=Ind|Gender=Neut|Number=Sing|POS=NOUN",
      "POS=PRON|PronType=Dem",
      "NumType=Card|POS=NUM",
      "Definite=Ind|Degree=Pos|Gender=Neut|Number=Sing|POS=ADJ",
      "Case=Acc|Gender=Com|Number=Sing|POS=PRON|Person=3|PronType=Prs",
      "Degree=Pos|Gender=Com|Number=Sing|POS=ADJ",
      "Case=Nom|Gender=Com|Number=Sing|POS=PRON|Person=3|PronType=Prs",
      "NumType=Ord|POS=ADJ",
      "Gender=Com|Number=Sing|Number[psor]=Sing|POS=DET|Person=3|Poss=Yes|PronType=Prs|Reflex=Yes",
      "Mood=Ind|POS=AUX|Tense=Past|VerbForm=Fin|Voice=Act",
      "POS=VERB|VerbForm=Inf|Voice=Act",
      "Mood=Ind|POS=VERB|Tense=Past|VerbForm=Fin|Voice=Act",
      "POS=NOUN",
      "Mood=Ind|POS=VERB|Tense=Pres|VerbForm=Fin|Voice=Pass",
      "POS=ADP|PartType=Inf",
      "Degree=Pos|POS=ADJ",
      "Definite=Def|Gender=Com|Number=Plur|POS=NOUN",
      "Number[psor]=Sing|POS=DET|Person=3|Poss=Yes|PronType=Prs",
      "Case=Gen|Definite=Def|Gender=Com|Number=Sing|POS=NOUN",
      "POS=AUX|VerbForm=Inf|Voice=Act",
      "Definite=Ind|Degree=Pos|Gender=Com|Number=Sing|POS=ADJ",
      "Gender=Com|Number=Sing|POS=DET|PronType=Dem",
      "Number=Plur|POS=DET|PronType=Ind",
      "Gender=Com|Number=Sing|POS=PRON|PronType=Ind",
      "Case=Acc|POS=PRON|Person=3|PronType=Prs|Reflex=Yes",
      "POS=PART|PartType=Inf",
      "Gender=Neut|Number=Sing|POS=DET|PronType=Ind",
      "Case=Acc|Number=Plur|POS=PRON|Person=3|PronType=Prs",
      "Case=Gen|Definite=Def|Gender=Neut|Number=Sing|POS=NOUN",
      "Case=Nom|Number=Plur|POS=PRON|Person=3|PronType=Prs",
      "Case=Nom|Gender=Com|Number=Sing|POS=PRON|Person=1|PronType=Prs",
      "Case=Nom|Gender=Com|POS=PRON|PronType=Ind",
      "Gender=Neut|Number=Sing|POS=PRON|PronType=Ind",
      "Mood=Imp|POS=VERB",
      "Gender=Com|Number=Sing|Number[psor]=Sing|POS=DET|Person=1|Poss=Yes|PronType=Prs",
      "Definite=Ind|Number=Sing|POS=AUX|Tense=Past|VerbForm=Part",
      "POS=X",
      "Case=Nom|Gender=Com|Number=Plur|POS=PRON|Person=1|PronType=Prs",
      "Case=Gen|Definite=Def|Gender=Com|Number=Plur|POS=NOUN",
      "POS=VERB|Tense=Pres|VerbForm=Part",
      "Number=Plur|POS=PRON|PronType=Int,Rel",
      "POS=VERB|VerbForm=Inf|Voice=Pass",
      "Case=Gen|Definite=Ind|Gender=Com|Number=Sing|POS=NOUN",
      "Degree=Cmp|POS=ADV",
      "POS=ADV|PartType=Inf",
      "Degree=Sup|POS=ADV",
      "Number=Plur|POS=PRON|PronType=Dem",
      "Number=Plur|POS=PRON|PronType=Ind",
      "Definite=Def|Gender=Neut|Number=Plur|POS=NOUN",
      "Case=Acc|Gender=Com|Number=Sing|POS=PRON|Person=1|PronType=Prs",
      "Case=Gen|POS=PROPN",
      "POS=ADP",
      "Degree=Cmp|Number=Plur|POS=ADJ",
      "Definite=Def|Degree=Sup|POS=ADJ",
      "Gender=Neut|Number=Sing|Number[psor]=Sing|POS=DET|Person=1|Poss=Yes|PronType=Prs",
      "Degree=Pos|Number=Sing|POS=ADJ",
      "Number=Plur|Number[psor]=Sing|POS=DET|Person=3|Poss=Yes|PronType=Prs|Reflex=Yes",
      "Gender=Com|Number=Sing|Number[psor]=Plur|POS=DET|Person=1|Poss=Yes|PronType=Prs|Style=Form",
      "Number=Plur|POS=PRON|PronType=Rcp",
      "Case=Gen|Degree=Cmp|POS=ADJ",
      "Case=Gen|Definite=Def|Gender=Neut|Number=Plur|POS=NOUN",
      "Number[psor]=Plur|POS=DET|Person=3|Poss=Yes|PronType=Prs",
      "POS=INTJ",
      "Number=Plur|Number[psor]=Sing|POS=DET|Person=1|Poss=Yes|PronType=Prs",
      "Degree=Pos|Gender=Neut|Number=Sing|POS=ADJ",
      "Gender=Neut|Number=Sing|Number[psor]=Plur|POS=DET|Person=1|Poss=Yes|PronType=Prs|Style=Form",
      "Case=Acc|Gender=Com|Number=Sing|POS=PRON|Person=2|PronType=Prs",
      "Gender=Com|Number=Sing|Number[psor]=Sing|POS=DET|Person=2|Poss=Yes|PronType=Prs",
      "Case=Gen|Definite=Ind|Gender=Neut|Number=Plur|POS=NOUN",
      "Number=Sing|POS=PRON|PronType=Int,Rel",
      "Number=Plur|Number[psor]=Plur|POS=DET|Person=1|Poss=Yes|PronType=Prs|Style=Form",
      "Gender=Neut|Number=Sing|POS=PRON|PronType=Int,Rel",
      "Definite=Def|Degree=Sup|Number=Plur|POS=ADJ",
      "Case=Nom|Gender=Com|Number=Sing|POS=PRON|Person=2|PronType=Prs",
      "Gender=Neut|Number=Sing|Number[psor]=Sing|POS=DET|Person=3|Poss=Yes|PronType=Prs|Reflex=Yes",
      "Definite=Ind|Number=Sing|POS=NOUN",
      "Number=Plur|POS=VERB|Tense=Past|VerbForm=Part",
      "Number=Plur|Number[psor]=Sing|POS=PRON|Person=3|Poss=Yes|PronType=Prs|Reflex=Yes",
      "POS=SYM",
      "Case=Nom|Gender=Com|POS=PRON|Person=2|Polite=Form|PronType=Prs",
      "Degree=Sup|POS=ADJ",
      "Number=Plur|POS=DET|PronType=Ind|Style=Arch",
      "Case=Gen|Gender=Com|Number=Sing|POS=DET|PronType=Dem",
      "Foreign=Yes|POS=X",
      "POS=DET|Person=2|Polite=Form|Poss=Yes|PronType=Prs",
      "Gender=Neut|Number=Sing|POS=PRON|PronType=Dem",
      "Case=Acc|Gender=Com|Number=Plur|POS=PRON|Person=1|PronType=Prs",
      "Case=Gen|Definite=Ind|Gender=Neut|Number=Sing|POS=NOUN",
      "Case=Gen|POS=PRON|PronType=Int,Rel",
      "Gender=Com|Number=Sing|POS=PRON|PronType=Dem",
      "Abbr=Yes|POS=X",
      "Case=Gen|Definite=Ind|Gender=Com|Number=Plur|POS=NOUN",
      "Definite=Def|Degree=Abs|POS=ADJ",
      "Definite=Ind|Degree=Sup|Number=Sing|POS=ADJ",
      "Definite=Ind|POS=NOUN",
      "Gender=Com|Number=Plur|POS=NOUN",
      "Number[psor]=Plur|POS=DET|Person=1|Poss=Yes|PronType=Prs",
      "Gender=Com|POS=PRON|PronType=Int,Rel",
      "Case=Nom|Gender=Com|Number=Plur|POS=PRON|Person=2|PronType=Prs",
      "Degree=Abs|POS=ADV",
      "POS=VERB|VerbForm=Ger",
      "POS=VERB|Tense=Past|VerbForm=Part",
      "Definite=Def|Degree=Sup|Number=Sing|POS=ADJ",
      "Number=Plur|Number[psor]=Plur|POS=PRON|Person=1|Poss=Yes|PronType=Prs|Style=Form",
      "Case=Gen|Definite=Def|Degree=Pos|Number=Sing|POS=ADJ",
      "Case=Gen|Degree=Pos|Number=Plur|POS=ADJ",
      "Case=Acc|Gender=Com|POS=PRON|Person=2|Polite=Form|PronType=Prs",
      "Gender=Com|Number=Sing|POS=PRON|PronType=Int,Rel",
      "POS=VERB|Tense=Pres",
      "Case=Gen|Number=Plur|POS=DET|PronType=Ind",
      "Number[psor]=Plur|POS=DET|Person=2|Poss=Yes|PronType=Prs",
      "POS=PRON|Person=2|Polite=Form|Poss=Yes|PronType=Prs",
      "Gender=Neut|Number=Sing|Number[psor]=Sing|POS=DET|Person=2|Poss=Yes|PronType=Prs",
      "POS=AUX|Tense=Pres|VerbForm=Part",
      "Mood=Ind|POS=VERB|Tense=Past|VerbForm=Fin|Voice=Pass",
      "Gender=Com|Number=Sing|Number[psor]=Sing|POS=PRON|Person=3|Poss=Yes|PronType=Prs|Reflex=Yes",
      "Degree=Sup|Number=Plur|POS=ADJ",
      "Case=Acc|Gender=Com|Number=Plur|POS=PRON|Person=2|PronType=Prs",
      "Gender=Neut|Number=Sing|Number[psor]=Sing|POS=PRON|Person=3|Poss=Yes|PronType=Prs|Reflex=Yes",
      "Definite=Ind|Number=Plur|POS=NOUN",
      "Case=Gen|Number=Plur|POS=VERB|Tense=Past|VerbForm=Part",
      "Mood=Imp|POS=AUX",
      "Gender=Com|Number=Sing|Number[psor]=Sing|POS=PRON|Person=1|Poss=Yes|PronType=Prs",
      "Number[psor]=Sing|POS=PRON|Person=3|Poss=Yes|PronType=Prs",
      "Definite=Def|Gender=Com|Number=Sing|POS=VERB|Tense=Past|VerbForm=Part",
      "Number=Plur|Number[psor]=Sing|POS=DET|Person=2|Poss=Yes|PronType=Prs",
      "Case=Gen|Gender=Com|Number=Sing|POS=DET|PronType=Ind",
      "Case=Gen|POS=NOUN",
      "Number[psor]=Plur|POS=PRON|Person=3|Poss=Yes|PronType=Prs",
      "POS=DET|PronType=Dem",
      "Definite=Def|Number=Plur|POS=NOUN"
    ],
    "parser": [
      "ROOT",
      "acl:relcl",
      "advcl",
      "advmod",
      "amod",
      "appos",
      "aux",
      "case",
      "cc",
      "ccomp",
      "compound:prt",
      "conj",
      "cop",
      "dep",
      "det",
      "expl",
      "fixed",
      "flat",
      "iobj",
      "list",
      "mark",
      "nmod",
      "nmod:poss",
      "nsubj",
      "nummod",
      "obj",
      "obl",
      "obl:loc",
      "obl:tmod",
      "punct",
      "xcomp"
    ],
    "attribute_ruler": [],
    "lemmatizer": [],
    "ner": [
      "LOC",
      "MISC",
      "ORG",
      "PER"
    ]
  },
  "pipeline": [
    "transformer",
    "morphologizer",
    "parser",
    "attribute_ruler",
    "lemmatizer",
    "ner"
  ],
  "components": [
    "transformer",
    "morphologizer",
    "parser",
    "attribute_ruler",
    "lemmatizer",
    "ner"
  ],
  "disabled": [],
  "performance": {
    "token_acc": 0.9994672349,
    "tag_acc": 0.9797559086,
    "pos_acc": 0.9797559086,
    "morph_acc": 0.9774312282,
    "lemma_acc": 0.8491041162,
    "dep_uas": 0.8764860189,
    "dep_las": 0.8503822758,
    "ents_p": 0.8204081633,
    "ents_r": 0.8375,
    "ents_f": 0.8288659794,
    "sents_p": 0.8653846154,
    "sents_r": 0.8776595745,
    "sents_f": 0.8714788732,
    "speed": 1719.0691313848,
    "morph_per_feat": {
      "Mood": {
        "p": 0.9933142311,
        "r": 0.9914204004,
        "f": 0.9923664122
      },
      "Tense": {
        "p": 0.983495874,
        "r": 0.9871987952,
        "f": 0.9853438557
      },
      "VerbForm": {
        "p": 0.9834862385,
        "r": 0.9840881273,
        "f": 0.9837870909
      },
      "Voice": {
        "p": 0.994011976,
        "r": 0.9925261584,
        "f": 0.9932685116
      },
      "Definite": {
        "p": 0.9876592357,
        "r": 0.9802449625,
        "f": 0.9839381321
      },
      "Gender": {
        "p": 0.983277592,
        "r": 0.9770687936,
        "f": 0.9801633606
      },
      "Number": {
        "p": 0.9884484117,
        "r": 0.9820031299,
        "f": 0.9852152296
      },
      "AdpType": {
        "p": 1.0,
        "r": 0.9955791335,
        "f": 0.9977846699
      },
      "PartType": {
        "p": 1.0,
        "r": 0.9902597403,
        "f": 0.9951060359
      },
      "Case": {
        "p": 0.9968102073,
        "r": 0.9873617694,
        "f": 0.9920634921
      },
      "Person": {
        "p": 0.9910714286,
        "r": 0.9857904085,
        "f": 0.9884238646
      },
      "PronType": {
        "p": 0.9958779885,
        "r": 0.9934210526,
        "f": 0.9946480033
      },
      "NumType": {
        "p": 0.9863945578,
        "r": 0.9602649007,
        "f": 0.9731543624
      },
      "Degree": {
        "p": 0.9792176039,
        "r": 0.965060241,
        "f": 0.9720873786
      },
      "Reflex": {
        "p": 1.0,
        "r": 1.0,
        "f": 1.0
      },
      "Polite": {
        "p": 0.0,
        "r": 0.0,
        "f": 0.0
      },
      "Number[psor]": {
        "p": 0.9772727273,
        "r": 1.0,
        "f": 0.9885057471
      },
      "Poss": {
        "p": 1.0,
        "r": 1.0,
        "f": 1.0
      },
      "Foreign": {
        "p": 1.0,
        "r": 0.5,
        "f": 0.6666666667
      },
      "Abbr": {
        "p": 0.6666666667,
        "r": 0.4,
        "f": 0.5
      },
      "Style": {
        "p": 1.0,
        "r": 1.0,
        "f": 1.0
      }
    },
    "dep_las_per_type": {
      "advmod": {
        "p": 0.8047752809,
        "r": 0.8093220339,
        "f": 0.8070422535
      },
      "root": {
        "p": 0.8641114983,
        "r": 0.8794326241,
        "f": 0.8717047452
      },
      "nsubj": {
        "p": 0.9172852598,
        "r": 0.9124472574,
        "f": 0.9148598625
      },
      "case": {
        "p": 0.9202392822,
        "r": 0.912055336,
        "f": 0.9161290323
      },
      "obl": {
        "p": 0.7947122862,
        "r": 0.7947122862,
        "f": 0.7947122862
      },
      "cc": {
        "p": 0.863372093,
        "r": 0.863372093,
        "f": 0.863372093
      },
      "conj": {
        "p": 0.7780748663,
        "r": 0.776,
        "f": 0.7770360481
      },
      "obj": {
        "p": 0.8913857678,
        "r": 0.9242718447,
        "f": 0.9075309819
      },
      "aux": {
        "p": 0.9058823529,
        "r": 0.8979591837,
        "f": 0.9019033675
      },
      "acl:relcl": {
        "p": 0.7298850575,
        "r": 0.6864864865,
        "f": 0.7075208914
      },
      "obl:loc": {
        "p": 0.7777777778,
        "r": 0.8,
        "f": 0.7887323944
      },
      "det": {
        "p": 0.9299674267,
        "r": 0.9406919275,
        "f": 0.9352989353
      },
      "amod": {
        "p": 0.8752107926,
        "r": 0.885665529,
        "f": 0.8804071247
      },
      "nmod:poss": {
        "p": 0.7058823529,
        "r": 0.7128712871,
        "f": 0.7093596059
      },
      "ccomp": {
        "p": 0.7833333333,
        "r": 0.7580645161,
        "f": 0.7704918033
      },
      "nummod": {
        "p": 0.8083333333,
        "r": 0.8083333333,
        "f": 0.8083333333
      },
      "flat": {
        "p": 0.8527607362,
        "r": 0.9205298013,
        "f": 0.8853503185
      },
      "compound:prt": {
        "p": 0.696969697,
        "r": 0.5609756098,
        "f": 0.6216216216
      },
      "advcl": {
        "p": 0.7213114754,
        "r": 0.7586206897,
        "f": 0.7394957983
      },
      "mark": {
        "p": 0.9351464435,
        "r": 0.9178644764,
        "f": 0.9264248705
      },
      "cop": {
        "p": 0.8965517241,
        "r": 0.8914285714,
        "f": 0.893982808
      },
      "dep": {
        "p": 0.2755102041,
        "r": 0.5094339623,
        "f": 0.357615894
      },
      "nmod": {
        "p": 0.737804878,
        "r": 0.708984375,
        "f": 0.7231075697
      },
      "iobj": {
        "p": 0.9230769231,
        "r": 0.5454545455,
        "f": 0.6857142857
      },
      "xcomp": {
        "p": 0.7368421053,
        "r": 0.4745762712,
        "f": 0.5773195876
      },
      "list": {
        "p": 0.4666666667,
        "r": 0.3888888889,
        "f": 0.4242424242
      },
      "vocative": {
        "p": 0.0,
        "r": 0.0,
        "f": 0.0
      },
      "fixed": {
        "p": 0.9705882353,
        "r": 0.7857142857,
        "f": 0.8684210526
      },
      "expl": {
        "p": 0.9117647059,
        "r": 0.9117647059,
        "f": 0.9117647059
      },
      "appos": {
        "p": 0.6153846154,
        "r": 0.7272727273,
        "f": 0.6666666667
      },
      "obl:tmod": {
        "p": 0.9230769231,
        "r": 0.6666666667,
        "f": 0.7741935484
      },
      "discourse": {
        "p": 0.0,
        "r": 0.0,
        "f": 0.0
      }
    },
    "ents_per_type": {
      "PER": {
        "p": 0.8947368421,
        "r": 0.921686747,
        "f": 0.9080118694
      },
      "ORG": {
        "p": 0.7922077922,
        "r": 0.6777777778,
        "f": 0.7305389222
      },
      "MISC": {
        "p": 0.7154471545,
        "r": 0.7787610619,
        "f": 0.7457627119
      },
      "LOC": {
        "p": 0.8403361345,
        "r": 0.9009009009,
        "f": 0.8695652174
      }
    }
  },
  "sources": [
    {
      "name": "UD Danish DDT v2.5",
      "url": "https://github.com/UniversalDependencies/UD_Danish-DDT",
      "license": "CC BY-SA 4.0",
      "author": "Johannsen, Anders; Mart\u00ednez Alonso, H\u00e9ctor; Plank, Barbara"
    },
    {
      "name": "DaNE",
      "url": "https://github.com/alexandrainst/danlp/blob/master/docs/datasets.md#danish-dependency-treebank-dane",
      "license": "CC BY-SA 4.0",
      "author": "Rasmus Hvingelby, Amalie B. Pauli, Maria Barrett, Christina Rosted, Lasse M. Lidegaard, Anders S\u00f8gaard"
    },
    {
      "name": "Lemmatization Lists",
      "url": "https://github.com/michmech/lemmatization-lists/",
      "license": "ODbL",
      "author": "Michal M\u011bchura"
    },
    {
      "name": "Maltehb/danish-bert-botxo",
      "author": "BotXO.ai",
      "url": "https://huggingface.co/Maltehb/danish-bert-botxo",
      "license": "CC BY 4.0"
    }
  ],
  "requirements": [
    "spacy-transformers>=1.0.3,<1.1.0"
  ],
  "size": "398 MB",
  "checksum": "f40efc6c6e17658fce268de5fb70eef762e46949462dd8318924d1e55cbfa721",
  "checksum_whl": "8a91a8bc40c3bb22170006bbec93c2aabcc6aa93c14da5282fb97c7a7412385c"
}