{
  "lang": "da",
  "name": "core_news_lg",
  "version": "3.0.0",
  "description": "Danish pipeline optimized for CPU. Components: tok2vec, morphologizer, parser, senter, ner, attribute_ruler, lemmatizer.",
  "author": "Explosion",
  "email": "contact@explosion.ai",
  "url": "https://explosion.ai",
  "license": "CC BY-SA 4.0",
  "spacy_version": ">=3.0.0,<3.1.0",
  "spacy_git_version": "e7db07a0b",
  "vectors": {
    "width": 300,
    "vectors": 500000,
    "keys": 500000,
    "name": "da_vectors"
  },
  "labels": {
    "tok2vec": [],
    "morphologizer": [
      "AdpType=Prep|POS=ADP",
      "Definite=Ind|Gender=Com|Number=Sing|POS=NOUN",
      "Mood=Ind|POS=AUX|Tense=Pres|VerbForm=Fin|Voice=Act",
      "POS=PROPN",
      "Definite=Ind|Number=Sing|POS=VERB|Tense=Past|VerbForm=Part",
      "Definite=Def|Gender=Neut|Number=Sing|POS=NOUN",
      "POS=SCONJ",
      "Definite=Def|Gender=Com|Number=Sing|POS=NOUN",
      "Mood=Ind|POS=VERB|Tense=Pres|VerbForm=Fin|Voice=Act",
      "POS=ADV",
      "Number=Plur|POS=DET|PronType=Dem",
      "Degree=Pos|Number=Plur|POS=ADJ",
      "Definite=Ind|Gender=Com|Number=Plur|POS=NOUN",
      "POS=PUNCT",
      "POS=CCONJ",
      "Definite=Ind|Degree=Cmp|Number=Sing|POS=ADJ",
      "Degree=Cmp|POS=ADJ",
      "POS=PRON|PartType=Inf",
      "Gender=Com|Number=Sing|POS=DET|PronType=Ind",
      "Definite=Ind|Degree=Pos|Number=Sing|POS=ADJ",
      "Case=Acc|Gender=Neut|Number=Sing|POS=PRON|Person=3|PronType=Prs",
      "Definite=Ind|Gender=Neut|Number=Plur|POS=NOUN",
      "Definite=Def|Degree=Pos|Number=Sing|POS=ADJ",
      "Gender=Neut|Number=Sing|POS=DET|PronType=Dem",
      "Degree=Pos|POS=ADV",
      "Definite=Def|Number=Sing|POS=VERB|Tense=Past|VerbForm=Part",
      "Definite=Ind|Gender=Neut|Number=Sing|POS=NOUN",
      "POS=PRON|PronType=Dem",
      "NumType=Card|POS=NUM",
      "Definite=Ind|Degree=Pos|Gender=Neut|Number=Sing|POS=ADJ",
      "Case=Acc|Gender=Com|Number=Sing|POS=PRON|Person=3|PronType=Prs",
      "Degree=Pos|Gender=Com|Number=Sing|POS=ADJ",
      "Case=Nom|Gender=Com|Number=Sing|POS=PRON|Person=3|PronType=Prs",
      "NumType=Ord|POS=ADJ",
      "Gender=Com|Number=Sing|Number[psor]=Sing|POS=DET|Person=3|Poss=Yes|PronType=Prs|Reflex=Yes",
      "Mood=Ind|POS=AUX|Tense=Past|VerbForm=Fin|Voice=Act",
      "POS=VERB|VerbForm=Inf|Voice=Act",
      "Mood=Ind|POS=VERB|Tense=Past|VerbForm=Fin|Voice=Act",
      "POS=NOUN",
      "Mood=Ind|POS=VERB|Tense=Pres|VerbForm=Fin|Voice=Pass",
      "POS=ADP|PartType=Inf",
      "Degree=Pos|POS=ADJ",
      "Definite=Def|Gender=Com|Number=Plur|POS=NOUN",
      "Number[psor]=Sing|POS=DET|Person=3|Poss=Yes|PronType=Prs",
      "Case=Gen|Definite=Def|Gender=Com|Number=Sing|POS=NOUN",
      "POS=AUX|VerbForm=Inf|Voice=Act",
      "Definite=Ind|Degree=Pos|Gender=Com|Number=Sing|POS=ADJ",
      "Gender=Com|Number=Sing|POS=DET|PronType=Dem",
      "Number=Plur|POS=DET|PronType=Ind",
      "Gender=Com|Number=Sing|POS=PRON|PronType=Ind",
      "Case=Acc|POS=PRON|Person=3|PronType=Prs|Reflex=Yes",
      "POS=PART|PartType=Inf",
      "Gender=Neut|Number=Sing|POS=DET|PronType=Ind",
      "Case=Acc|Number=Plur|POS=PRON|Person=3|PronType=Prs",
      "Case=Gen|Definite=Def|Gender=Neut|Number=Sing|POS=NOUN",
      "Case=Nom|Number=Plur|POS=PRON|Person=3|PronType=Prs",
      "Case=Nom|Gender=Com|Number=Sing|POS=PRON|Person=1|PronType=Prs",
      "Case=Nom|Gender=Com|POS=PRON|PronType=Ind",
      "Gender=Neut|Number=Sing|POS=PRON|PronType=Ind",
      "Mood=Imp|POS=VERB",
      "Gender=Com|Number=Sing|Number[psor]=Sing|POS=DET|Person=1|Poss=Yes|PronType=Prs",
      "Definite=Ind|Number=Sing|POS=AUX|Tense=Past|VerbForm=Part",
      "POS=X",
      "Case=Nom|Gender=Com|Number=Plur|POS=PRON|Person=1|PronType=Prs",
      "Case=Gen|Definite=Def|Gender=Com|Number=Plur|POS=NOUN",
      "POS=VERB|Tense=Pres|VerbForm=Part",
      "Number=Plur|POS=PRON|PronType=Int,Rel",
      "POS=VERB|VerbForm=Inf|Voice=Pass",
      "Case=Gen|Definite=Ind|Gender=Com|Number=Sing|POS=NOUN",
      "Degree=Cmp|POS=ADV",
      "POS=ADV|PartType=Inf",
      "Degree=Sup|POS=ADV",
      "Number=Plur|POS=PRON|PronType=Dem",
      "Number=Plur|POS=PRON|PronType=Ind",
      "Definite=Def|Gender=Neut|Number=Plur|POS=NOUN",
      "Case=Acc|Gender=Com|Number=Sing|POS=PRON|Person=1|PronType=Prs",
      "Case=Gen|POS=PROPN",
      "POS=ADP",
      "Degree=Cmp|Number=Plur|POS=ADJ",
      "Definite=Def|Degree=Sup|POS=ADJ",
      "Gender=Neut|Number=Sing|Number[psor]=Sing|POS=DET|Person=1|Poss=Yes|PronType=Prs",
      "Degree=Pos|Number=Sing|POS=ADJ",
      "Number=Plur|Number[psor]=Sing|POS=DET|Person=3|Poss=Yes|PronType=Prs|Reflex=Yes",
      "Gender=Com|Number=Sing|Number[psor]=Plur|POS=DET|Person=1|Poss=Yes|PronType=Prs|Style=Form",
      "Number=Plur|POS=PRON|PronType=Rcp",
      "Case=Gen|Degree=Cmp|POS=ADJ",
      "Case=Gen|Definite=Def|Gender=Neut|Number=Plur|POS=NOUN",
      "Number[psor]=Plur|POS=DET|Person=3|Poss=Yes|PronType=Prs",
      "POS=INTJ",
      "Number=Plur|Number[psor]=Sing|POS=DET|Person=1|Poss=Yes|PronType=Prs",
      "Degree=Pos|Gender=Neut|Number=Sing|POS=ADJ",
      "Gender=Neut|Number=Sing|Number[psor]=Plur|POS=DET|Person=1|Poss=Yes|PronType=Prs|Style=Form",
      "Case=Acc|Gender=Com|Number=Sing|POS=PRON|Person=2|PronType=Prs",
      "Gender=Com|Number=Sing|Number[psor]=Sing|POS=DET|Person=2|Poss=Yes|PronType=Prs",
      "Case=Gen|Definite=Ind|Gender=Neut|Number=Plur|POS=NOUN",
      "Number=Sing|POS=PRON|PronType=Int,Rel",
      "Number=Plur|Number[psor]=Plur|POS=DET|Person=1|Poss=Yes|PronType=Prs|Style=Form",
      "Gender=Neut|Number=Sing|POS=PRON|PronType=Int,Rel",
      "Definite=Def|Degree=Sup|Number=Plur|POS=ADJ",
      "Case=Nom|Gender=Com|Number=Sing|POS=PRON|Person=2|PronType=Prs",
      "Gender=Neut|Number=Sing|Number[psor]=Sing|POS=DET|Person=3|Poss=Yes|PronType=Prs|Reflex=Yes",
      "Definite=Ind|Number=Sing|POS=NOUN",
      "Number=Plur|POS=VERB|Tense=Past|VerbForm=Part",
      "Number=Plur|Number[psor]=Sing|POS=PRON|Person=3|Poss=Yes|PronType=Prs|Reflex=Yes",
      "POS=SYM",
      "Case=Nom|Gender=Com|POS=PRON|Person=2|Polite=Form|PronType=Prs",
      "Degree=Sup|POS=ADJ",
      "Number=Plur|POS=DET|PronType=Ind|Style=Arch",
      "Case=Gen|Gender=Com|Number=Sing|POS=DET|PronType=Dem",
      "Foreign=Yes|POS=X",
      "POS=DET|Person=2|Polite=Form|Poss=Yes|PronType=Prs",
      "Gender=Neut|Number=Sing|POS=PRON|PronType=Dem",
      "Case=Acc|Gender=Com|Number=Plur|POS=PRON|Person=1|PronType=Prs",
      "Case=Gen|Definite=Ind|Gender=Neut|Number=Sing|POS=NOUN",
      "Case=Gen|POS=PRON|PronType=Int,Rel",
      "Gender=Com|Number=Sing|POS=PRON|PronType=Dem",
      "Abbr=Yes|POS=X",
      "Case=Gen|Definite=Ind|Gender=Com|Number=Plur|POS=NOUN",
      "Definite=Def|Degree=Abs|POS=ADJ",
      "Definite=Ind|Degree=Sup|Number=Sing|POS=ADJ",
      "Definite=Ind|POS=NOUN",
      "Gender=Com|Number=Plur|POS=NOUN",
      "Number[psor]=Plur|POS=DET|Person=1|Poss=Yes|PronType=Prs",
      "Gender=Com|POS=PRON|PronType=Int,Rel",
      "Case=Nom|Gender=Com|Number=Plur|POS=PRON|Person=2|PronType=Prs",
      "Degree=Abs|POS=ADV",
      "POS=VERB|VerbForm=Ger",
      "POS=VERB|Tense=Past|VerbForm=Part",
      "Definite=Def|Degree=Sup|Number=Sing|POS=ADJ",
      "Number=Plur|Number[psor]=Plur|POS=PRON|Person=1|Poss=Yes|PronType=Prs|Style=Form",
      "Case=Gen|Definite=Def|Degree=Pos|Number=Sing|POS=ADJ",
      "Case=Gen|Degree=Pos|Number=Plur|POS=ADJ",
      "Case=Acc|Gender=Com|POS=PRON|Person=2|Polite=Form|PronType=Prs",
      "Gender=Com|Number=Sing|POS=PRON|PronType=Int,Rel",
      "POS=VERB|Tense=Pres",
      "Case=Gen|Number=Plur|POS=DET|PronType=Ind",
      "Number[psor]=Plur|POS=DET|Person=2|Poss=Yes|PronType=Prs",
      "POS=PRON|Person=2|Polite=Form|Poss=Yes|PronType=Prs",
      "Gender=Neut|Number=Sing|Number[psor]=Sing|POS=DET|Person=2|Poss=Yes|PronType=Prs",
      "POS=AUX|Tense=Pres|VerbForm=Part",
      "Mood=Ind|POS=VERB|Tense=Past|VerbForm=Fin|Voice=Pass",
      "Gender=Com|Number=Sing|Number[psor]=Sing|POS=PRON|Person=3|Poss=Yes|PronType=Prs|Reflex=Yes",
      "Degree=Sup|Number=Plur|POS=ADJ",
      "Case=Acc|Gender=Com|Number=Plur|POS=PRON|Person=2|PronType=Prs",
      "Gender=Neut|Number=Sing|Number[psor]=Sing|POS=PRON|Person=3|Poss=Yes|PronType=Prs|Reflex=Yes",
      "Definite=Ind|Number=Plur|POS=NOUN",
      "Case=Gen|Number=Plur|POS=VERB|Tense=Past|VerbForm=Part",
      "Mood=Imp|POS=AUX",
      "Gender=Com|Number=Sing|Number[psor]=Sing|POS=PRON|Person=1|Poss=Yes|PronType=Prs",
      "Number[psor]=Sing|POS=PRON|Person=3|Poss=Yes|PronType=Prs",
      "Definite=Def|Gender=Com|Number=Sing|POS=VERB|Tense=Past|VerbForm=Part",
      "Number=Plur|Number[psor]=Sing|POS=DET|Person=2|Poss=Yes|PronType=Prs",
      "Case=Gen|Gender=Com|Number=Sing|POS=DET|PronType=Ind",
      "Case=Gen|POS=NOUN",
      "Number[psor]=Plur|POS=PRON|Person=3|Poss=Yes|PronType=Prs",
      "POS=DET|PronType=Dem",
      "Definite=Def|Number=Plur|POS=NOUN"
    ],
    "parser": [
      "ROOT",
      "acl:relcl",
      "advcl",
      "advmod",
      "amod",
      "appos",
      "aux",
      "case",
      "cc",
      "ccomp",
      "compound:prt",
      "conj",
      "cop",
      "dep",
      "det",
      "expl",
      "fixed",
      "flat",
      "iobj",
      "list",
      "mark",
      "nmod",
      "nmod:poss",
      "nsubj",
      "nummod",
      "obj",
      "obl",
      "obl:loc",
      "obl:tmod",
      "punct",
      "xcomp"
    ],
    "senter": [
      "I",
      "S"
    ],
    "ner": [
      "LOC",
      "MISC",
      "ORG",
      "PER"
    ],
    "attribute_ruler": [],
    "lemmatizer": []
  },
  "pipeline": [
    "tok2vec",
    "morphologizer",
    "parser",
    "ner",
    "attribute_ruler",
    "lemmatizer"
  ],
  "components": [
    "tok2vec",
    "morphologizer",
    "parser",
    "senter",
    "ner",
    "attribute_ruler",
    "lemmatizer"
  ],
  "disabled": [
    "senter"
  ],
  "performance": {
    "token_acc": 0.9994672349,
    "tag_acc": 0.9662953995,
    "pos_acc": 0.9662953995,
    "morph_acc": 0.9568038741,
    "lemma_acc": 0.8491041162,
    "dep_uas": 0.8204813222,
    "dep_las": 0.7807928532,
    "ents_p": 0.821802935,
    "ents_r": 0.8166666667,
    "ents_f": 0.8192267503,
    "sents_p": 0.8772241993,
    "sents_r": 0.8741134752,
    "sents_f": 0.8756660746,
    "speed": 12337.1661142435,
    "morph_per_feat": {
      "Mood": {
        "p": 0.9790675547,
        "r": 0.9809342231,
        "f": 0.98
      },
      "Tense": {
        "p": 0.9744168548,
        "r": 0.9751506024,
        "f": 0.9747835905
      },
      "VerbForm": {
        "p": 0.9644607843,
        "r": 0.9632802938,
        "f": 0.9638701776
      },
      "Voice": {
        "p": 0.9783743475,
        "r": 0.980568012,
        "f": 0.9794699515
      },
      "Definite": {
        "p": 0.9674473998,
        "r": 0.9628605294,
        "f": 0.9651485149
      },
      "Gender": {
        "p": 0.956391478,
        "r": 0.9548022599,
        "f": 0.9555962082
      },
      "Number": {
        "p": 0.9675052411,
        "r": 0.962962963,
        "f": 0.9652287582
      },
      "AdpType": {
        "p": 0.9982094897,
        "r": 0.9858532272,
        "f": 0.9919928826
      },
      "PartType": {
        "p": 1.0,
        "r": 1.0,
        "f": 1.0
      },
      "Case": {
        "p": 0.9778129952,
        "r": 0.9747235387,
        "f": 0.9762658228
      },
      "Person": {
        "p": 0.9788359788,
        "r": 0.9857904085,
        "f": 0.982300885
      },
      "PronType": {
        "p": 0.9884773663,
        "r": 0.9876644737,
        "f": 0.9880707528
      },
      "NumType": {
        "p": 0.9795918367,
        "r": 0.9536423841,
        "f": 0.966442953
      },
      "Degree": {
        "p": 0.9657282742,
        "r": 0.9506024096,
        "f": 0.9581056466
      },
      "Reflex": {
        "p": 1.0,
        "r": 1.0,
        "f": 1.0
      },
      "Number[psor]": {
        "p": 0.9772727273,
        "r": 1.0,
        "f": 0.9885057471
      },
      "Poss": {
        "p": 1.0,
        "r": 1.0,
        "f": 1.0
      },
      "Foreign": {
        "p": 1.0,
        "r": 0.4,
        "f": 0.5714285714
      },
      "Abbr": {
        "p": 0.0,
        "r": 0.0,
        "f": 0.0
      },
      "Style": {
        "p": 1.0,
        "r": 1.0,
        "f": 1.0
      },
      "Polite": {
        "p": 0.0,
        "r": 0.0,
        "f": 0.0
      }
    },
    "dep_las_per_type": {
      "advmod": {
        "p": 0.6868131868,
        "r": 0.7062146893,
        "f": 0.6963788301
      },
      "root": {
        "p": 0.8407871199,
        "r": 0.8333333333,
        "f": 0.8370436331
      },
      "nsubj": {
        "p": 0.8603651987,
        "r": 0.8449367089,
        "f": 0.8525811602
      },
      "case": {
        "p": 0.8879056047,
        "r": 0.8922924901,
        "f": 0.8900936422
      },
      "obl": {
        "p": 0.6948881789,
        "r": 0.6765163297,
        "f": 0.6855791962
      },
      "cc": {
        "p": 0.7855072464,
        "r": 0.7877906977,
        "f": 0.7866473149
      },
      "conj": {
        "p": 0.6209677419,
        "r": 0.616,
        "f": 0.6184738956
      },
      "obj": {
        "p": 0.7992633517,
        "r": 0.8427184466,
        "f": 0.820415879
      },
      "aux": {
        "p": 0.8801169591,
        "r": 0.8775510204,
        "f": 0.8788321168
      },
      "acl:relcl": {
        "p": 0.6051282051,
        "r": 0.6378378378,
        "f": 0.6210526316
      },
      "obl:loc": {
        "p": 0.7183098592,
        "r": 0.7285714286,
        "f": 0.7234042553
      },
      "det": {
        "p": 0.9126853377,
        "r": 0.9126853377,
        "f": 0.9126853377
      },
      "amod": {
        "p": 0.8301886792,
        "r": 0.8259385666,
        "f": 0.8280581694
      },
      "nmod:poss": {
        "p": 0.693877551,
        "r": 0.6732673267,
        "f": 0.6834170854
      },
      "ccomp": {
        "p": 0.5972222222,
        "r": 0.6935483871,
        "f": 0.6417910448
      },
      "nummod": {
        "p": 0.8292682927,
        "r": 0.85,
        "f": 0.8395061728
      },
      "flat": {
        "p": 0.8181818182,
        "r": 0.8344370861,
        "f": 0.8262295082
      },
      "compound:prt": {
        "p": 0.3703703704,
        "r": 0.243902439,
        "f": 0.2941176471
      },
      "advcl": {
        "p": 0.6666666667,
        "r": 0.6379310345,
        "f": 0.6519823789
      },
      "mark": {
        "p": 0.8697478992,
        "r": 0.8501026694,
        "f": 0.8598130841
      },
      "cop": {
        "p": 0.7754010695,
        "r": 0.8285714286,
        "f": 0.8011049724
      },
      "dep": {
        "p": 0.1411764706,
        "r": 0.2264150943,
        "f": 0.1739130435
      },
      "nmod": {
        "p": 0.6259689922,
        "r": 0.630859375,
        "f": 0.6284046693
      },
      "iobj": {
        "p": 0.7692307692,
        "r": 0.4545454545,
        "f": 0.5714285714
      },
      "xcomp": {
        "p": 0.6388888889,
        "r": 0.3898305085,
        "f": 0.4842105263
      },
      "list": {
        "p": 0.4285714286,
        "r": 0.1666666667,
        "f": 0.24
      },
      "vocative": {
        "p": 0.0,
        "r": 0.0,
        "f": 0.0
      },
      "fixed": {
        "p": 0.825,
        "r": 0.7857142857,
        "f": 0.8048780488
      },
      "expl": {
        "p": 0.8285714286,
        "r": 0.8529411765,
        "f": 0.8405797101
      },
      "appos": {
        "p": 0.5454545455,
        "r": 0.5454545455,
        "f": 0.5454545455
      },
      "obl:tmod": {
        "p": 0.8571428571,
        "r": 0.3333333333,
        "f": 0.48
      },
      "discourse": {
        "p": 0.0,
        "r": 0.0,
        "f": 0.0
      }
    },
    "ents_per_type": {
      "PER": {
        "p": 0.9161290323,
        "r": 0.8554216867,
        "f": 0.8847352025
      },
      "ORG": {
        "p": 0.7804878049,
        "r": 0.7111111111,
        "f": 0.7441860465
      },
      "MISC": {
        "p": 0.688,
        "r": 0.7610619469,
        "f": 0.7226890756
      },
      "LOC": {
        "p": 0.8695652174,
        "r": 0.9009009009,
        "f": 0.8849557522
      }
    }
  },
  "sources": [
    {
      "name": "UD Danish DDT v2.5",
      "url": "https://github.com/UniversalDependencies/UD_Danish-DDT",
      "license": "CC BY-SA 4.0",
      "author": "Johannsen, Anders; Mart\u00ednez Alonso, H\u00e9ctor; Plank, Barbara"
    },
    {
      "name": "DaNE",
      "url": "https://github.com/alexandrainst/danlp/blob/master/docs/datasets.md#danish-dependency-treebank-dane",
      "license": "CC BY-SA 4.0",
      "author": "Rasmus Hvingelby, Amalie B. Pauli, Maria Barrett, Christina Rosted, Lasse M. Lidegaard, Anders S\u00f8gaard"
    }
  ],
  "requirements": [],
  "size": "547 MB",
  "checksum": "929f1fc02600708a55d436f57806639f7c4541528a34f7ac382a551a98a41c50",
  "checksum_whl": "2b6a5a6c64b4a753152c2abbb4537f46ceb20015f8c8d29d45594e56d1d887b7"
}