{
  "lang": "da",
  "name": "core_news_lg",
  "version": "3.4.0",
  "description": "Danish pipeline optimized for CPU. Components: tok2vec, morphologizer, parser, lemmatizer (trainable_lemmatizer), senter, ner, attribute_ruler.",
  "author": "Explosion",
  "email": "contact@explosion.ai",
  "url": "https://explosion.ai",
  "license": "CC BY-SA 4.0",
  "spacy_version": ">=3.4.0,<3.5.0",
  "spacy_git_version": "dd038b536",
  "vectors": {
    "width": 300,
    "vectors": 500000,
    "keys": 500000,
    "name": "da_vectors"
  },
  "labels": {
    "tok2vec": [],
    "morphologizer": [
      "AdpType=Prep|POS=ADP",
      "Definite=Ind|Gender=Com|Number=Sing|POS=NOUN",
      "Mood=Ind|POS=AUX|Tense=Pres|VerbForm=Fin|Voice=Act",
      "POS=PROPN",
      "Definite=Ind|Number=Sing|POS=VERB|Tense=Past|VerbForm=Part",
      "Definite=Def|Gender=Neut|Number=Sing|POS=NOUN",
      "POS=SCONJ",
      "Definite=Def|Gender=Com|Number=Sing|POS=NOUN",
      "Mood=Ind|POS=VERB|Tense=Pres|VerbForm=Fin|Voice=Act",
      "POS=ADV",
      "Number=Plur|POS=DET|PronType=Dem",
      "Degree=Pos|Number=Plur|POS=ADJ",
      "Definite=Ind|Gender=Com|Number=Plur|POS=NOUN",
      "POS=PUNCT",
      "POS=CCONJ",
      "Definite=Ind|Degree=Cmp|Number=Sing|POS=ADJ",
      "Degree=Cmp|POS=ADJ",
      "POS=PRON|PartType=Inf",
      "Gender=Com|Number=Sing|POS=DET|PronType=Ind",
      "Definite=Ind|Degree=Pos|Number=Sing|POS=ADJ",
      "Case=Acc|Gender=Neut|Number=Sing|POS=PRON|Person=3|PronType=Prs",
      "Definite=Ind|Gender=Neut|Number=Plur|POS=NOUN",
      "Definite=Def|Degree=Pos|Number=Sing|POS=ADJ",
      "Gender=Neut|Number=Sing|POS=DET|PronType=Dem",
      "Degree=Pos|POS=ADV",
      "Definite=Def|Number=Sing|POS=VERB|Tense=Past|VerbForm=Part",
      "Definite=Ind|Gender=Neut|Number=Sing|POS=NOUN",
      "POS=PRON|PronType=Dem",
      "NumType=Card|POS=NUM",
      "Definite=Ind|Degree=Pos|Gender=Neut|Number=Sing|POS=ADJ",
      "Case=Acc|Gender=Com|Number=Sing|POS=PRON|Person=3|PronType=Prs",
      "Degree=Pos|Gender=Com|Number=Sing|POS=ADJ",
      "Case=Nom|Gender=Com|Number=Sing|POS=PRON|Person=3|PronType=Prs",
      "NumType=Ord|POS=ADJ",
      "Gender=Com|Number=Sing|Number[psor]=Sing|POS=DET|Person=3|Poss=Yes|PronType=Prs|Reflex=Yes",
      "Mood=Ind|POS=AUX|Tense=Past|VerbForm=Fin|Voice=Act",
      "POS=VERB|VerbForm=Inf|Voice=Act",
      "Mood=Ind|POS=VERB|Tense=Past|VerbForm=Fin|Voice=Act",
      "POS=NOUN",
      "Mood=Ind|POS=VERB|Tense=Pres|VerbForm=Fin|Voice=Pass",
      "POS=ADP|PartType=Inf",
      "Degree=Pos|POS=ADJ",
      "Definite=Def|Gender=Com|Number=Plur|POS=NOUN",
      "Number[psor]=Sing|POS=DET|Person=3|Poss=Yes|PronType=Prs",
      "Case=Gen|Definite=Def|Gender=Com|Number=Sing|POS=NOUN",
      "POS=AUX|VerbForm=Inf|Voice=Act",
      "Definite=Ind|Degree=Pos|Gender=Com|Number=Sing|POS=ADJ",
      "Gender=Com|Number=Sing|POS=DET|PronType=Dem",
      "Number=Plur|POS=DET|PronType=Ind",
      "Gender=Com|Number=Sing|POS=PRON|PronType=Ind",
      "Case=Acc|POS=PRON|Person=3|PronType=Prs|Reflex=Yes",
      "POS=PART|PartType=Inf",
      "Gender=Neut|Number=Sing|POS=DET|PronType=Ind",
      "Case=Acc|Number=Plur|POS=PRON|Person=3|PronType=Prs",
      "Case=Gen|Definite=Def|Gender=Neut|Number=Sing|POS=NOUN",
      "Case=Nom|Number=Plur|POS=PRON|Person=3|PronType=Prs",
      "Case=Nom|Gender=Com|Number=Sing|POS=PRON|Person=1|PronType=Prs",
      "Case=Nom|Gender=Com|POS=PRON|PronType=Ind",
      "Gender=Neut|Number=Sing|POS=PRON|PronType=Ind",
      "Mood=Imp|POS=VERB",
      "Gender=Com|Number=Sing|Number[psor]=Sing|POS=DET|Person=1|Poss=Yes|PronType=Prs",
      "Definite=Ind|Number=Sing|POS=AUX|Tense=Past|VerbForm=Part",
      "POS=X",
      "Case=Nom|Gender=Com|Number=Plur|POS=PRON|Person=1|PronType=Prs",
      "Case=Gen|Definite=Def|Gender=Com|Number=Plur|POS=NOUN",
      "POS=VERB|Tense=Pres|VerbForm=Part",
      "Number=Plur|POS=PRON|PronType=Int,Rel",
      "POS=VERB|VerbForm=Inf|Voice=Pass",
      "Case=Gen|Definite=Ind|Gender=Com|Number=Sing|POS=NOUN",
      "Degree=Cmp|POS=ADV",
      "POS=ADV|PartType=Inf",
      "Degree=Sup|POS=ADV",
      "Number=Plur|POS=PRON|PronType=Dem",
      "Number=Plur|POS=PRON|PronType=Ind",
      "Definite=Def|Gender=Neut|Number=Plur|POS=NOUN",
      "Case=Acc|Gender=Com|Number=Sing|POS=PRON|Person=1|PronType=Prs",
      "Case=Gen|POS=PROPN",
      "POS=ADP",
      "Degree=Cmp|Number=Plur|POS=ADJ",
      "Definite=Def|Degree=Sup|POS=ADJ",
      "Gender=Neut|Number=Sing|Number[psor]=Sing|POS=DET|Person=1|Poss=Yes|PronType=Prs",
      "Degree=Pos|Number=Sing|POS=ADJ",
      "Number=Plur|Number[psor]=Sing|POS=DET|Person=3|Poss=Yes|PronType=Prs|Reflex=Yes",
      "Gender=Com|Number=Sing|Number[psor]=Plur|POS=DET|Person=1|Poss=Yes|PronType=Prs|Style=Form",
      "Number=Plur|POS=PRON|PronType=Rcp",
      "Case=Gen|Degree=Cmp|POS=ADJ",
      "POS=SPACE",
      "Case=Gen|Definite=Def|Gender=Neut|Number=Plur|POS=NOUN",
      "Number[psor]=Plur|POS=DET|Person=3|Poss=Yes|PronType=Prs",
      "POS=INTJ",
      "Number=Plur|Number[psor]=Sing|POS=DET|Person=1|Poss=Yes|PronType=Prs",
      "Degree=Pos|Gender=Neut|Number=Sing|POS=ADJ",
      "Gender=Neut|Number=Sing|Number[psor]=Plur|POS=DET|Person=1|Poss=Yes|PronType=Prs|Style=Form",
      "Case=Acc|Gender=Com|Number=Sing|POS=PRON|Person=2|PronType=Prs",
      "Gender=Com|Number=Sing|Number[psor]=Sing|POS=DET|Person=2|Poss=Yes|PronType=Prs",
      "Case=Gen|Definite=Ind|Gender=Neut|Number=Plur|POS=NOUN",
      "Number=Sing|POS=PRON|PronType=Int,Rel",
      "Number=Plur|Number[psor]=Plur|POS=DET|Person=1|Poss=Yes|PronType=Prs|Style=Form",
      "Gender=Neut|Number=Sing|POS=PRON|PronType=Int,Rel",
      "Definite=Def|Degree=Sup|Number=Plur|POS=ADJ",
      "Case=Nom|Gender=Com|Number=Sing|POS=PRON|Person=2|PronType=Prs",
      "Gender=Neut|Number=Sing|Number[psor]=Sing|POS=DET|Person=3|Poss=Yes|PronType=Prs|Reflex=Yes",
      "Definite=Ind|Number=Sing|POS=NOUN",
      "Number=Plur|POS=VERB|Tense=Past|VerbForm=Part",
      "Number=Plur|Number[psor]=Sing|POS=PRON|Person=3|Poss=Yes|PronType=Prs|Reflex=Yes",
      "POS=SYM",
      "Case=Nom|Gender=Com|POS=PRON|Person=2|Polite=Form|PronType=Prs",
      "Degree=Sup|POS=ADJ",
      "Number=Plur|POS=DET|PronType=Ind|Style=Arch",
      "Case=Gen|Gender=Com|Number=Sing|POS=DET|PronType=Dem",
      "Foreign=Yes|POS=X",
      "POS=DET|Person=2|Polite=Form|Poss=Yes|PronType=Prs",
      "Gender=Neut|Number=Sing|POS=PRON|PronType=Dem",
      "Case=Acc|Gender=Com|Number=Plur|POS=PRON|Person=1|PronType=Prs",
      "Case=Gen|Definite=Ind|Gender=Neut|Number=Sing|POS=NOUN",
      "Case=Gen|POS=PRON|PronType=Int,Rel",
      "Gender=Com|Number=Sing|POS=PRON|PronType=Dem",
      "Abbr=Yes|POS=X",
      "Case=Gen|Definite=Ind|Gender=Com|Number=Plur|POS=NOUN",
      "Definite=Def|Degree=Abs|POS=ADJ",
      "Definite=Ind|Degree=Sup|Number=Sing|POS=ADJ",
      "Definite=Ind|POS=NOUN",
      "Gender=Com|Number=Plur|POS=NOUN",
      "Number[psor]=Plur|POS=DET|Person=1|Poss=Yes|PronType=Prs",
      "Gender=Com|POS=PRON|PronType=Int,Rel",
      "Case=Nom|Gender=Com|Number=Plur|POS=PRON|Person=2|PronType=Prs",
      "Degree=Abs|POS=ADV",
      "POS=VERB|VerbForm=Ger",
      "POS=VERB|Tense=Past|VerbForm=Part",
      "Definite=Def|Degree=Sup|Number=Sing|POS=ADJ",
      "Number=Plur|Number[psor]=Plur|POS=PRON|Person=1|Poss=Yes|PronType=Prs|Style=Form",
      "Case=Gen|Definite=Def|Degree=Pos|Number=Sing|POS=ADJ",
      "Case=Gen|Degree=Pos|Number=Plur|POS=ADJ",
      "Case=Acc|Gender=Com|POS=PRON|Person=2|Polite=Form|PronType=Prs",
      "Gender=Com|Number=Sing|POS=PRON|PronType=Int,Rel",
      "POS=VERB|Tense=Pres",
      "Case=Gen|Number=Plur|POS=DET|PronType=Ind",
      "Number[psor]=Plur|POS=DET|Person=2|Poss=Yes|PronType=Prs",
      "POS=PRON|Person=2|Polite=Form|Poss=Yes|PronType=Prs",
      "Gender=Neut|Number=Sing|Number[psor]=Sing|POS=DET|Person=2|Poss=Yes|PronType=Prs",
      "POS=AUX|Tense=Pres|VerbForm=Part",
      "Mood=Ind|POS=VERB|Tense=Past|VerbForm=Fin|Voice=Pass",
      "Gender=Com|Number=Sing|Number[psor]=Sing|POS=PRON|Person=3|Poss=Yes|PronType=Prs|Reflex=Yes",
      "Degree=Sup|Number=Plur|POS=ADJ",
      "Case=Acc|Gender=Com|Number=Plur|POS=PRON|Person=2|PronType=Prs",
      "Gender=Neut|Number=Sing|Number[psor]=Sing|POS=PRON|Person=3|Poss=Yes|PronType=Prs|Reflex=Yes",
      "Definite=Ind|Number=Plur|POS=NOUN",
      "Case=Gen|Number=Plur|POS=VERB|Tense=Past|VerbForm=Part",
      "Mood=Imp|POS=AUX",
      "Gender=Com|Number=Sing|Number[psor]=Sing|POS=PRON|Person=1|Poss=Yes|PronType=Prs",
      "Number[psor]=Sing|POS=PRON|Person=3|Poss=Yes|PronType=Prs",
      "Definite=Def|Gender=Com|Number=Sing|POS=VERB|Tense=Past|VerbForm=Part",
      "Number=Plur|Number[psor]=Sing|POS=DET|Person=2|Poss=Yes|PronType=Prs",
      "Case=Gen|Gender=Com|Number=Sing|POS=DET|PronType=Ind",
      "Case=Gen|POS=NOUN",
      "Number[psor]=Plur|POS=PRON|Person=3|Poss=Yes|PronType=Prs",
      "POS=DET|PronType=Dem",
      "Definite=Def|Number=Plur|POS=NOUN"
    ],
    "parser": [
      "ROOT",
      "acl:relcl",
      "advcl",
      "advmod",
      "advmod:lmod",
      "amod",
      "appos",
      "aux",
      "case",
      "cc",
      "ccomp",
      "compound:prt",
      "conj",
      "cop",
      "dep",
      "det",
      "expl",
      "fixed",
      "flat",
      "iobj",
      "list",
      "mark",
      "nmod",
      "nmod:poss",
      "nsubj",
      "nummod",
      "obj",
      "obl",
      "obl:lmod",
      "obl:tmod",
      "punct",
      "xcomp"
    ],
    "attribute_ruler": [],
    "ner": [
      "LOC",
      "MISC",
      "ORG",
      "PER"
    ]
  },
  "pipeline": [
    "tok2vec",
    "morphologizer",
    "parser",
    "lemmatizer",
    "attribute_ruler",
    "ner"
  ],
  "components": [
    "tok2vec",
    "morphologizer",
    "parser",
    "lemmatizer",
    "senter",
    "attribute_ruler",
    "ner"
  ],
  "disabled": [
    "senter"
  ],
  "performance": {
    "token_acc": 0.9994672349,
    "token_p": 0.9977732598,
    "token_r": 0.9974835463,
    "token_f": 0.997628382,
    "pos_acc": 0.9641646489,
    "morph_acc": 0.9538014528,
    "morph_micro_p": 0.9705792683,
    "morph_micro_r": 0.9641613245,
    "morph_micro_f": 0.9673596516,
    "morph_per_feat": {
      "Mood": {
        "p": 0.9789473684,
        "r": 0.97521449,
        "f": 0.9770773639
      },
      "Tense": {
        "p": 0.9743396226,
        "r": 0.9721385542,
        "f": 0.973237844
      },
      "VerbForm": {
        "p": 0.9649014778,
        "r": 0.958996328,
        "f": 0.9619398404
      },
      "Voice": {
        "p": 0.9789631856,
        "r": 0.9738415546,
        "f": 0.9763956538
      },
      "Definite": {
        "p": 0.9642147117,
        "r": 0.9581193204,
        "f": 0.9611573524
      },
      "Gender": {
        "p": 0.9558823529,
        "r": 0.9504818877,
        "f": 0.9531744709
      },
      "Number": {
        "p": 0.96478318,
        "r": 0.9574856547,
        "f": 0.9611205655
      },
      "AdpType": {
        "p": 1.0,
        "r": 0.9920424403,
        "f": 0.9960053262
      },
      "PartType": {
        "p": 1.0,
        "r": 1.0,
        "f": 1.0
      },
      "Case": {
        "p": 0.9791666667,
        "r": 0.9652448657,
        "f": 0.9721559268
      },
      "Person": {
        "p": 0.9857651246,
        "r": 0.9840142096,
        "f": 0.9848888889
      },
      "PronType": {
        "p": 0.9868095631,
        "r": 0.984375,
        "f": 0.9855907781
      },
      "NumType": {
        "p": 0.972972973,
        "r": 0.9536423841,
        "f": 0.9632107023
      },
      "Degree": {
        "p": 0.9524969549,
        "r": 0.9421686747,
        "f": 0.9473046638
      },
      "Reflex": {
        "p": 1.0,
        "r": 1.0,
        "f": 1.0
      },
      "Number[psor]": {
        "p": 0.988372093,
        "r": 0.988372093,
        "f": 0.988372093
      },
      "Poss": {
        "p": 1.0,
        "r": 0.9886363636,
        "f": 0.9942857143
      },
      "Foreign": {
        "p": 1.0,
        "r": 0.5,
        "f": 0.6666666667
      },
      "Abbr": {
        "p": 0.0,
        "r": 0.0,
        "f": 0.0
      },
      "Style": {
        "p": 1.0,
        "r": 1.0,
        "f": 1.0
      },
      "Polite": {
        "p": 0.75,
        "r": 0.75,
        "f": 0.75
      }
    },
    "sents_p": 0.9103942652,
    "sents_r": 0.9007092199,
    "sents_f": 0.9055258467,
    "dep_uas": 0.8220111732,
    "dep_las": 0.7817440366,
    "dep_las_per_type": {
      "advmod": {
        "p": 0.6882758621,
        "r": 0.7048022599,
        "f": 0.6964410328
      },
      "root": {
        "p": 0.8369175627,
        "r": 0.8280141844,
        "f": 0.8324420677
      },
      "nsubj": {
        "p": 0.8381256656,
        "r": 0.8301687764,
        "f": 0.8341282459
      },
      "case": {
        "p": 0.8997020854,
        "r": 0.8934911243,
        "f": 0.8965858486
      },
      "obl": {
        "p": 0.7044728435,
        "r": 0.6847826087,
        "f": 0.694488189
      },
      "cc": {
        "p": 0.7735294118,
        "r": 0.7645348837,
        "f": 0.769005848
      },
      "conj": {
        "p": 0.6239782016,
        "r": 0.6106666667,
        "f": 0.6172506739
      },
      "obj": {
        "p": 0.7985347985,
        "r": 0.8466019417,
        "f": 0.821866164
      },
      "aux": {
        "p": 0.8735294118,
        "r": 0.8658892128,
        "f": 0.8696925329
      },
      "acl:relcl": {
        "p": 0.6271186441,
        "r": 0.6,
        "f": 0.6132596685
      },
      "advmod:lmod": {
        "p": 0.7014925373,
        "r": 0.7014925373,
        "f": 0.7014925373
      },
      "det": {
        "p": 0.9129720854,
        "r": 0.9159802306,
        "f": 0.9144736842
      },
      "amod": {
        "p": 0.8073089701,
        "r": 0.8293515358,
        "f": 0.8181818182
      },
      "nmod:poss": {
        "p": 0.7741935484,
        "r": 0.7128712871,
        "f": 0.7422680412
      },
      "ccomp": {
        "p": 0.6865671642,
        "r": 0.7419354839,
        "f": 0.7131782946
      },
      "nummod": {
        "p": 0.8536585366,
        "r": 0.875,
        "f": 0.8641975309
      },
      "flat": {
        "p": 0.7784431138,
        "r": 0.8609271523,
        "f": 0.8176100629
      },
      "compound:prt": {
        "p": 0.4411764706,
        "r": 0.3658536585,
        "f": 0.4
      },
      "advcl": {
        "p": 0.6120689655,
        "r": 0.6120689655,
        "f": 0.6120689655
      },
      "mark": {
        "p": 0.889596603,
        "r": 0.8603696099,
        "f": 0.8747390397
      },
      "cop": {
        "p": 0.8021978022,
        "r": 0.8342857143,
        "f": 0.8179271709
      },
      "dep": {
        "p": 0.1304347826,
        "r": 0.2264150943,
        "f": 0.1655172414
      },
      "nmod": {
        "p": 0.6620825147,
        "r": 0.658203125,
        "f": 0.6601371205
      },
      "iobj": {
        "p": 0.8333333333,
        "r": 0.4545454545,
        "f": 0.5882352941
      },
      "xcomp": {
        "p": 0.5365853659,
        "r": 0.3728813559,
        "f": 0.44
      },
      "list": {
        "p": 0.3333333333,
        "r": 0.2222222222,
        "f": 0.2666666667
      },
      "vocative": {
        "p": 0.0,
        "r": 0.0,
        "f": 0.0
      },
      "fixed": {
        "p": 0.8461538462,
        "r": 0.8048780488,
        "f": 0.825
      },
      "expl": {
        "p": 0.8484848485,
        "r": 0.8235294118,
        "f": 0.8358208955
      },
      "appos": {
        "p": 0.5862068966,
        "r": 0.5151515152,
        "f": 0.5483870968
      },
      "obl:tmod": {
        "p": 0.8333333333,
        "r": 0.2777777778,
        "f": 0.4166666667
      },
      "discourse": {
        "p": 0.0,
        "r": 0.0,
        "f": 0.0
      },
      "obl:lmod": {
        "p": 0.0,
        "r": 0.0,
        "f": 0.0
      }
    },
    "lemma_acc": 0.9518644068,
    "tag_acc": 0.9641646489,
    "ents_p": 0.8161157025,
    "ents_r": 0.8229166667,
    "ents_f": 0.8195020747,
    "ents_per_type": {
      "PER": {
        "p": 0.9230769231,
        "r": 0.8674698795,
        "f": 0.8944099379
      },
      "ORG": {
        "p": 0.7528089888,
        "r": 0.7444444444,
        "f": 0.748603352
      },
      "MISC": {
        "p": 0.6910569106,
        "r": 0.7522123894,
        "f": 0.7203389831
      },
      "LOC": {
        "p": 0.8534482759,
        "r": 0.8918918919,
        "f": 0.872246696
      }
    },
    "speed": 12175.9946774514
  },
  "sources": [
    {
      "name": "UD Danish DDT v2.8",
      "url": "https://github.com/UniversalDependencies/UD_Danish-DDT",
      "license": "CC BY-SA 4.0",
      "author": "Johannsen, Anders; Mart\u00ednez Alonso, H\u00e9ctor; Plank, Barbara"
    },
    {
      "name": "DaNE",
      "url": "https://github.com/alexandrainst/danlp/blob/master/docs/datasets.md#danish-dependency-treebank-dane",
      "license": "CC BY-SA 4.0",
      "author": "Rasmus Hvingelby, Amalie B. Pauli, Maria Barrett, Christina Rosted, Lasse M. Lidegaard, Anders S\u00f8gaard"
    },
    {
      "name": "Explosion fastText Vectors (cbow, OSCAR Common Crawl + Wikipedia)",
      "url": "https://spacy.io",
      "license": "CC0",
      "author": "Explosion"
    }
  ],
  "requirements": [],
  "size": "540 MB",
  "checksum": "0e653714fc95a462fa6c291a6fa6b8c132aec57ad7294e0b2bbd19927792501f",
  "checksum_whl": "e579a353ad8e99bf8147886c23dd03a8ec936c221a0670eb4d69ead8a2c85e6a"
}