{
  "lang": "da",
  "name": "core_news_md",
  "version": "3.1.0",
  "description": "Danish pipeline optimized for CPU. Components: tok2vec, morphologizer, parser, senter, ner, attribute_ruler, lemmatizer.",
  "author": "Explosion",
  "email": "contact@explosion.ai",
  "url": "https://explosion.ai",
  "license": "CC BY-SA 4.0",
  "spacy_version": ">=3.1.0,<3.2.0",
  "spacy_git_version": "caba63b74",
  "vectors": {
    "width": 300,
    "vectors": 20000,
    "keys": 500000,
    "name": "da_vectors"
  },
  "labels": {
    "tok2vec": [],
    "morphologizer": [
      "AdpType=Prep|POS=ADP",
      "Definite=Ind|Gender=Com|Number=Sing|POS=NOUN",
      "Mood=Ind|POS=AUX|Tense=Pres|VerbForm=Fin|Voice=Act",
      "POS=PROPN",
      "Definite=Ind|Number=Sing|POS=VERB|Tense=Past|VerbForm=Part",
      "Definite=Def|Gender=Neut|Number=Sing|POS=NOUN",
      "POS=SCONJ",
      "Definite=Def|Gender=Com|Number=Sing|POS=NOUN",
      "Mood=Ind|POS=VERB|Tense=Pres|VerbForm=Fin|Voice=Act",
      "POS=ADV",
      "Number=Plur|POS=DET|PronType=Dem",
      "Degree=Pos|Number=Plur|POS=ADJ",
      "Definite=Ind|Gender=Com|Number=Plur|POS=NOUN",
      "POS=PUNCT",
      "POS=CCONJ",
      "Definite=Ind|Degree=Cmp|Number=Sing|POS=ADJ",
      "Degree=Cmp|POS=ADJ",
      "POS=PRON|PartType=Inf",
      "Gender=Com|Number=Sing|POS=DET|PronType=Ind",
      "Definite=Ind|Degree=Pos|Number=Sing|POS=ADJ",
      "Case=Acc|Gender=Neut|Number=Sing|POS=PRON|Person=3|PronType=Prs",
      "Definite=Ind|Gender=Neut|Number=Plur|POS=NOUN",
      "Definite=Def|Degree=Pos|Number=Sing|POS=ADJ",
      "Gender=Neut|Number=Sing|POS=DET|PronType=Dem",
      "Degree=Pos|POS=ADV",
      "Definite=Def|Number=Sing|POS=VERB|Tense=Past|VerbForm=Part",
      "Definite=Ind|Gender=Neut|Number=Sing|POS=NOUN",
      "POS=PRON|PronType=Dem",
      "NumType=Card|POS=NUM",
      "Definite=Ind|Degree=Pos|Gender=Neut|Number=Sing|POS=ADJ",
      "Case=Acc|Gender=Com|Number=Sing|POS=PRON|Person=3|PronType=Prs",
      "Degree=Pos|Gender=Com|Number=Sing|POS=ADJ",
      "Case=Nom|Gender=Com|Number=Sing|POS=PRON|Person=3|PronType=Prs",
      "NumType=Ord|POS=ADJ",
      "Gender=Com|Number=Sing|Number[psor]=Sing|POS=DET|Person=3|Poss=Yes|PronType=Prs|Reflex=Yes",
      "Mood=Ind|POS=AUX|Tense=Past|VerbForm=Fin|Voice=Act",
      "POS=VERB|VerbForm=Inf|Voice=Act",
      "Mood=Ind|POS=VERB|Tense=Past|VerbForm=Fin|Voice=Act",
      "POS=NOUN",
      "Mood=Ind|POS=VERB|Tense=Pres|VerbForm=Fin|Voice=Pass",
      "POS=ADP|PartType=Inf",
      "Degree=Pos|POS=ADJ",
      "Definite=Def|Gender=Com|Number=Plur|POS=NOUN",
      "Number[psor]=Sing|POS=DET|Person=3|Poss=Yes|PronType=Prs",
      "Case=Gen|Definite=Def|Gender=Com|Number=Sing|POS=NOUN",
      "POS=AUX|VerbForm=Inf|Voice=Act",
      "Definite=Ind|Degree=Pos|Gender=Com|Number=Sing|POS=ADJ",
      "Gender=Com|Number=Sing|POS=DET|PronType=Dem",
      "Number=Plur|POS=DET|PronType=Ind",
      "Gender=Com|Number=Sing|POS=PRON|PronType=Ind",
      "Case=Acc|POS=PRON|Person=3|PronType=Prs|Reflex=Yes",
      "POS=PART|PartType=Inf",
      "Gender=Neut|Number=Sing|POS=DET|PronType=Ind",
      "Case=Acc|Number=Plur|POS=PRON|Person=3|PronType=Prs",
      "Case=Gen|Definite=Def|Gender=Neut|Number=Sing|POS=NOUN",
      "Case=Nom|Number=Plur|POS=PRON|Person=3|PronType=Prs",
      "Case=Nom|Gender=Com|Number=Sing|POS=PRON|Person=1|PronType=Prs",
      "Case=Nom|Gender=Com|POS=PRON|PronType=Ind",
      "Gender=Neut|Number=Sing|POS=PRON|PronType=Ind",
      "Mood=Imp|POS=VERB",
      "Gender=Com|Number=Sing|Number[psor]=Sing|POS=DET|Person=1|Poss=Yes|PronType=Prs",
      "Definite=Ind|Number=Sing|POS=AUX|Tense=Past|VerbForm=Part",
      "POS=X",
      "Case=Nom|Gender=Com|Number=Plur|POS=PRON|Person=1|PronType=Prs",
      "Case=Gen|Definite=Def|Gender=Com|Number=Plur|POS=NOUN",
      "POS=VERB|Tense=Pres|VerbForm=Part",
      "Number=Plur|POS=PRON|PronType=Int,Rel",
      "POS=VERB|VerbForm=Inf|Voice=Pass",
      "Case=Gen|Definite=Ind|Gender=Com|Number=Sing|POS=NOUN",
      "Degree=Cmp|POS=ADV",
      "POS=ADV|PartType=Inf",
      "Degree=Sup|POS=ADV",
      "Number=Plur|POS=PRON|PronType=Dem",
      "Number=Plur|POS=PRON|PronType=Ind",
      "Definite=Def|Gender=Neut|Number=Plur|POS=NOUN",
      "Case=Acc|Gender=Com|Number=Sing|POS=PRON|Person=1|PronType=Prs",
      "Case=Gen|POS=PROPN",
      "POS=ADP",
      "Degree=Cmp|Number=Plur|POS=ADJ",
      "Definite=Def|Degree=Sup|POS=ADJ",
      "Gender=Neut|Number=Sing|Number[psor]=Sing|POS=DET|Person=1|Poss=Yes|PronType=Prs",
      "Degree=Pos|Number=Sing|POS=ADJ",
      "Number=Plur|Number[psor]=Sing|POS=DET|Person=3|Poss=Yes|PronType=Prs|Reflex=Yes",
      "Gender=Com|Number=Sing|Number[psor]=Plur|POS=DET|Person=1|Poss=Yes|PronType=Prs|Style=Form",
      "Number=Plur|POS=PRON|PronType=Rcp",
      "Case=Gen|Degree=Cmp|POS=ADJ",
      "Case=Gen|Definite=Def|Gender=Neut|Number=Plur|POS=NOUN",
      "Number[psor]=Plur|POS=DET|Person=3|Poss=Yes|PronType=Prs",
      "POS=INTJ",
      "Number=Plur|Number[psor]=Sing|POS=DET|Person=1|Poss=Yes|PronType=Prs",
      "Degree=Pos|Gender=Neut|Number=Sing|POS=ADJ",
      "Gender=Neut|Number=Sing|Number[psor]=Plur|POS=DET|Person=1|Poss=Yes|PronType=Prs|Style=Form",
      "Case=Acc|Gender=Com|Number=Sing|POS=PRON|Person=2|PronType=Prs",
      "Gender=Com|Number=Sing|Number[psor]=Sing|POS=DET|Person=2|Poss=Yes|PronType=Prs",
      "Case=Gen|Definite=Ind|Gender=Neut|Number=Plur|POS=NOUN",
      "Number=Sing|POS=PRON|PronType=Int,Rel",
      "Number=Plur|Number[psor]=Plur|POS=DET|Person=1|Poss=Yes|PronType=Prs|Style=Form",
      "Gender=Neut|Number=Sing|POS=PRON|PronType=Int,Rel",
      "Definite=Def|Degree=Sup|Number=Plur|POS=ADJ",
      "Case=Nom|Gender=Com|Number=Sing|POS=PRON|Person=2|PronType=Prs",
      "Gender=Neut|Number=Sing|Number[psor]=Sing|POS=DET|Person=3|Poss=Yes|PronType=Prs|Reflex=Yes",
      "Definite=Ind|Number=Sing|POS=NOUN",
      "Number=Plur|POS=VERB|Tense=Past|VerbForm=Part",
      "Number=Plur|Number[psor]=Sing|POS=PRON|Person=3|Poss=Yes|PronType=Prs|Reflex=Yes",
      "POS=SYM",
      "Case=Nom|Gender=Com|POS=PRON|Person=2|Polite=Form|PronType=Prs",
      "Degree=Sup|POS=ADJ",
      "Number=Plur|POS=DET|PronType=Ind|Style=Arch",
      "Case=Gen|Gender=Com|Number=Sing|POS=DET|PronType=Dem",
      "Foreign=Yes|POS=X",
      "POS=DET|Person=2|Polite=Form|Poss=Yes|PronType=Prs",
      "Gender=Neut|Number=Sing|POS=PRON|PronType=Dem",
      "Case=Acc|Gender=Com|Number=Plur|POS=PRON|Person=1|PronType=Prs",
      "Case=Gen|Definite=Ind|Gender=Neut|Number=Sing|POS=NOUN",
      "Case=Gen|POS=PRON|PronType=Int,Rel",
      "Gender=Com|Number=Sing|POS=PRON|PronType=Dem",
      "Abbr=Yes|POS=X",
      "Case=Gen|Definite=Ind|Gender=Com|Number=Plur|POS=NOUN",
      "Definite=Def|Degree=Abs|POS=ADJ",
      "Definite=Ind|Degree=Sup|Number=Sing|POS=ADJ",
      "Definite=Ind|POS=NOUN",
      "Gender=Com|Number=Plur|POS=NOUN",
      "Number[psor]=Plur|POS=DET|Person=1|Poss=Yes|PronType=Prs",
      "Gender=Com|POS=PRON|PronType=Int,Rel",
      "Case=Nom|Gender=Com|Number=Plur|POS=PRON|Person=2|PronType=Prs",
      "Degree=Abs|POS=ADV",
      "POS=VERB|VerbForm=Ger",
      "POS=VERB|Tense=Past|VerbForm=Part",
      "Definite=Def|Degree=Sup|Number=Sing|POS=ADJ",
      "Number=Plur|Number[psor]=Plur|POS=PRON|Person=1|Poss=Yes|PronType=Prs|Style=Form",
      "Case=Gen|Definite=Def|Degree=Pos|Number=Sing|POS=ADJ",
      "Case=Gen|Degree=Pos|Number=Plur|POS=ADJ",
      "Case=Acc|Gender=Com|POS=PRON|Person=2|Polite=Form|PronType=Prs",
      "Gender=Com|Number=Sing|POS=PRON|PronType=Int,Rel",
      "POS=VERB|Tense=Pres",
      "Case=Gen|Number=Plur|POS=DET|PronType=Ind",
      "Number[psor]=Plur|POS=DET|Person=2|Poss=Yes|PronType=Prs",
      "POS=PRON|Person=2|Polite=Form|Poss=Yes|PronType=Prs",
      "Gender=Neut|Number=Sing|Number[psor]=Sing|POS=DET|Person=2|Poss=Yes|PronType=Prs",
      "POS=AUX|Tense=Pres|VerbForm=Part",
      "Mood=Ind|POS=VERB|Tense=Past|VerbForm=Fin|Voice=Pass",
      "Gender=Com|Number=Sing|Number[psor]=Sing|POS=PRON|Person=3|Poss=Yes|PronType=Prs|Reflex=Yes",
      "Degree=Sup|Number=Plur|POS=ADJ",
      "Case=Acc|Gender=Com|Number=Plur|POS=PRON|Person=2|PronType=Prs",
      "Gender=Neut|Number=Sing|Number[psor]=Sing|POS=PRON|Person=3|Poss=Yes|PronType=Prs|Reflex=Yes",
      "Definite=Ind|Number=Plur|POS=NOUN",
      "Case=Gen|Number=Plur|POS=VERB|Tense=Past|VerbForm=Part",
      "Mood=Imp|POS=AUX",
      "Gender=Com|Number=Sing|Number[psor]=Sing|POS=PRON|Person=1|Poss=Yes|PronType=Prs",
      "Number[psor]=Sing|POS=PRON|Person=3|Poss=Yes|PronType=Prs",
      "Definite=Def|Gender=Com|Number=Sing|POS=VERB|Tense=Past|VerbForm=Part",
      "Number=Plur|Number[psor]=Sing|POS=DET|Person=2|Poss=Yes|PronType=Prs",
      "Case=Gen|Gender=Com|Number=Sing|POS=DET|PronType=Ind",
      "Case=Gen|POS=NOUN",
      "Number[psor]=Plur|POS=PRON|Person=3|Poss=Yes|PronType=Prs",
      "POS=DET|PronType=Dem",
      "Definite=Def|Number=Plur|POS=NOUN"
    ],
    "parser": [
      "ROOT",
      "acl:relcl",
      "advcl",
      "advmod",
      "amod",
      "appos",
      "aux",
      "case",
      "cc",
      "ccomp",
      "compound:prt",
      "conj",
      "cop",
      "dep",
      "det",
      "expl",
      "fixed",
      "flat",
      "iobj",
      "list",
      "mark",
      "nmod",
      "nmod:poss",
      "nsubj",
      "nummod",
      "obj",
      "obl",
      "obl:loc",
      "obl:tmod",
      "punct",
      "xcomp"
    ],
    "senter": [
      "I",
      "S"
    ],
    "attribute_ruler": [],
    "lemmatizer": [],
    "ner": [
      "LOC",
      "MISC",
      "ORG",
      "PER"
    ]
  },
  "pipeline": [
    "tok2vec",
    "morphologizer",
    "parser",
    "attribute_ruler",
    "lemmatizer",
    "ner"
  ],
  "components": [
    "tok2vec",
    "morphologizer",
    "parser",
    "senter",
    "attribute_ruler",
    "lemmatizer",
    "ner"
  ],
  "disabled": [
    "senter"
  ],
  "performance": {
    "token_acc": 0.9994672349,
    "tag_acc": 0.9624213075,
    "pos_acc": 0.9624213075,
    "morph_acc": 0.9499273608,
    "lemma_acc": 0.8491041162,
    "dep_uas": 0.8241604738,
    "dep_las": 0.7836629791,
    "ents_p": 0.8105263158,
    "ents_r": 0.8020833333,
    "ents_f": 0.8062827225,
    "sents_p": 0.8324420677,
    "sents_r": 0.8280141844,
    "sents_f": 0.8302222222,
    "speed": 9986.5434782999,
    "morph_per_feat": {
      "Mood": {
        "p": 0.9770114943,
        "r": 0.9723546235,
        "f": 0.9746774964
      },
      "Tense": {
        "p": 0.9704097117,
        "r": 0.9631024096,
        "f": 0.9667422525
      },
      "VerbForm": {
        "p": 0.9599753695,
        "r": 0.9541003672,
        "f": 0.9570288521
      },
      "Voice": {
        "p": 0.9753363229,
        "r": 0.9753363229,
        "f": 0.9753363229
      },
      "Definite": {
        "p": 0.9676258993,
        "r": 0.9565389174,
        "f": 0.9620504669
      },
      "Gender": {
        "p": 0.9498495486,
        "r": 0.9441674975,
        "f": 0.947
      },
      "Number": {
        "p": 0.9639283834,
        "r": 0.9548774126,
        "f": 0.9593815514
      },
      "AdpType": {
        "p": 0.9991071429,
        "r": 0.9893899204,
        "f": 0.994224789
      },
      "PartType": {
        "p": 0.996763754,
        "r": 1.0,
        "f": 0.9983792545
      },
      "Case": {
        "p": 0.9757673667,
        "r": 0.9541864139,
        "f": 0.96485623
      },
      "Person": {
        "p": 0.972027972,
        "r": 0.9875666075,
        "f": 0.9797356828
      },
      "PronType": {
        "p": 0.9835796388,
        "r": 0.9851973684,
        "f": 0.9843878389
      },
      "NumType": {
        "p": 0.9727891156,
        "r": 0.9470198675,
        "f": 0.9597315436
      },
      "Degree": {
        "p": 0.9538274605,
        "r": 0.9457831325,
        "f": 0.9497882638
      },
      "Reflex": {
        "p": 1.0,
        "r": 1.0,
        "f": 1.0
      },
      "Number[psor]": {
        "p": 0.9662921348,
        "r": 1.0,
        "f": 0.9828571429
      },
      "Poss": {
        "p": 0.9887640449,
        "r": 1.0,
        "f": 0.9943502825
      },
      "Foreign": {
        "p": 1.0,
        "r": 0.4,
        "f": 0.5714285714
      },
      "Abbr": {
        "p": 0.0,
        "r": 0.0,
        "f": 0.0
      },
      "Style": {
        "p": 1.0,
        "r": 1.0,
        "f": 1.0
      },
      "Polite": {
        "p": 0.6666666667,
        "r": 0.5,
        "f": 0.5714285714
      }
    },
    "dep_las_per_type": {
      "advmod": {
        "p": 0.7148760331,
        "r": 0.7330508475,
        "f": 0.7238493724
      },
      "root": {
        "p": 0.8327402135,
        "r": 0.829787234,
        "f": 0.8312611012
      },
      "nsubj": {
        "p": 0.8338590957,
        "r": 0.8364978903,
        "f": 0.8351764086
      },
      "case": {
        "p": 0.882642998,
        "r": 0.8843873518,
        "f": 0.8835143139
      },
      "obl": {
        "p": 0.7138314785,
        "r": 0.6982892691,
        "f": 0.7059748428
      },
      "cc": {
        "p": 0.7636887608,
        "r": 0.7703488372,
        "f": 0.7670043415
      },
      "conj": {
        "p": 0.6164383562,
        "r": 0.6,
        "f": 0.6081081081
      },
      "obj": {
        "p": 0.8198874296,
        "r": 0.8485436893,
        "f": 0.8339694656
      },
      "aux": {
        "p": 0.8918918919,
        "r": 0.8658892128,
        "f": 0.8786982249
      },
      "acl:relcl": {
        "p": 0.625698324,
        "r": 0.6054054054,
        "f": 0.6153846154
      },
      "obl:loc": {
        "p": 0.7536231884,
        "r": 0.7428571429,
        "f": 0.7482014388
      },
      "det": {
        "p": 0.9168053245,
        "r": 0.9077429984,
        "f": 0.9122516556
      },
      "amod": {
        "p": 0.830449827,
        "r": 0.819112628,
        "f": 0.824742268
      },
      "nmod:poss": {
        "p": 0.7,
        "r": 0.6930693069,
        "f": 0.6965174129
      },
      "ccomp": {
        "p": 0.6111111111,
        "r": 0.7096774194,
        "f": 0.6567164179
      },
      "nummod": {
        "p": 0.8760330579,
        "r": 0.8833333333,
        "f": 0.8796680498
      },
      "flat": {
        "p": 0.7914110429,
        "r": 0.8543046358,
        "f": 0.821656051
      },
      "compound:prt": {
        "p": 0.4583333333,
        "r": 0.2682926829,
        "f": 0.3384615385
      },
      "advcl": {
        "p": 0.6465517241,
        "r": 0.6465517241,
        "f": 0.6465517241
      },
      "mark": {
        "p": 0.8802521008,
        "r": 0.8603696099,
        "f": 0.8701973001
      },
      "cop": {
        "p": 0.8087431694,
        "r": 0.8457142857,
        "f": 0.8268156425
      },
      "dep": {
        "p": 0.1573033708,
        "r": 0.2641509434,
        "f": 0.1971830986
      },
      "nmod": {
        "p": 0.6455445545,
        "r": 0.63671875,
        "f": 0.6411012783
      },
      "iobj": {
        "p": 0.7222222222,
        "r": 0.5909090909,
        "f": 0.65
      },
      "xcomp": {
        "p": 0.6216216216,
        "r": 0.3898305085,
        "f": 0.4791666667
      },
      "list": {
        "p": 0.375,
        "r": 0.3333333333,
        "f": 0.3529411765
      },
      "vocative": {
        "p": 0.0,
        "r": 0.0,
        "f": 0.0
      },
      "fixed": {
        "p": 0.8974358974,
        "r": 0.8333333333,
        "f": 0.8641975309
      },
      "expl": {
        "p": 0.8181818182,
        "r": 0.7941176471,
        "f": 0.8059701493
      },
      "appos": {
        "p": 0.5151515152,
        "r": 0.5151515152,
        "f": 0.5151515152
      },
      "obl:tmod": {
        "p": 0.5,
        "r": 0.3888888889,
        "f": 0.4375
      },
      "discourse": {
        "p": 0.0,
        "r": 0.0,
        "f": 0.0
      }
    },
    "ents_per_type": {
      "PER": {
        "p": 0.8867924528,
        "r": 0.8493975904,
        "f": 0.8676923077
      },
      "ORG": {
        "p": 0.7325581395,
        "r": 0.7,
        "f": 0.7159090909
      },
      "MISC": {
        "p": 0.7155172414,
        "r": 0.7345132743,
        "f": 0.7248908297
      },
      "LOC": {
        "p": 0.8596491228,
        "r": 0.8828828829,
        "f": 0.8711111111
      }
    }
  },
  "sources": [
    {
      "name": "UD Danish DDT v2.5",
      "url": "https://github.com/UniversalDependencies/UD_Danish-DDT",
      "license": "CC BY-SA 4.0",
      "author": "Johannsen, Anders; Mart\u00ednez Alonso, H\u00e9ctor; Plank, Barbara"
    },
    {
      "name": "DaNE",
      "url": "https://github.com/alexandrainst/danlp/blob/master/docs/datasets.md#danish-dependency-treebank-dane",
      "license": "CC BY-SA 4.0",
      "author": "Rasmus Hvingelby, Amalie B. Pauli, Maria Barrett, Christina Rosted, Lasse M. Lidegaard, Anders S\u00f8gaard"
    },
    {
      "name": "Lemmatization Lists",
      "url": "https://github.com/michmech/lemmatization-lists/",
      "license": "ODbL",
      "author": "Michal M\u011bchura"
    },
    {
      "name": "Explosion fastText Vectors (cbow, OSCAR Common Crawl + Wikipedia)",
      "url": "https://spacy.io",
      "license": "CC0",
      "author": "Explosion"
    }
  ],
  "requirements": [],
  "size": "46 MB",
  "checksum": "8f1534fca7332437b2c3e535282b1674ebacfbff1f4d3b266a914ac746196f6d",
  "checksum_whl": "1b33beeb80d0fa69fe1f07837ec2639f67af747ec95739fed14f3134e8756827"
}