{
  "lang": "de",
  "name": "core_news_lg",
  "version": "3.1.0",
  "description": "German pipeline optimized for CPU. Components: tok2vec, tagger, morphologizer, parser, senter, ner, attribute_ruler, lemmatizer.",
  "author": "Explosion",
  "email": "contact@explosion.ai",
  "url": "https://explosion.ai",
  "license": "MIT",
  "spacy_version": ">=3.1.0,<3.2.0",
  "spacy_git_version": "caba63b74",
  "vectors": {
    "width": 300,
    "vectors": 500000,
    "keys": 500000,
    "name": "de_vectors"
  },
  "labels": {
    "tok2vec": [],
    "tagger": [
      "$(",
      "$,",
      "$.",
      "ADJA",
      "ADJD",
      "ADV",
      "APPO",
      "APPR",
      "APPRART",
      "APZR",
      "ART",
      "CARD",
      "FM",
      "ITJ",
      "KOKOM",
      "KON",
      "KOUI",
      "KOUS",
      "NE",
      "NN",
      "NNE",
      "PDAT",
      "PDS",
      "PIAT",
      "PIS",
      "PPER",
      "PPOSAT",
      "PPOSS",
      "PRELAT",
      "PRELS",
      "PRF",
      "PROAV",
      "PTKA",
      "PTKANT",
      "PTKNEG",
      "PTKVZ",
      "PTKZU",
      "PWAT",
      "PWAV",
      "PWS",
      "TRUNC",
      "VAFIN",
      "VAIMP",
      "VAINF",
      "VAPP",
      "VMFIN",
      "VMINF",
      "VMPP",
      "VVFIN",
      "VVIMP",
      "VVINF",
      "VVIZU",
      "VVPP",
      "XY"
    ],
    "morphologizer": [
      "POS=PUNCT",
      "Case=Nom|Gender=Masc|Number=Sing|POS=PROPN",
      "Mood=Sub|Number=Sing|POS=AUX|Person=3|Tense=Past|VerbForm=Fin",
      "POS=ADV",
      "Case=Nom|Definite=Ind|Gender=Masc|Number=Sing|POS=DET|PronType=Art",
      "Case=Nom|Degree=Pos|Gender=Masc|Number=Sing|POS=ADJ",
      "Case=Nom|Gender=Masc|Number=Sing|POS=NOUN",
      "Case=Nom|Gender=Masc|Number=Plur|POS=NOUN",
      "Mood=Ind|Number=Plur|POS=VERB|Person=3|Tense=Pres|VerbForm=Fin",
      "Case=Acc|Definite=Def|Gender=Masc|Number=Sing|POS=DET|PronType=Art",
      "Case=Acc|Gender=Masc|Number=Sing|POS=NOUN",
      "POS=ADP",
      "Mood=Ind|Number=Sing|POS=VERB|Person=3|Tense=Pres|VerbForm=Fin",
      "Case=Acc|Degree=Pos|Gender=Fem|Number=Sing|POS=ADJ",
      "Case=Acc|Gender=Fem|Number=Sing|POS=NOUN",
      "Case=Acc|Gender=Fem|Number=Sing|POS=DET|Poss=Yes|PronType=Prs",
      "Case=Nom|Definite=Def|Gender=Masc|Number=Sing|POS=DET|PronType=Art",
      "Mood=Ind|Number=Sing|POS=AUX|Person=3|Tense=Pres|VerbForm=Fin",
      "Case=Acc|Definite=Def|Gender=Neut|Number=Sing|POS=DET|PronType=Art",
      "Case=Acc|Degree=Pos|Gender=Neut|Number=Sing|POS=ADJ",
      "Case=Acc|Gender=Neut|Number=Sing|POS=NOUN",
      "Case=Dat|Gender=Neut|Number=Sing|POS=PROPN",
      "POS=VERB|VerbForm=Part",
      "Case=Dat|Gender=Fem|Number=Plur|POS=NOUN",
      "Foreign=Yes|POS=X",
      "Degree=Pos|POS=ADV",
      "Case=Dat|Gender=Neut|Number=Sing|POS=ADP",
      "Case=Dat|Gender=Neut|Number=Sing|POS=NOUN",
      "Case=Dat|Degree=Pos|Gender=Neut|Number=Sing|POS=ADJ",
      "Case=Dat|Definite=Def|Gender=Masc|Number=Sing|POS=DET|PronType=Art",
      "Case=Dat|Degree=Pos|Gender=Masc|Number=Sing|POS=ADJ",
      "Case=Dat|Gender=Masc|Number=Sing|POS=NOUN",
      "POS=CCONJ",
      "POS=SCONJ",
      "Case=Acc|Definite=Ind|Gender=Neut|Number=Sing|POS=DET|PronType=Art",
      "POS=VERB|VerbForm=Inf",
      "Mood=Ind|Number=Plur|POS=AUX|Person=3|Tense=Pres|VerbForm=Fin",
      "Case=Nom|Gender=Masc|Number=Plur|POS=DET|Poss=Yes|PronType=Prs",
      "Case=Nom|Gender=Fem|Number=Plur|POS=DET|PronType=Dem",
      "Case=Nom|Gender=Fem|Number=Plur|POS=NOUN",
      "Case=Acc|Definite=Def|Gender=Fem|Number=Sing|POS=DET|PronType=Art",
      "Case=Acc|Degree=Sup|Gender=Fem|Number=Sing|POS=ADJ",
      "Case=Gen|Definite=Def|Gender=Fem|Number=Sing|POS=DET|PronType=Art",
      "Case=Gen|Gender=Fem|Number=Sing|POS=NOUN",
      "Case=Dat|Gender=Fem|Number=Sing|POS=DET|Poss=Yes|PronType=Prs",
      "Case=Dat|Gender=Fem|Number=Sing|POS=NOUN",
      "POS=PART",
      "Case=Nom|Gender=Masc|Number=Plur|POS=DET|PronType=Ind",
      "Case=Nom|Definite=Def|Gender=Masc|Number=Plur|POS=DET|PronType=Art",
      "Case=Dat|Definite=Def|Number=Plur|POS=DET|PronType=Art",
      "Case=Dat|Number=Plur|POS=PROPN",
      "POS=PRON|PronType=Ind",
      "Case=Dat|Number=Plur|POS=PRON|Person=3|PronType=Prs|Reflex=Yes",
      "Case=Acc|Definite=Ind|Gender=Masc|Number=Sing|POS=DET|PronType=Art",
      "Case=Acc|Gender=Masc|Number=Sing|POS=PROPN",
      "Case=Dat|Definite=Ind|Gender=Fem|Number=Sing|POS=DET|PronType=Art",
      "Case=Gen|Definite=Def|Gender=Neut|Number=Sing|POS=DET|PronType=Art",
      "Case=Gen|Gender=Neut|Number=Sing|POS=NOUN",
      "Case=Nom|Number=Sing|POS=PROPN",
      "Case=Dat|Definite=Def|Gender=Masc|Number=Plur|POS=DET|PronType=Art",
      "Case=Dat|Gender=Masc|Number=Plur|POS=NOUN",
      "POS=NUM",
      "Case=Dat|Gender=Neut|Number=Plur|POS=NOUN",
      "Mood=Ind|Number=Plur|POS=VERB|Person=3|Tense=Past|VerbForm=Fin",
      "Case=Dat|Gender=Masc|Number=Sing|POS=ADP",
      "Gender=Neut|POS=NOUN",
      "Case=Acc|Number=Sing|POS=PROPN",
      "Case=Acc|Number=Plur|POS=PRON|Person=3|PronType=Prs|Reflex=Yes",
      "Case=Nom|Definite=Def|Gender=Fem|Number=Sing|POS=DET|PronType=Art",
      "Case=Nom|Gender=Fem|Number=Sing|POS=NOUN",
      "Case=Gen|Definite=Def|Number=Plur|POS=DET|PronType=Art",
      "Case=Acc|Gender=Fem|Number=Plur|POS=NOUN",
      "Mood=Sub|Number=Sing|POS=VERB|Person=3|Tense=Pres|VerbForm=Fin",
      "Case=Nom|Gender=Masc|Number=Sing|POS=PRON|Person=3|PronType=Prs",
      "Case=Gen|Definite=Def|Gender=Masc|Number=Sing|POS=DET|PronType=Art",
      "Case=Gen|Gender=Masc|Number=Sing|POS=NOUN",
      "Case=Nom|Definite=Def|Number=Plur|POS=DET|PronType=Art",
      "Case=Nom|Number=Plur|POS=NOUN",
      "Case=Acc|Gender=Masc|Number=Sing|POS=DET|Poss=Yes|PronType=Prs",
      "Case=Dat|Definite=Def|Gender=Neut|Number=Sing|POS=DET|PronType=Art",
      "Case=Nom|Number=Plur|POS=PRON|PronType=Ind",
      "Case=Dat|Gender=Masc|Number=Sing|POS=DET|Poss=Yes|PronType=Prs",
      "Case=Acc|Definite=Ind|Gender=Fem|Number=Sing|POS=DET|PronType=Art",
      "POS=PROPN",
      "Case=Nom|Number=Sing|POS=PRON|Person=1|PronType=Prs",
      "Mood=Ind|Number=Sing|POS=VERB|Person=1|Tense=Pres|VerbForm=Fin",
      "POS=INTJ",
      "Case=Nom|Gender=Neut|Number=Sing|POS=PRON|PronType=Dem",
      "Case=Nom|Gender=Neut|Number=Sing|POS=DET|Poss=Yes|PronType=Prs",
      "Case=Nom|Gender=Neut|Number=Sing|POS=NOUN",
      "Case=Acc|Number=Sing|POS=PRON|Person=3|PronType=Prs|Reflex=Yes",
      "Case=Nom|Gender=Neut|Number=Sing|POS=PRON|Person=3|PronType=Prs",
      "Mood=Sub|Number=Sing|POS=AUX|Person=3|Tense=Pres|VerbForm=Fin",
      "Case=Nom|Gender=Masc|Number=Sing|POS=PRON|PronType=Rel",
      "Case=Acc|Gender=Masc|Number=Sing|POS=PRON|PronType=Ind",
      "Case=Nom|Definite=Ind|Gender=Fem|Number=Sing|POS=DET|PronType=Art",
      "Case=Nom|Degree=Pos|Gender=Fem|Number=Sing|POS=ADJ",
      "Case=Dat|Degree=Pos|Gender=Fem|Number=Plur|POS=ADJ",
      "Case=Acc|Gender=Masc|Number=Plur|POS=DET|PronType=Ind",
      "Case=Acc|Gender=Masc|Number=Plur|POS=NOUN",
      "Case=Nom|Gender=Masc|Number=Plur|POS=PRON|PronType=Rel",
      "Case=Nom|Gender=Masc|Number=Sing|POS=PRON|PronType=Ind",
      "Case=Dat|Gender=Masc|Number=Plur|POS=PRON|Person=3|PronType=Prs",
      "Case=Nom|Gender=Neut|Number=Plur|POS=NOUN",
      "Case=Acc|Gender=Neut|Number=Plur|POS=PRON|PronType=Rel",
      "Case=Dat|Number=Plur|POS=PRON|Person=3|PronType=Prs",
      "Case=Dat|Gender=Masc|Number=Sing|POS=PRON|PronType=Rel",
      "Gender=Masc|POS=NOUN",
      "Mood=Ind|Number=Sing|POS=VERB|Person=3|Tense=Past|VerbForm=Fin",
      "Case=Nom|Definite=Def|Gender=Fem|Number=Plur|POS=DET|PronType=Art",
      "Case=Nom|Gender=Fem|Number=Sing|POS=DET|PronType=Int",
      "Case=Gen|Gender=Masc|Number=Sing|POS=PROPN",
      "POS=SCONJ|PronType=Int",
      "Case=Acc|Gender=Fem|Number=Plur|POS=DET|Poss=Yes|PronType=Prs",
      "Case=Dat|Degree=Pos|Gender=Masc|Number=Plur|POS=ADJ",
      "Case=Nom|Number=Sing|POS=PRON|PronType=Ind",
      "Case=Gen|Definite=Def|Gender=Fem|Number=Plur|POS=DET|PronType=Art",
      "Case=Gen|Gender=Fem|Number=Plur|POS=NOUN",
      "Case=Dat|Gender=Masc|Number=Sing|POS=PRON|Person=3|PronType=Prs",
      "Case=Dat|Definite=Def|Gender=Fem|Number=Sing|POS=DET|PronType=Art",
      "Case=Nom|Gender=Masc|Number=Sing|POS=DET|PronType=Ind",
      "Case=Dat|Degree=Pos|Gender=Fem|Number=Sing|POS=ADJ",
      "Case=Acc|Gender=Neut|Number=Sing|POS=DET|Poss=Yes|PronType=Prs",
      "Case=Dat|Gender=Neut|Number=Sing|POS=PRON|PronType=Ind",
      "Case=Dat|Degree=Cmp|Gender=Fem|Number=Plur|POS=ADJ",
      "Case=Nom|Degree=Pos|Gender=Masc|Number=Plur|POS=ADJ",
      "Gender=Neut|POS=PRON|PronType=Ind",
      "Case=Acc|Gender=Masc|Number=Sing|POS=PRON|Person=3|PronType=Prs",
      "Case=Dat|Number=Plur|POS=DET|Poss=Yes|PronType=Prs",
      "Case=Dat|Number=Plur|POS=NOUN",
      "Case=Dat|Gender=Masc|Number=Sing|POS=PRON|PronType=Ind",
      "Case=Nom|Gender=Fem|Number=Sing|POS=DET|Poss=Yes|PronType=Prs",
      "Case=Dat|Gender=Masc|Number=Sing|POS=PROPN",
      "Case=Gen|Gender=Masc|Number=Sing|POS=PRON|PronType=Dem",
      "Case=Dat|Gender=Fem|Number=Sing|POS=ADP",
      "Case=Acc|Gender=Fem|Number=Plur|POS=DET|PronType=Int",
      "Case=Gen|Number=Plur|POS=PROPN",
      "Case=Acc|Gender=Fem|Number=Plur|POS=DET|PronType=Dem",
      "Case=Acc|Gender=Neut|Number=Plur|POS=NOUN",
      "Case=Acc|Degree=Pos|Gender=Masc|Number=Sing|POS=ADJ",
      "Case=Nom|Definite=Def|Gender=Neut|Number=Plur|POS=DET|PronType=Art",
      "Case=Gen|Gender=Neut|Number=Sing|POS=DET|Poss=Yes|PronType=Prs",
      "Degree=Cmp|POS=ADV",
      "Case=Nom|Gender=Neut|Number=Plur|POS=PRON|PronType=Dem",
      "Case=Gen|Definite=Ind|Gender=Neut|Number=Sing|POS=DET|PronType=Art",
      "Case=Acc|Gender=Neut|Number=Sing|POS=ADP",
      "Case=Dat|Number=Plur|POS=PRON|Person=1|PronType=Prs",
      "Case=Acc|Gender=Neut|Number=Sing|POS=PRON|PronType=Int",
      "Case=Dat|Definite=Ind|Gender=Neut|Number=Sing|POS=DET|PronType=Art",
      "Mood=Ind|Number=Plur|POS=AUX|Person=3|Tense=Past|VerbForm=Fin",
      "Case=Gen|Definite=Def|Gender=Masc|Number=Plur|POS=DET|PronType=Art",
      "Case=Gen|Gender=Masc|Number=Plur|POS=NOUN",
      "Case=Acc|Gender=Neut|Number=Sing|POS=PRON|Person=3|PronType=Prs",
      "Case=Acc|Degree=Sup|Gender=Masc|Number=Sing|POS=ADJ",
      "Case=Nom|Number=Plur|POS=PRON|Person=3|PronType=Prs",
      "Case=Gen|Gender=Masc|Number=Plur|POS=DET|Poss=Yes|PronType=Prs",
      "Mood=Ind|Number=Sing|POS=AUX|Person=3|Tense=Past|VerbForm=Fin",
      "Case=Gen|Number=Sing|POS=PROPN",
      "Case=Nom|Definite=Def|Gender=Neut|Number=Sing|POS=DET|PronType=Art",
      "Case=Nom|Degree=Pos|Gender=Neut|Number=Sing|POS=ADJ",
      "Case=Dat|Gender=Fem|Number=Plur|POS=PRON|PronType=Rel",
      "Case=Acc|Degree=Pos|Gender=Masc|Number=Plur|POS=ADJ",
      "Case=Nom|Gender=Fem|Number=Plur|POS=DET|PronType=Ind",
      "Case=Gen|Gender=Neut|Number=Sing|POS=PROPN",
      "Case=Gen|Gender=Masc|Number=Sing|POS=DET|PronType=Rel",
      "Case=Nom|Gender=Neut|Number=Sing|POS=PRON|PronType=Int",
      "Case=Acc|Gender=Neut|Number=Sing|POS=DET|PronType=Ind",
      "Case=Gen|Definite=Ind|Gender=Masc|Number=Sing|POS=DET|PronType=Art",
      "POS=X",
      "Case=Dat|Degree=Sup|Gender=Fem|Number=Sing|POS=ADJ",
      "Case=Gen|Number=Plur|POS=NOUN",
      "Case=Gen|Degree=Pos|Gender=Masc|Number=Sing|POS=ADJ",
      "Case=Gen|Number=Plur|POS=DET|Poss=Yes|PronType=Prs",
      "Case=Acc|Number=Plur|POS=PRON|PronType=Rel",
      "Case=Nom|Degree=Pos|Gender=Fem|Number=Plur|POS=ADJ",
      "Case=Gen|Degree=Pos|Gender=Fem|Number=Sing|POS=ADJ",
      "Case=Gen|Definite=Def|Gender=Neut|Number=Plur|POS=DET|PronType=Art",
      "Case=Gen|Degree=Pos|Gender=Neut|Number=Plur|POS=ADJ",
      "Case=Gen|Gender=Neut|Number=Plur|POS=NOUN",
      "Case=Nom|Gender=Fem|Number=Plur|POS=PRON|PronType=Ind",
      "Mood=Sub|Number=Plur|POS=AUX|Person=3|Tense=Past|VerbForm=Fin",
      "Case=Nom|Degree=Pos|Number=Plur|POS=ADJ",
      "Case=Nom|Number=Plur|POS=PRON|PronType=Rel",
      "Case=Nom|Gender=Fem|Number=Sing|POS=PRON|PronType=Rel",
      "Case=Acc|Degree=Pos|Gender=Neut|Number=Plur|POS=ADJ",
      "Case=Dat|Degree=Pos|Gender=Neut|Number=Plur|POS=ADJ",
      "Case=Acc|Definite=Def|Gender=Neut|Number=Plur|POS=DET|PronType=Art",
      "Case=Acc|Degree=Sup|Gender=Neut|Number=Plur|POS=ADJ",
      "Case=Nom|Degree=Sup|Gender=Masc|Number=Sing|POS=ADJ",
      "Case=Nom|Gender=Fem|Number=Plur|POS=PRON|PronType=Rel",
      "POS=DET|PronType=Ind",
      "Case=Gen|Degree=Pos|Gender=Fem|Number=Plur|POS=ADJ",
      "Case=Nom|Gender=Masc|Number=Plur|POS=PRON|Person=3|PronType=Prs",
      "Case=Acc|Gender=Masc|Number=Sing|POS=DET|PronType=Dem",
      "Case=Dat|Gender=Fem|Number=Plur|POS=DET|Poss=Yes|PronType=Prs",
      "Case=Acc|Gender=Neut|Number=Sing|POS=PROPN",
      "Case=Nom|Gender=Fem|Number=Sing|POS=PROPN",
      "Case=Acc|Definite=Def|Gender=Masc|Number=Plur|POS=DET|PronType=Art",
      "Case=Dat|Definite=Def|Gender=Neut|Number=Plur|POS=DET|PronType=Art",
      "Case=Nom|Gender=Neut|Number=Plur|POS=DET|PronType=Ind",
      "Case=Dat|Number=Sing|POS=DET|Poss=Yes|PronType=Prs",
      "Case=Dat|Number=Sing|POS=NOUN",
      "Case=Nom|Definite=Ind|Gender=Neut|Number=Sing|POS=DET|PronType=Art",
      "Degree=Pos|POS=ADJ",
      "Case=Acc|Gender=Fem|Number=Sing|POS=PROPN",
      "Case=Acc|Degree=Pos|Number=Plur|POS=ADJ",
      "Case=Acc|Number=Plur|POS=NOUN",
      "Case=Dat|Number=Plur|POS=PRON|PronType=Rel",
      "Case=Acc|Gender=Neut|Number=Sing|POS=PRON|PronType=Dem",
      "Mood=Sub|Number=Sing|POS=VERB|Person=1|Tense=Past|VerbForm=Fin",
      "Case=Acc|Number=Plur|POS=PRON|Person=3|PronType=Prs",
      "Case=Nom|Degree=Pos|Gender=Neut|Number=Plur|POS=ADJ",
      "Case=Acc|Gender=Neut|Number=Sing|POS=PRON|PronType=Rel",
      "Case=Nom|Gender=Neut|Number=Plur|POS=PRON|PronType=Rel",
      "POS=AUX|VerbForm=Inf",
      "Case=Acc|Gender=Neut|Number=Plur|POS=DET|PronType=Dem",
      "Case=Nom|Gender=Fem|Number=Sing|POS=PRON|Person=3|PronType=Prs",
      "Mood=Ind|Number=Plur|POS=VERB|Person=1|Tense=Pres|VerbForm=Fin",
      "Case=Nom|Number=Plur|POS=PRON|Person=1|PronType=Prs",
      "Case=Acc|Gender=Fem|Number=Plur|POS=DET|PronType=Ind",
      "Case=Nom|Gender=Fem|Number=Plur|POS=PRON|Person=3|PronType=Prs",
      "Case=Acc|POS=PRON|Person=3|PronType=Prs",
      "Case=Gen|Gender=Fem|Number=Sing|POS=DET|Poss=Yes|PronType=Prs",
      "Case=Acc|Definite=Def|Gender=Fem|Number=Plur|POS=DET|PronType=Art",
      "Case=Dat|Gender=Fem|Number=Sing|POS=PROPN",
      "Case=Gen|Degree=Pos|Gender=Neut|Number=Sing|POS=ADJ",
      "Case=Acc|Gender=Fem|Number=Sing|POS=DET|PronType=Ind",
      "Case=Acc|Degree=Pos|Gender=Fem|Number=Plur|POS=ADJ",
      "Case=Nom|Gender=Neut|Number=Sing|POS=PRON|PronType=Rel",
      "Case=Gen|Definite=Ind|Gender=Fem|Number=Sing|POS=DET|PronType=Art",
      "Case=Nom|Gender=Fem|Number=Sing|POS=DET|PronType=Dem",
      "Case=Dat|Gender=Neut|Number=Sing|POS=DET|Poss=Yes|PronType=Prs",
      "Mood=Sub|Number=Plur|POS=AUX|Person=3|Tense=Pres|VerbForm=Fin",
      "POS=ADV|PronType=Int",
      "Case=Nom|Gender=Masc|Number=Sing|POS=PRON|PronType=Int",
      "Case=Dat|Gender=Masc|Number=Sing|POS=PRON|PronType=Int",
      "POS=AUX|VerbForm=Part",
      "Case=Dat|Gender=Neut|Number=Plur|POS=DET|PronType=Ind",
      "Case=Dat|Number=Plur|POS=PRON|PronType=Ind",
      "Case=Nom|Number=Plur|POS=DET|PronType=Dem",
      "Case=Dat|Gender=Neut|Number=Sing|POS=DET|PronType=Dem",
      "Case=Dat|Definite=Def|Gender=Fem|Number=Plur|POS=DET|PronType=Art",
      "Case=Gen|Gender=Fem|Number=Sing|POS=PROPN",
      "Case=Dat|Number=Sing|POS=PRON|Person=3|PronType=Prs|Reflex=Yes",
      "Case=Acc|Number=Plur|POS=PRON|Person=1|PronType=Prs",
      "Case=Acc|Degree=Cmp|Gender=Fem|Number=Sing|POS=ADJ",
      "Case=Gen|Gender=Masc|Number=Sing|POS=DET|PronType=Dem",
      "Mood=Ind|Number=Plur|POS=AUX|Person=1|Tense=Pres|VerbForm=Fin",
      "Case=Dat|Gender=Fem|Number=Plur|POS=DET|PronType=Dem",
      "Case=Nom|Gender=Neut|Number=Sing|POS=DET|PronType=Ind",
      "Case=Dat|Number=Sing|POS=PRON|Person=1|PronType=Prs|Reflex=Yes",
      "Case=Acc|Number=Sing|POS=PRON|Person=1|PronType=Prs",
      "Case=Dat|Degree=Pos|Number=Plur|POS=ADJ",
      "Case=Dat|Number=Sing|POS=PRON|Person=1|PronType=Prs",
      "Case=Nom|Gender=Neut|Number=Sing|POS=PRON|PronType=Ind",
      "Case=Nom|Gender=Neut|Number=Sing|POS=PROPN",
      "Case=Nom|Number=Plur|POS=DET|PronType=Ind",
      "Degree=Sup|POS=ADV",
      "Case=Dat|Gender=Masc|Number=Plur|POS=PRON|PronType=Rel",
      "Case=Nom|Gender=Fem|Number=Sing|POS=PRON|PronType=Ind",
      "Case=Acc|Gender=Fem|Number=Plur|POS=PRON|PronType=Rel",
      "Case=Nom|Number=Sing|POS=NOUN",
      "Case=Acc|Definite=Def|Number=Plur|POS=DET|PronType=Art",
      "Case=Gen|Number=Sing|POS=NOUN",
      "Case=Nom|Gender=Fem|Number=Sing|POS=DET|PronType=Ind",
      "Case=Nom|Degree=Cmp|Gender=Fem|Number=Sing|POS=ADJ",
      "Case=Dat|Gender=Fem|Number=Sing|POS=PRON|Person=3|PronType=Prs",
      "Case=Acc|Gender=Masc|Number=Plur|POS=DET|Poss=Yes|PronType=Prs",
      "Case=Gen|Degree=Cmp|Gender=Masc|Number=Sing|POS=ADJ",
      "Case=Nom|Number=Plur|POS=PRON|PronType=Dem",
      "Case=Nom|Gender=Fem|Number=Sing|POS=PRON|PronType=Dem",
      "Case=Acc|Gender=Masc|Number=Sing|POS=DET|PronType=Ind",
      "Case=Acc|Number=Plur|POS=PRON|PronType=Ind",
      "Case=Dat|Number=Plur|POS=DET|PronType=Ind",
      "Mood=Sub|Number=Sing|POS=VERB|Person=3|Tense=Past|VerbForm=Fin",
      "Case=Dat|Gender=Neut|Number=Sing|POS=PRON|PronType=Rel",
      "Definite=Ind|Gender=Neut|Number=Sing|POS=DET|PronType=Art",
      "Case=Dat|Gender=Neut|Number=Plur|POS=DET|Poss=Yes|PronType=Prs",
      "Case=Dat|Gender=Fem|Number=Sing|POS=DET|PronType=Ind",
      "Case=Acc|Degree=Cmp|Gender=Masc|Number=Plur|POS=ADJ",
      "Gender=Fem|POS=NOUN",
      "Case=Gen|Degree=Sup|Gender=Fem|Number=Plur|POS=ADJ",
      "Case=Dat|Degree=Cmp|Gender=Fem|Number=Sing|POS=ADJ",
      "Case=Dat|Definite=Ind|Gender=Masc|Number=Sing|POS=DET|PronType=Art",
      "Case=Nom|Gender=Masc|Number=Sing|POS=DET|Poss=Yes|PronType=Prs",
      "Case=Dat|Degree=Sup|Gender=Masc|Number=Sing|POS=ADJ",
      "Case=Gen|Gender=Masc|Number=Plur|POS=DET|PronType=Dem",
      "Case=Gen|Gender=Fem|Number=Sing|POS=DET|PronType=Ind",
      "Case=Acc|Gender=Neut|Number=Plur|POS=DET|PronType=Ind",
      "Case=Nom|Gender=Masc|Number=Plur|POS=PRON|PronType=Dem",
      "Case=Gen|Gender=Neut|Number=Plur|POS=DET|PronType=Ind",
      "Case=Nom|Degree=Sup|Gender=Masc|Number=Plur|POS=ADJ",
      "Case=Acc|Gender=Fem|Number=Sing|POS=PRON|PronType=Rel",
      "Case=Nom|Degree=Cmp|Number=Plur|POS=ADJ",
      "Case=Gen|Gender=Fem|Number=Sing|POS=DET|PronType=Rel",
      "Case=Dat|Gender=Fem|Number=Plur|POS=PROPN",
      "Case=Dat|Number=Sing|POS=PROPN",
      "Case=Gen|Degree=Pos|Gender=Masc|Number=Plur|POS=ADJ",
      "Case=Dat|Gender=Masc|Number=Plur|POS=DET|PronType=Ind",
      "Case=Dat|Gender=Masc|Number=Sing|POS=DET|PronType=Dem",
      "Case=Dat|Gender=Neut|Number=Plur|POS=PRON|PronType=Rel",
      "Case=Nom|Gender=Neut|Number=Sing|POS=DET|PronType=Dem",
      "Case=Acc|Gender=Neut|Number=Sing|POS=PRON|PronType=Ind",
      "Case=Nom|Number=Plur|POS=PROPN",
      "Mood=Sub|Number=Plur|POS=VERB|Person=3|Tense=Past|VerbForm=Fin",
      "Case=Acc|Number=Plur|POS=PRON|Person=1|PronType=Prs|Reflex=Yes",
      "Case=Gen|Gender=Fem|Number=Plur|POS=PRON|PronType=Rel",
      "Case=Gen|Gender=Masc|Number=Plur|POS=DET|PronType=Rel",
      "Case=Gen|Gender=Neut|Number=Plur|POS=DET|Poss=Yes|PronType=Prs",
      "Case=Gen|Number=Plur|POS=DET|PronType=Rel",
      "Case=Dat|Degree=Sup|Gender=Fem|Number=Plur|POS=ADJ",
      "Case=Nom|Gender=Neut|Number=Plur|POS=DET|PronType=Dem",
      "Case=Nom|Degree=Cmp|Gender=Neut|Number=Plur|POS=ADJ",
      "Case=Nom|Gender=Fem|Number=Plur|POS=PROPN",
      "Case=Dat|Gender=Fem|Number=Plur|POS=DET|PronType=Ind",
      "Case=Nom|Degree=Sup|Gender=Fem|Number=Sing|POS=ADJ",
      "Case=Gen|Degree=Pos|Number=Plur|POS=ADJ",
      "Case=Acc|Gender=Fem|Number=Sing|POS=PRON|Person=3|PronType=Prs",
      "Case=Acc|Gender=Fem|Number=Sing|POS=DET|PronType=Dem",
      "Case=Gen|Gender=Fem|Number=Sing|POS=DET|PronType=Dem",
      "Case=Dat|Gender=Fem|Number=Plur|POS=PRON|PronType=Ind",
      "Case=Nom|Degree=Cmp|Gender=Fem|Number=Plur|POS=ADJ",
      "Case=Dat|Number=Plur|POS=PRON|PronType=Dem",
      "Case=Nom|Gender=Masc|Number=Sing|POS=PRON|PronType=Dem",
      "Case=Acc|Degree=Cmp|Gender=Masc|Number=Sing|POS=ADJ",
      "Case=Acc|Number=Plur|POS=DET|PronType=Dem",
      "Case=Nom|Gender=Fem|Number=Plur|POS=DET|Poss=Yes|PronType=Prs",
      "Case=Acc|Gender=Masc|Number=Plur|POS=PRON|Person=3|PronType=Prs",
      "Case=Dat|Gender=Fem|Number=Sing|POS=PRON|PronType=Rel",
      "Gender=Masc|Number=Sing|POS=NOUN",
      "Case=Gen|Gender=Neut|Number=Sing|POS=DET|PronType=Dem",
      "Case=Gen|Gender=Masc|Number=Sing|POS=DET|Poss=Yes|PronType=Prs",
      "Case=Nom|Definite=Ind|Number=Sing|POS=DET|PronType=Art",
      "Case=Acc|Number=Plur|POS=PRON|Poss=Yes|PronType=Prs",
      "Mood=Ind|Number=Sing|POS=AUX|Person=1|Tense=Pres|VerbForm=Fin",
      "Case=Dat|Gender=Fem|Number=Sing|POS=DET|PronType=Int",
      "Case=Nom|Gender=Masc|Number=Sing|POS=DET|PronType=Dem",
      "Gender=Fem|Number=Sing|POS=DET|Poss=Yes|PronType=Prs",
      "Gender=Fem|Number=Sing|POS=NOUN",
      "Case=Gen|Gender=Fem|Number=Plur|POS=DET|Poss=Yes|PronType=Prs",
      "Case=Gen|Gender=Fem|Number=Plur|POS=PRON|PronType=Dem",
      "Case=Acc|Gender=Fem|Number=Plur|POS=PRON|Person=3|PronType=Prs",
      "Case=Gen|Gender=Fem|Number=Sing|POS=DET|PronType=Int",
      "Case=Dat|Gender=Fem|Number=Sing|POS=DET|PronType=Dem",
      "Case=Dat|Gender=Masc|Number=Sing|POS=DET|PronType=Ind",
      "Case=Acc|Gender=Neut|Number=Plur|POS=DET|Poss=Yes|PronType=Prs",
      "Case=Nom|Gender=Fem|Number=Sing|POS=DET|PronType=Rel",
      "Case=Gen|Gender=Fem|Number=Plur|POS=DET|PronType=Ind",
      "Case=Dat|Gender=Fem|Number=Plur|POS=PRON|Person=3|PronType=Prs",
      "Case=Acc|Degree=Cmp|Number=Plur|POS=ADJ",
      "Case=Gen|Number=Plur|POS=PRON|PronType=Dem",
      "Case=Nom|Gender=Neut|Number=Plur|POS=PRON|Person=3|PronType=Prs",
      "Case=Acc|Gender=Fem|Number=Sing|POS=PRON|PronType=Ind",
      "Case=Acc|Degree=Sup|Gender=Neut|Number=Sing|POS=ADJ",
      "Case=Acc|Degree=Cmp|Gender=Fem|Number=Plur|POS=ADJ",
      "Case=Dat|Gender=Neut|Number=Plur|POS=DET|PronType=Dem",
      "Case=Acc|Gender=Masc|Number=Plur|POS=PRON|PronType=Ind",
      "Case=Nom|Gender=Masc|Number=Plur|POS=PRON|PronType=Ind",
      "Mood=Sub|Number=Sing|POS=AUX|Person=1|Tense=Past|VerbForm=Fin",
      "Case=Nom|Gender=Fem|Number=Plur|POS=PRON|PronType=Dem",
      "Gender=Masc|Number=Plur|POS=NOUN",
      "Case=Nom|Degree=Cmp|Gender=Neut|Number=Sing|POS=ADJ",
      "Gender=Neut|POS=PROPN",
      "Case=Acc|Gender=Neut|Number=Plur|POS=PROPN",
      "Case=Gen|Degree=Sup|Gender=Neut|Number=Plur|POS=ADJ",
      "Case=Dat|Degree=Sup|Gender=Neut|Number=Plur|POS=ADJ",
      "Degree=Pos|Gender=Fem|Number=Sing|POS=ADJ",
      "Case=Dat|Gender=Neut|Number=Plur|POS=PRON|Person=3|PronType=Prs",
      "Gender=Masc|POS=PROPN",
      "Case=Dat|Gender=Masc|Number=Sing|POS=PRON|PronType=Dem",
      "Case=Nom|POS=PROPN",
      "Case=Acc|Gender=Masc|Number=Plur|POS=DET|PronType=Dem",
      "Case=Nom|Gender=Neut|Number=Plur|POS=PRON|PronType=Ind",
      "Case=Gen|Gender=Neut|Number=Plur|POS=DET|PronType=Dem",
      "Case=Gen|Gender=Masc|Number=Plur|POS=PRON|PronType=Dem",
      "Case=Acc|Gender=Neut|Number=Plur|POS=PRON|Person=3|PronType=Prs",
      "Case=Dat|Gender=Masc|Number=Plur|POS=DET|PronType=Dem",
      "Case=Dat|Gender=Masc|Number=Plur|POS=DET|Poss=Yes|PronType=Prs",
      "Case=Gen|Gender=Masc|Number=Plur|POS=DET|PronType=Ind",
      "Case=Acc|Gender=Masc|Number=Plur|POS=PRON|PronType=Rel",
      "Case=Acc|Gender=Neut|Number=Plur|POS=DET|PronType=Int",
      "Definite=Def|Gender=Fem|Number=Sing|POS=DET|PronType=Art",
      "Case=Acc|Gender=Neut|Number=Sing|POS=DET|PronType=Dem",
      "Case=Gen|Degree=Cmp|Gender=Masc|Number=Plur|POS=ADJ",
      "Case=Gen|Gender=Fem|Number=Sing|POS=PRON|PronType=Dem",
      "Case=Dat|Number=Sing|POS=PRON|Person=3|PronType=Prs",
      "Case=Gen|Degree=Sup|Gender=Masc|Number=Plur|POS=ADJ",
      "Case=Acc|Gender=Fem|Number=Sing|POS=PRON|Person=1|PronType=Prs",
      "Case=Gen|Gender=Neut|Number=Sing|POS=DET|PronType=Rel",
      "Case=Acc|Gender=Fem|Number=Plur|POS=PROPN",
      "Case=Acc|Number=Plur|POS=PROPN",
      "Case=Nom|Gender=Neut|Number=Plur|POS=DET|Poss=Yes|PronType=Prs",
      "Case=Acc|Number=Plur|POS=DET|PronType=Ind",
      "Case=Dat|Definite=Ind|Number=Sing|POS=DET|PronType=Art",
      "Case=Dat|Number=Sing|POS=PRON|PronType=Rel",
      "Case=Gen|Degree=Cmp|Gender=Neut|Number=Plur|POS=ADJ",
      "Case=Dat|Number=Sing|POS=ADP",
      "Case=Gen|Gender=Fem|Number=Plur|POS=DET|PronType=Rel",
      "Mood=Imp|Number=Sing|POS=VERB|Person=2",
      "Case=Nom|Degree=Cmp|Gender=Masc|Number=Plur|POS=ADJ",
      "Case=Nom|Degree=Cmp|Gender=Masc|Number=Sing|POS=ADJ",
      "Case=Gen|Gender=Fem|Number=Plur|POS=PROPN",
      "Case=Acc|Gender=Masc|POS=NOUN",
      "Case=Dat|Degree=Sup|Gender=Neut|Number=Sing|POS=ADJ",
      "Case=Dat|Gender=Fem|Number=Sing|POS=PRON|PronType=Ind",
      "Case=Dat|Degree=Cmp|Gender=Neut|Number=Sing|POS=ADJ",
      "Case=Gen|Gender=Neut|Number=Sing|POS=PRON|PronType=Ind",
      "Case=Acc|Degree=Sup|Gender=Fem|Number=Plur|POS=ADJ",
      "Case=Acc|Degree=Cmp|Gender=Neut|Number=Sing|POS=ADJ",
      "Case=Gen|Degree=Sup|Gender=Masc|Number=Sing|POS=ADJ",
      "Case=Gen|Degree=Sup|Gender=Neut|Number=Sing|POS=ADJ",
      "Gender=Neut|Number=Sing|POS=NOUN",
      "POS=NOUN",
      "Case=Dat|Gender=Neut|Number=Sing|POS=DET|PronType=Int",
      "Case=Nom|Gender=Fem|Number=Sing|POS=PRON|Person=1|PronType=Prs",
      "Case=Nom|Gender=Masc|Number=Plur|POS=DET|PronType=Dem",
      "Case=Gen|Number=Sing|POS=DET|PronType=Rel",
      "Case=Gen|Gender=Fem|Number=Plur|POS=DET|PronType=Dem",
      "Case=Dat|POS=PROPN",
      "Case=Gen|Definite=Def|POS=DET|PronType=Art",
      "Case=Gen|POS=PROPN",
      "Case=Acc|Number=Sing|POS=NOUN",
      "Case=Gen|Degree=Sup|Gender=Fem|Number=Sing|POS=ADJ",
      "Case=Dat|Degree=Cmp|Gender=Masc|Number=Sing|POS=ADJ",
      "Mood=Imp|Number=Plur|POS=VERB|Person=2",
      "Case=Dat|Degree=Cmp|Gender=Masc|Number=Plur|POS=ADJ",
      "Case=Dat|Number=Plur|POS=PRON|Person=1|PronType=Prs|Reflex=Yes",
      "Case=Nom|Gender=Masc|Number=Sing|POS=PRON|Person=1|PronType=Prs",
      "Case=Acc|Gender=Masc|Number=Sing|POS=PRON|PronType=Rel",
      "Case=Nom|Gender=Masc|Number=Plur|POS=PRON|Person=1|PronType=Prs",
      "Case=Gen|Gender=Neut|Number=Sing|POS=PRON|PronType=Dem",
      "Case=Gen|Gender=Fem|Number=Sing|POS=PRON|Person=3|PronType=Prs",
      "Case=Gen|Degree=Cmp|Gender=Fem|Number=Sing|POS=ADJ",
      "Case=Nom|Gender=Masc|Number=Sing|POS=DET|PronType=Int",
      "Case=Gen|POS=PRON|PronType=Dem",
      "Definite=Ind|POS=DET|PronType=Art",
      "Mood=Ind|Number=Sing|POS=AUX|Person=1|Tense=Past|VerbForm=Fin",
      "Case=Nom|Degree=Sup|Gender=Neut|Number=Plur|POS=ADJ",
      "Case=Acc|Gender=Masc|Number=Sing|POS=DET|PronType=Int",
      "Case=Dat|POS=PRON|PronType=Dem",
      "Gender=Masc|Number=Sing|POS=PROPN",
      "Case=Gen|Degree=Cmp|Gender=Neut|Number=Sing|POS=ADJ",
      "Case=Acc|Gender=Neut|Number=Sing|POS=PRON|Poss=Yes|PronType=Prs",
      "Case=Acc|Gender=Fem|Number=Sing|POS=PRON|PronType=Dem",
      "Gender=Neut|Number=Sing|POS=PROPN",
      "Case=Dat|Gender=Neut|Number=Sing|POS=PRON|PronType=Dem",
      "Case=Dat|Number=Sing|POS=PRON|PronType=Dem",
      "Case=Dat|Gender=Neut|Number=Sing|POS=PRON|Person=3|PronType=Prs",
      "Case=Dat|Degree=Cmp|Number=Sing|POS=ADJ",
      "Case=Dat|Degree=Pos|Number=Sing|POS=ADJ",
      "POS=DET|Poss=Yes|PronType=Prs",
      "Case=Gen|Number=Sing|POS=PRON|PronType=Dem",
      "Gender=Fem|Number=Sing|POS=PROPN",
      "Case=Nom|Degree=Sup|Gender=Neut|Number=Sing|POS=ADJ",
      "Mood=Ind|Number=Plur|POS=AUX|Person=1|Tense=Past|VerbForm=Fin",
      "Case=Nom|Gender=Masc|Number=Plur|POS=PROPN",
      "Case=Nom|Degree=Sup|Gender=Fem|Number=Plur|POS=ADJ",
      "Case=Nom|Number=Sing|POS=PRON|Person=2|PronType=Prs",
      "Mood=Ind|Number=Sing|POS=VERB|Person=2|Tense=Pres|VerbForm=Fin",
      "Case=Acc|Number=Plur|POS=PRON|PronType=Dem",
      "Case=Nom|POS=PRON|Person=3|PronType=Prs",
      "Mood=Ind|Number=Sing|POS=AUX|Person=2|Tense=Pres|VerbForm=Fin",
      "Case=Nom|Gender=Fem|Number=Sing|POS=PRON|Person=2|PronType=Prs",
      "Case=Dat|Number=Sing|POS=PRON|Person=2|PronType=Prs",
      "Case=Acc|Number=Sing|POS=PRON|Person=2|PronType=Prs",
      "Case=Nom|Number=Sing|POS=PRON|PronType=Int",
      "Mood=Sub|Number=Sing|POS=AUX|Person=1|Tense=Pres|VerbForm=Fin",
      "Mood=Ind|Number=Sing|POS=VERB|Person=1|Tense=Past|VerbForm=Fin",
      "Mood=Ind|Number=Plur|POS=VERB|Person=1|Tense=Past|VerbForm=Fin",
      "Case=Nom|Gender=Masc|Number=Plur|POS=PRON|PronType=Int",
      "Case=Dat|Gender=Masc|Number=Plur|POS=PRON|PronType=Ind",
      "Case=Nom|Number=Sing|POS=DET|Poss=Yes|PronType=Prs",
      "Case=Gen|Gender=Neut|Number=Plur|POS=DET|PronType=Rel",
      "Case=Acc|Gender=Neut|Number=Sing|POS=DET|PronType=Int",
      "Case=Acc|Gender=Fem|Number=Plur|POS=PRON|PronType=Ind",
      "Case=Dat|Degree=Sup|Gender=Masc|Number=Plur|POS=ADJ",
      "Case=Acc|Number=Plur|POS=DET|Poss=Yes|PronType=Prs",
      "Case=Dat|Gender=Masc|Number=Sing|POS=PRON|Person=1|PronType=Prs",
      "Case=Dat|Gender=Neut|Number=Plur|POS=PRON|PronType=Ind",
      "Case=Dat|Gender=Fem|Number=Plur|POS=PRON|PronType=Dem",
      "Case=Gen|Number=Plur|POS=DET|PronType=Ind",
      "Case=Gen|Gender=Masc|Number=Sing|POS=DET|PronType=Ind",
      "Case=Dat|Gender=Fem|Number=Sing|POS=PRON|PronType=Dem",
      "Case=Dat|Gender=Neut|Number=Sing|POS=DET|PronType=Ind",
      "Case=Gen|Degree=Cmp|Gender=Fem|Number=Plur|POS=ADJ",
      "Case=Acc|Degree=Cmp|Gender=Neut|Number=Plur|POS=ADJ",
      "Case=Acc|Gender=Masc|Number=Sing|POS=PRON|PronType=Dem",
      "Case=Dat|Gender=Masc|Number=Sing|POS=DET|PronType=Int",
      "Case=Nom|Number=Plur|POS=DET|Poss=Yes|PronType=Prs",
      "Case=Acc|Number=Sing|POS=PRON|PronType=Ind",
      "Definite=Ind|Gender=Fem|Number=Sing|POS=DET|PronType=Art",
      "Mood=Sub|Number=Plur|POS=VERB|Person=3|Tense=Pres|VerbForm=Fin",
      "Case=Gen|Number=Plur|POS=DET|PronType=Dem",
      "Gender=Neut|POS=DET|PronType=Ind",
      "Case=Dat|Number=Sing|POS=PRON|PronType=Ind",
      "Case=Nom|Number=Plur|POS=PRON|Person=2|PronType=Prs",
      "Mood=Ind|Number=Plur|POS=AUX|Person=2|Tense=Pres|VerbForm=Fin",
      "Mood=Ind|Number=Plur|POS=VERB|Person=2|Tense=Pres|VerbForm=Fin",
      "Case=Dat|Number=Plur|POS=PRON|Person=2|PronType=Prs",
      "Case=Acc|Number=Sing|POS=PRON|Person=1|PronType=Prs|Reflex=Yes",
      "Case=Nom|Gender=Masc|Number=Sing|POS=PRON|Poss=Yes|PronType=Prs",
      "Case=Nom|Gender=Masc|Number=Sing|POS=PRON|Person=2|PronType=Prs",
      "Case=Acc|Gender=Masc|Number=Sing|POS=PRON|Person=2|PronType=Prs",
      "Case=Nom|Gender=Neut|Number=Sing|POS=DET|PronType=Int",
      "Case=Dat|Gender=Neut|Number=Plur|POS=DET|PronType=Int",
      "Case=Acc|Gender=Fem|Number=Sing|POS=DET|PronType=Int",
      "Case=Gen|Number=Plur|POS=PRON|PronType=Ind",
      "Mood=Sub|Number=Sing|POS=VERB|Person=1|Tense=Pres|VerbForm=Fin",
      "Case=Acc|Number=Sing|POS=PRON|PronType=Int",
      "Case=Nom|Gender=Fem|Number=Plur|POS=PRON|Person=1|PronType=Prs",
      "Case=Acc|POS=PRON|PronType=Dem",
      "Mood=Sub|Number=Plur|POS=AUX|Person=1|Tense=Past|VerbForm=Fin",
      "Mood=Sub|Number=Plur|POS=VERB|Person=1|Tense=Past|VerbForm=Fin",
      "Case=Acc|Degree=Sup|Gender=Masc|Number=Plur|POS=ADJ",
      "Case=Acc|Gender=Masc|Number=Plur|POS=PRON|PronType=Dem",
      "Case=Gen|Degree=Pos|POS=ADJ",
      "Case=Acc|Gender=Fem|Number=Plur|POS=PRON|PronType=Dem",
      "Case=Gen|Number=Plur|POS=PRON|Poss=Yes|PronType=Prs",
      "Case=Dat|Gender=Neut|Number=Plur|POS=PRON|PronType=Dem",
      "Mood=Imp|Number=Plur|POS=AUX|Person=2",
      "Case=Dat|Number=Sing|POS=PRON|PronType=Int",
      "Mood=Sub|Number=Sing|POS=VERB|Person=2|Tense=Past|VerbForm=Fin",
      "Case=Acc|Number=Sing|POS=PRON|Person=2|PronType=Prs|Reflex=Yes",
      "Case=Dat|Gender=Fem|Number=Plur|POS=DET|PronType=Int",
      "Case=Dat|Gender=Masc|Number=Plur|POS=PROPN",
      "Case=Acc|Gender=Neut|Number=Plur|POS=PRON|PronType=Dem",
      "Mood=Sub|Number=Plur|POS=AUX|Person=1|Tense=Pres|VerbForm=Fin",
      "Case=Acc|Number=Sing|POS=PRON|PronType=Rel",
      "Case=Acc|Number=Sing|POS=PRON|PronType=Dem",
      "Case=Nom|Number=Sing|POS=PRON|PronType=Rel",
      "Case=Dat|Degree=Cmp|Gender=Neut|Number=Plur|POS=ADJ",
      "Case=Dat|Definite=Def|Number=Sing|POS=DET|PronType=Art",
      "Gender=Neut|Number=Plur|POS=NOUN",
      "Case=Dat|Degree=Cmp|Number=Plur|POS=ADJ",
      "Gender=Fem|POS=PROPN",
      "Case=Acc|Gender=Neut|Number=Plur|POS=PRON|PronType=Int",
      "Case=Gen|Definite=Def|Number=Sing|POS=DET|PronType=Art",
      "Case=Gen|Degree=Pos|Number=Sing|POS=ADJ",
      "Case=Nom|Number=Sing|POS=PRON|Person=3|PronType=Prs",
      "Case=Nom|Gender=Fem|Number=Plur|POS=DET|PronType=Int",
      "Case=Gen|Gender=Neut|Number=Sing|POS=DET|PronType=Ind",
      "Gender=Fem|Number=Plur|POS=NOUN",
      "Gender=Fem|POS=PRON|PronType=Ind",
      "Case=Nom|Definite=Def|Number=Sing|POS=DET|PronType=Art",
      "Mood=Ind|Number=Plur|POS=VERB|Person=2|Tense=Past|VerbForm=Fin",
      "Case=Nom|Gender=Neut|Number=Sing|POS=DET|PronType=Rel",
      "Case=Dat|Degree=Sup|Number=Plur|POS=ADJ",
      "Case=Nom|Degree=Pos|Number=Sing|POS=ADJ",
      "Case=Acc|Degree=Sup|Number=Plur|POS=ADJ",
      "Case=Nom|Gender=Neut|Number=Plur|POS=PROPN",
      "Case=Dat|Gender=Neut|Number=Plur|POS=PROPN",
      "Case=Acc|Gender=Neut|Number=Plur|POS=PRON|Poss=Yes|PronType=Prs",
      "Case=Acc|Number=Plur|POS=PRON|Person=2|PronType=Prs",
      "Case=Dat|Number=Sing|POS=DET|PronType=Ind",
      "Case=Nom|Gender=Fem|Number=Sing|POS=DET",
      "Case=Nom|Gender=Masc|POS=NOUN",
      "Case=Nom|POS=NOUN",
      "Case=Gen|POS=NOUN",
      "Degree=Cmp|Gender=Fem|Number=Sing|POS=ADJ",
      "Degree=Pos|Gender=Neut|Number=Sing|POS=ADJ",
      "Case=Acc|Definite=Def|POS=DET|PronType=Art",
      "Case=Acc|POS=PROPN",
      "Case=Nom|Number=Plur|POS=DET|PronType=Int",
      "Case=Gen|Degree=Cmp|Number=Plur|POS=ADJ",
      "Case=Acc|Gender=Neut|POS=NOUN",
      "Case=Gen|POS=DET|PronType=Rel",
      "Case=Dat|Number=Sing|POS=PRON|Poss=Yes|PronType=Prs",
      "POS=DET|PronType=Int",
      "Definite=Ind|Gender=Neut|POS=DET|PronType=Art",
      "Case=Dat|POS=NOUN",
      "Case=Acc|Definite=Ind|Number=Sing|POS=DET|PronType=Art",
      "Case=Nom|Gender=Neut|POS=NOUN",
      "Definite=Def|Gender=Masc|Number=Sing|POS=DET|PronType=Art",
      "Degree=Pos|Gender=Masc|Number=Sing|POS=ADJ",
      "Case=Dat|Number=Plur|POS=DET|PronType=Dem",
      "Case=Acc|Gender=Masc|Number=Sing|POS=PRON|PronType=Int",
      "Case=Nom|Gender=Masc|Number=Sing|POS=DET|PronType=Rel",
      "Case=Acc|Gender=Masc|Number=Plur|POS=PROPN",
      "Case=Acc|Number=Sing|POS=PRON|Person=3|PronType=Prs",
      "Case=Acc|Gender=Fem|Number=Plur|POS=PRON|PronType=Int",
      "Case=Acc|Gender=Masc|Number=Plur|POS=DET|PronType=Int",
      "Case=Gen|Number=Sing|POS=PRON|PronType=Ind",
      "Case=Acc|POS=NOUN",
      "Case=Gen|Number=Sing|POS=PRON|Person=3|PronType=Prs",
      "Case=Gen|Gender=Neut|Number=Plur|POS=PRON|PronType=Dem",
      "Case=Gen|Gender=Masc|Number=Sing|POS=PRON|PronType=Ind",
      "Case=Gen|Gender=Neut|Number=Plur|POS=PROPN",
      "Case=Nom|Definite=Def|POS=DET|PronType=Art",
      "Case=Nom|Degree=Pos|POS=ADJ",
      "Gender=Fem|Number=Sing|POS=DET|PronType=Ind",
      "Case=Acc|Gender=Masc|Number=Sing|POS=PRON|Person=1|PronType=Prs",
      "Case=Acc|Gender=Masc|Number=Plur|POS=PRON|Person=1|PronType=Prs",
      "Degree=Pos|Gender=Fem|Number=Plur|POS=ADJ",
      "Case=Nom|Gender=Masc|Number=Plur|POS=DET|PronType=Int",
      "Definite=Def|Gender=Fem|Number=Plur|POS=DET|PronType=Art",
      "Case=Acc|Number=Plur|POS=PRON|Person=2|PronType=Prs|Reflex=Yes",
      "Case=Gen|Number=Plur|POS=PRON|Person=3|PronType=Prs",
      "Case=Gen|Definite=Ind|Number=Sing|POS=DET|PronType=Art",
      "Case=Gen|Gender=Fem|Number=Sing|POS=PRON|PronType=Ind",
      "Case=Gen|Number=Sing|POS=DET|Poss=Yes|PronType=Prs",
      "Case=Dat|Gender=Masc|Number=Plur|POS=PRON|PronType=Dem",
      "Case=Nom|Number=Plur|POS=PRON|PronType=Int",
      "Case=Dat|Gender=Neut|POS=NOUN",
      "Case=Acc|Gender=Neut|Number=Plur|POS=PRON|PronType=Ind",
      "Case=Dat|Gender=Masc|Number=Plur|POS=DET|PronType=Int",
      "Case=Acc|Definite=Def|Number=Sing|POS=DET|PronType=Art",
      "Case=Nom|Gender=Masc|Number=Plur|POS=DET|PronType=Rel",
      "Degree=Cmp|POS=ADJ",
      "Case=Dat|Gender=Neut|Number=Sing|POS=PRON|Poss=Yes|PronType=Prs",
      "Case=Nom|Gender=Fem|Number=Sing|POS=PRON|Poss=Yes|PronType=Prs",
      "Case=Dat|Gender=Fem|Number=Sing|POS=PRON|Poss=Yes|PronType=Prs",
      "Case=Acc|Number=Sing|POS=DET|Poss=Yes|PronType=Prs",
      "POS=ADJ",
      "Case=Nom|Gender=Neut|Number=Plur|POS=DET|PronType=Int",
      "Case=Acc|Degree=Pos|POS=ADJ",
      "Case=Gen|POS=PRON|PronType=Int",
      "Case=Acc|Definite=Ind|Gender=Neut|Number=Plur|POS=DET|PronType=Art",
      "Definite=Def|Number=Plur|POS=DET|PronType=Art",
      "Degree=Pos|Number=Plur|POS=ADJ",
      "Number=Plur|POS=NOUN",
      "POS=PRON|PronType=Int",
      "Case=Gen|Degree=Sup|Number=Plur|POS=ADJ",
      "Case=Dat|Gender=Masc|POS=NOUN",
      "Gender=Fem|Number=Plur|POS=DET|PronType=Ind",
      "Gender=Fem|POS=DET|PronType=Dem",
      "Case=Acc|POS=PRON|PronType=Ind",
      "Case=Gen|Number=Sing|POS=DET|PronType=Int",
      "Case=Gen|Gender=Neut|Number=Plur|POS=PRON|PronType=Rel",
      "Case=Nom|Gender=Fem|POS=NOUN",
      "Case=Nom|Number=Sing|POS=PRON|Person=3|PronType=Prs|Reflex=Yes",
      "Mood=Sub|Number=Sing|POS=AUX|Person=2|Tense=Pres|VerbForm=Fin",
      "Case=Gen|Gender=Neut|Number=Sing|POS=PRON|PronType=Rel",
      "Case=Nom|Gender=Masc|Number=Sing|POS=ADP",
      "Case=Nom|Gender=Masc|POS=PROPN",
      "Definite=Def|POS=DET|PronType=Art",
      "Mood=Ind|Number=Sing|POS=VERB|Person=2|Tense=Past|VerbForm=Fin",
      "Case=Acc|Degree=Pos|Number=Sing|POS=ADJ",
      "Case=Acc|Number=Sing|POS=DET|PronType=Ind",
      "Case=Nom|Number=Sing|POS=PRON|PronType=Dem",
      "Case=Nom|Number=Sing|POS=DET|PronType=Ind",
      "Case=Dat|Gender=Fem|Number=Sing|POS=PRON|Person=1|PronType=Prs",
      "Case=Dat|POS=PRON|Person=3|PronType=Prs",
      "Case=Dat|POS=PRON|Person=3|PronType=Prs|Reflex=Yes",
      "Mood=Imp|Number=Sing|POS=AUX|Person=2",
      "Gender=Fem|Number=Sing|POS=DET|PronType=Dem",
      "Case=Gen|Gender=Masc|Number=Sing|POS=PRON|PronType=Rel",
      "Case=Acc|Gender=Masc|Number=Sing|POS=ADP",
      "Definite=Ind|Gender=Masc|Number=Sing|POS=DET|PronType=Art",
      "Mood=Sub|Number=Sing|POS=VERB|Person=2|Tense=Pres|VerbForm=Fin",
      "Case=Nom|Degree=Sup|Number=Plur|POS=ADJ",
      "Case=Gen|Gender=Masc|Number=Plur|POS=PROPN",
      "Case=Acc|Gender=Fem|Number=Plur|POS=PRON|Person=1|PronType=Prs",
      "Gender=Fem|Number=Plur|POS=DET|Poss=Yes|PronType=Prs",
      "Case=Dat|Gender=Masc|POS=PROPN",
      "Case=Gen|Gender=Fem|Number=Sing|POS=DET",
      "Case=Gen|Gender=Fem|Number=Sing|POS=PRON|PronType=Rel",
      "Case=Acc|Gender=Fem|Number=Sing|POS=PRON|PronType=Int",
      "Case=Nom|POS=PRON|PronType=Ind",
      "Case=Nom|Number=Plur|POS=PRON|Person=3|PronType=Prs|Reflex=Yes",
      "Case=Gen|Definite=Def|Gender=Fem|POS=DET|PronType=Art",
      "Case=Gen|Gender=Masc|Number=Plur|POS=PRON|Person=3|PronType=Prs",
      "Case=Acc|Gender=Masc|Number=Plur|POS=PRON|Person=2|PronType=Prs",
      "Case=Gen|POS=DET|PronType=Dem",
      "Case=Nom|Gender=Masc|Number=Plur|POS=PRON|Poss=Yes|PronType=Prs",
      "Gender=Masc|POS=PRON|PronType=Ind",
      "Gender=Neut|Number=Sing|POS=PRON|Person=3|PronType=Prs",
      "Case=Nom|Gender=Fem|POS=PRON|PronType=Ind",
      "Case=Nom|Gender=Fem|POS=PROPN",
      "Gender=Neut|Number=Plur|POS=PROPN",
      "Gender=Masc|Number=Sing|POS=PRON|PronType=Ind"
    ],
    "parser": [
      "ROOT",
      "ac",
      "adc",
      "ag",
      "ams",
      "app",
      "avc",
      "cc",
      "cd",
      "cj",
      "cm",
      "cp",
      "cvc",
      "da",
      "dep",
      "dm",
      "ep",
      "ju",
      "mnr",
      "mo",
      "ng",
      "nk",
      "nmc",
      "oa",
      "oc",
      "og",
      "op",
      "par",
      "pd",
      "pg",
      "ph",
      "pm",
      "pnc",
      "punct",
      "rc",
      "re",
      "rs",
      "sb",
      "sbp",
      "svp",
      "uc",
      "vo"
    ],
    "senter": [
      "I",
      "S"
    ],
    "attribute_ruler": [],
    "lemmatizer": [],
    "ner": [
      "LOC",
      "MISC",
      "ORG",
      "PER"
    ]
  },
  "pipeline": [
    "tok2vec",
    "tagger",
    "morphologizer",
    "parser",
    "attribute_ruler",
    "lemmatizer",
    "ner"
  ],
  "components": [
    "tok2vec",
    "tagger",
    "morphologizer",
    "parser",
    "senter",
    "attribute_ruler",
    "lemmatizer",
    "ner"
  ],
  "disabled": [
    "senter"
  ],
  "performance": {
    "token_acc": 0.9998017682,
    "tag_acc": 0.9801509165,
    "pos_acc": 0.9845647606,
    "morph_acc": 0.9216598388,
    "lemma_acc": 0.7342764075,
    "dep_uas": 0.9241413504,
    "dep_las": 0.9049250278,
    "sents_p": 0.9507956449,
    "sents_r": 0.960334161,
    "sents_f": 0.9487152836,
    "speed": 10261.9301454339,
    "morph_per_feat": {
      "Case": {
        "p": 0.9209704346,
        "r": 0.9228838941,
        "f": 0.9219261715
      },
      "Definite": {
        "p": 0.9963520292,
        "r": 0.9968065693,
        "f": 0.9965792474
      },
      "Gender": {
        "p": 0.9470807523,
        "r": 0.9536294875,
        "f": 0.9503438383
      },
      "Number": {
        "p": 0.9773148148,
        "r": 0.9779939773,
        "f": 0.9776542781
      },
      "PronType": {
        "p": 0.9929325751,
        "r": 0.99108084,
        "f": 0.9920058434
      },
      "Degree": {
        "p": 0.9853950378,
        "r": 0.9774829813,
        "f": 0.9814230634
      },
      "VerbForm": {
        "p": 0.9644044173,
        "r": 0.9658541823,
        "f": 0.9651287554
      },
      "Mood": {
        "p": 0.9750544115,
        "r": 0.9656773338,
        "f": 0.9703432189
      },
      "Person": {
        "p": 0.9823193652,
        "r": 0.9745856354,
        "f": 0.9784372183
      },
      "Tense": {
        "p": 0.9773261673,
        "r": 0.9680585593,
        "f": 0.9726702883
      },
      "Reflex": {
        "p": 1.0,
        "r": 0.9952606635,
        "f": 0.9976247031
      },
      "Poss": {
        "p": 0.9979338843,
        "r": 0.9979338843,
        "f": 0.9979338843
      },
      "Foreign": {
        "p": 0.6363636364,
        "r": 0.1407035176,
        "f": 0.2304526749
      }
    },
    "dep_las_per_type": {
      "cp": {
        "p": 0.9513513514,
        "r": 0.9652650823,
        "f": 0.9582577132
      },
      "nk": {
        "p": 0.9770692379,
        "r": 0.9821224955,
        "f": 0.9795893499
      },
      "sb": {
        "p": 0.9197295423,
        "r": 0.930538502,
        "f": 0.9251024501
      },
      "ag": {
        "p": 0.9585605234,
        "r": 0.9718076285,
        "f": 0.965138622
      },
      "mnr": {
        "p": 0.737751004,
        "r": 0.772173182,
        "f": 0.7545697268
      },
      "mo": {
        "p": 0.7877877878,
        "r": 0.7960752579,
        "f": 0.791909841
      },
      "oc": {
        "p": 0.9128508124,
        "r": 0.9301625527,
        "f": 0.9214253765
      },
      "root": {
        "p": 0.9759263136,
        "r": 0.9634221947,
        "f": 0.9696339434
      },
      "rc": {
        "p": 0.6711711712,
        "r": 0.668161435,
        "f": 0.6696629213
      },
      "op": {
        "p": 0.7388781431,
        "r": 0.5692995529,
        "f": 0.6430976431
      },
      "pm": {
        "p": 0.9942857143,
        "r": 1.0,
        "f": 0.9971346705
      },
      "nmc": {
        "p": 0.9825673534,
        "r": 0.9794628752,
        "f": 0.9810126582
      },
      "oa": {
        "p": 0.8642578125,
        "r": 0.8756596306,
        "f": 0.869921363
      },
      "pd": {
        "p": 0.8479338843,
        "r": 0.7544117647,
        "f": 0.7984435798
      },
      "ep": {
        "p": 0.8518518519,
        "r": 0.8646616541,
        "f": 0.8582089552
      },
      "cd": {
        "p": 0.872656755,
        "r": 0.8720930233,
        "f": 0.8723747981
      },
      "cj": {
        "p": 0.8476885645,
        "r": 0.858974359,
        "f": 0.8532941465
      },
      "par": {
        "p": 0.55,
        "r": 0.3235294118,
        "f": 0.4074074074
      },
      "svp": {
        "p": 0.9466403162,
        "r": 0.9211538462,
        "f": 0.9337231969
      },
      "pg": {
        "p": 0.8588957055,
        "r": 0.8917197452,
        "f": 0.875
      },
      "da": {
        "p": 0.8263888889,
        "r": 0.6055979644,
        "f": 0.6989720999
      },
      "app": {
        "p": 0.6489028213,
        "r": 0.696969697,
        "f": 0.6720779221
      },
      "ac": {
        "p": 0.9523809524,
        "r": 0.8547008547,
        "f": 0.9009009009
      },
      "pnc": {
        "p": 0.8655913978,
        "r": 0.8363636364,
        "f": 0.8507265522
      },
      "ju": {
        "p": 0.9215686275,
        "r": 0.9494949495,
        "f": 0.9353233831
      },
      "ng": {
        "p": 0.8015873016,
        "r": 0.8058510638,
        "f": 0.8037135279
      },
      "re": {
        "p": 0.7172413793,
        "r": 0.619047619,
        "f": 0.6645367412
      },
      "cm": {
        "p": 0.8829268293,
        "r": 0.8701923077,
        "f": 0.8765133172
      },
      "cc": {
        "p": 0.7529411765,
        "r": 0.6432160804,
        "f": 0.6937669377
      },
      "sbp": {
        "p": 0.8392857143,
        "r": 0.8103448276,
        "f": 0.8245614035
      },
      "uc": {
        "p": 0.5882352941,
        "r": 0.3333333333,
        "f": 0.4255319149
      },
      "cvc": {
        "p": 0.8703703704,
        "r": 0.5949367089,
        "f": 0.7067669173
      },
      "ams": {
        "p": 0.7619047619,
        "r": 0.7058823529,
        "f": 0.7328244275
      },
      "dep": {
        "p": 0.0,
        "r": 0.0,
        "f": 0.0
      },
      "rs": {
        "p": 0.6923076923,
        "r": 0.2903225806,
        "f": 0.4090909091
      },
      "ph": {
        "p": 0.6,
        "r": 0.4285714286,
        "f": 0.5
      },
      "dm": {
        "p": 0.0,
        "r": 0.0,
        "f": 0.0
      },
      "oa2": {
        "p": 0.0,
        "r": 0.0,
        "f": 0.0
      },
      "vo": {
        "p": 0.0,
        "r": 0.0,
        "f": 0.0
      },
      "og": {
        "p": 0.3333333333,
        "r": 0.2857142857,
        "f": 0.3076923077
      },
      "adc": {
        "p": 1.0,
        "r": 1.0,
        "f": 1.0
      }
    },
    "ents_p": 0.8528339772,
    "ents_r": 0.8473506739,
    "ents_f": 0.8500834833,
    "ents_per_type": {
      "LOC": {
        "p": 0.8707468486,
        "r": 0.8801101664,
        "f": 0.8754034707
      },
      "PER": {
        "p": 0.8911555312,
        "r": 0.9231314707,
        "f": 0.9068617207
      },
      "MISC": {
        "p": 0.7966055484,
        "r": 0.7295711343,
        "f": 0.7616161616
      },
      "ORG": {
        "p": 0.792856587,
        "r": 0.7658598918,
        "f": 0.7791244504
      }
    }
  },
  "sources": [
    {
      "name": "TIGER Corpus",
      "author": "Brants, Sabine, Stefanie Dipper, Peter Eisenberg, Silvia Hansen, Esther K\u00f6nig, Wolfgang Lezius, Christian Rohrer, George Smith, and Hans Uszkoreit",
      "url": "https://www.ims.uni-stuttgart.de/forschung/ressourcen/korpora/tiger.html",
      "license": "commercial (licensed by Explosion)"
    },
    {
      "name": "Tiger2Dep",
      "url": "https://www.ims.uni-stuttgart.de/forschung/ressourcen/werkzeuge/tiger2dep/",
      "license": "Citation provided for reference, no code packaged with model",
      "author": "Wolfgang Seeker"
    },
    {
      "name": "WikiNER",
      "url": "https://figshare.com/articles/Learning_multilingual_named_entity_recognition_from_Wikipedia/5462500",
      "license": "CC BY 4.0",
      "author": "Joel Nothman, Nicky Ringland, Will Radford, Tara Murphy, James R Curran"
    },
    {
      "name": "Lemmatization Lists",
      "url": "https://github.com/michmech/lemmatization-lists/",
      "license": "ODbL",
      "author": "Michal M\u011bchura"
    },
    {
      "name": "Explosion fastText Vectors (cbow, OSCAR Common Crawl + Wikipedia)",
      "url": "https://spacy.io",
      "license": "CC0",
      "author": "Explosion"
    }
  ],
  "requirements": [],
  "size": "544 MB",
  "checksum": "74c9f78c551919ec097f3bb43f7647eff0dd335e4dc91a32441e14005aea1e0e",
  "checksum_whl": "a1443a3531564933b7ed20742e96cb9f1ee99722b7783761a41b843202d51d28"
}