{
  "lang": "de",
  "name": "core_news_lg",
  "version": "3.0.0a1",
  "description": "German pipeline optimized for CPU. Components: tok2vec, tagger, morphologizer, parser, senter, ner, attribute_ruler, lemmatizer.",
  "author": "Explosion",
  "email": "contact@explosion.ai",
  "url": "https://explosion.ai",
  "license": "MIT",
  "spacy_version": ">=3.0.0rc3,<3.1.0",
  "spacy_git_version": "43a752a2a",
  "vectors": {
    "width": 300,
    "vectors": 500000,
    "keys": 500000,
    "name": "de_vectors"
  },
  "labels": {
    "tok2vec": [],
    "tagger": [
      "$(",
      "$,",
      "$.",
      "ADJA",
      "ADJD",
      "ADV",
      "APPO",
      "APPR",
      "APPRART",
      "APZR",
      "ART",
      "CARD",
      "FM",
      "ITJ",
      "KOKOM",
      "KON",
      "KOUI",
      "KOUS",
      "NE",
      "NN",
      "NNE",
      "PDAT",
      "PDS",
      "PIAT",
      "PIS",
      "PPER",
      "PPOSAT",
      "PPOSS",
      "PRELAT",
      "PRELS",
      "PRF",
      "PROAV",
      "PTKA",
      "PTKANT",
      "PTKNEG",
      "PTKVZ",
      "PTKZU",
      "PWAT",
      "PWAV",
      "PWS",
      "TRUNC",
      "VAFIN",
      "VAIMP",
      "VAINF",
      "VAPP",
      "VMFIN",
      "VMINF",
      "VMPP",
      "VVFIN",
      "VVIMP",
      "VVINF",
      "VVIZU",
      "VVPP",
      "XY"
    ],
    "morphologizer": [
      "POS=PUNCT",
      "Case=Nom|Gender=Masc|Number=Sing|POS=PROPN",
      "Mood=Sub|Number=Sing|POS=AUX|Person=3|Tense=Past|VerbForm=Fin",
      "POS=ADV",
      "Case=Nom|Definite=Ind|Gender=Masc|Number=Sing|POS=DET|PronType=Art",
      "Case=Nom|Degree=Pos|Gender=Masc|Number=Sing|POS=ADJ",
      "Case=Nom|Gender=Masc|Number=Sing|POS=NOUN",
      "Case=Nom|Gender=Masc|Number=Plur|POS=NOUN",
      "Mood=Ind|Number=Plur|POS=VERB|Person=3|Tense=Pres|VerbForm=Fin",
      "Case=Acc|Definite=Def|Gender=Masc|Number=Sing|POS=DET|PronType=Art",
      "Case=Acc|Gender=Masc|Number=Sing|POS=NOUN",
      "POS=ADP",
      "Mood=Ind|Number=Sing|POS=VERB|Person=3|Tense=Pres|VerbForm=Fin",
      "Case=Acc|Degree=Pos|Gender=Fem|Number=Sing|POS=ADJ",
      "Case=Acc|Gender=Fem|Number=Sing|POS=NOUN",
      "Case=Acc|Gender=Fem|Number=Sing|POS=DET|Poss=Yes|PronType=Prs",
      "Case=Nom|Definite=Def|Gender=Masc|Number=Sing|POS=DET|PronType=Art",
      "Mood=Ind|Number=Sing|POS=AUX|Person=3|Tense=Pres|VerbForm=Fin",
      "Case=Acc|Definite=Def|Gender=Neut|Number=Sing|POS=DET|PronType=Art",
      "Case=Acc|Degree=Pos|Gender=Neut|Number=Sing|POS=ADJ",
      "Case=Acc|Gender=Neut|Number=Sing|POS=NOUN",
      "Case=Dat|Gender=Neut|Number=Sing|POS=PROPN",
      "POS=VERB|VerbForm=Part",
      "Case=Dat|Gender=Fem|Number=Plur|POS=NOUN",
      "Foreign=Yes|POS=X",
      "Degree=Pos|POS=ADV",
      "Case=Dat|Gender=Neut|Number=Sing|POS=ADP",
      "Case=Dat|Gender=Neut|Number=Sing|POS=NOUN",
      "Case=Dat|Degree=Pos|Gender=Neut|Number=Sing|POS=ADJ",
      "Case=Dat|Definite=Def|Gender=Masc|Number=Sing|POS=DET|PronType=Art",
      "Case=Dat|Degree=Pos|Gender=Masc|Number=Sing|POS=ADJ",
      "Case=Dat|Gender=Masc|Number=Sing|POS=NOUN",
      "POS=CCONJ",
      "POS=SCONJ",
      "Case=Acc|Definite=Ind|Gender=Neut|Number=Sing|POS=DET|PronType=Art",
      "POS=VERB|VerbForm=Inf",
      "Mood=Ind|Number=Plur|POS=AUX|Person=3|Tense=Pres|VerbForm=Fin",
      "Case=Nom|Gender=Masc|Number=Plur|POS=DET|Poss=Yes|PronType=Prs",
      "Case=Nom|Gender=Fem|Number=Plur|POS=DET|PronType=Dem",
      "Case=Nom|Gender=Fem|Number=Plur|POS=NOUN",
      "Case=Acc|Definite=Def|Gender=Fem|Number=Sing|POS=DET|PronType=Art",
      "Case=Acc|Degree=Sup|Gender=Fem|Number=Sing|POS=ADJ",
      "Case=Gen|Definite=Def|Gender=Fem|Number=Sing|POS=DET|PronType=Art",
      "Case=Gen|Gender=Fem|Number=Sing|POS=NOUN",
      "Case=Dat|Gender=Fem|Number=Sing|POS=DET|Poss=Yes|PronType=Prs",
      "Case=Dat|Gender=Fem|Number=Sing|POS=NOUN",
      "POS=PART",
      "Case=Nom|Gender=Masc|Number=Plur|POS=DET|PronType=Ind",
      "Case=Nom|Definite=Def|Gender=Masc|Number=Plur|POS=DET|PronType=Art",
      "Case=Dat|Definite=Def|Number=Plur|POS=DET|PronType=Art",
      "Case=Dat|Number=Plur|POS=PROPN",
      "POS=PRON|PronType=Ind",
      "Case=Dat|Number=Plur|POS=PRON|Person=3|PronType=Prs|Reflex=Yes",
      "Case=Acc|Definite=Ind|Gender=Masc|Number=Sing|POS=DET|PronType=Art",
      "Case=Acc|Gender=Masc|Number=Sing|POS=PROPN",
      "Case=Dat|Definite=Ind|Gender=Fem|Number=Sing|POS=DET|PronType=Art",
      "Case=Gen|Definite=Def|Gender=Neut|Number=Sing|POS=DET|PronType=Art",
      "Case=Gen|Gender=Neut|Number=Sing|POS=NOUN",
      "Case=Nom|Number=Sing|POS=PROPN",
      "Case=Dat|Definite=Def|Gender=Masc|Number=Plur|POS=DET|PronType=Art",
      "Case=Dat|Gender=Masc|Number=Plur|POS=NOUN",
      "POS=NUM",
      "Case=Dat|Gender=Neut|Number=Plur|POS=NOUN",
      "Mood=Ind|Number=Plur|POS=VERB|Person=3|Tense=Past|VerbForm=Fin",
      "Case=Dat|Gender=Masc|Number=Sing|POS=ADP",
      "Gender=Neut|POS=NOUN",
      "Case=Acc|Number=Sing|POS=PROPN",
      "Case=Acc|Number=Plur|POS=PRON|Person=3|PronType=Prs|Reflex=Yes",
      "Case=Nom|Definite=Def|Gender=Fem|Number=Sing|POS=DET|PronType=Art",
      "Case=Nom|Gender=Fem|Number=Sing|POS=NOUN",
      "Case=Gen|Definite=Def|Number=Plur|POS=DET|PronType=Art",
      "Case=Acc|Gender=Fem|Number=Plur|POS=NOUN",
      "Mood=Sub|Number=Sing|POS=VERB|Person=3|Tense=Pres|VerbForm=Fin",
      "Case=Nom|Gender=Masc|Number=Sing|POS=PRON|Person=3|PronType=Prs",
      "Case=Gen|Definite=Def|Gender=Masc|Number=Sing|POS=DET|PronType=Art",
      "Case=Gen|Gender=Masc|Number=Sing|POS=NOUN",
      "Case=Nom|Definite=Def|Number=Plur|POS=DET|PronType=Art",
      "Case=Nom|Number=Plur|POS=NOUN",
      "Case=Acc|Gender=Masc|Number=Sing|POS=DET|Poss=Yes|PronType=Prs",
      "Case=Dat|Definite=Def|Gender=Neut|Number=Sing|POS=DET|PronType=Art",
      "Case=Nom|Number=Plur|POS=PRON|PronType=Ind",
      "Case=Dat|Gender=Masc|Number=Sing|POS=DET|Poss=Yes|PronType=Prs",
      "Case=Acc|Definite=Ind|Gender=Fem|Number=Sing|POS=DET|PronType=Art",
      "POS=PROPN",
      "Case=Nom|Number=Sing|POS=PRON|Person=1|PronType=Prs",
      "Mood=Ind|Number=Sing|POS=VERB|Person=1|Tense=Pres|VerbForm=Fin",
      "POS=INTJ",
      "Case=Nom|Gender=Neut|Number=Sing|POS=PRON|PronType=Dem",
      "Case=Nom|Gender=Neut|Number=Sing|POS=DET|Poss=Yes|PronType=Prs",
      "Case=Nom|Gender=Neut|Number=Sing|POS=NOUN",
      "Case=Acc|Number=Sing|POS=PRON|Person=3|PronType=Prs|Reflex=Yes",
      "Case=Nom|Gender=Neut|Number=Sing|POS=PRON|Person=3|PronType=Prs",
      "Mood=Sub|Number=Sing|POS=AUX|Person=3|Tense=Pres|VerbForm=Fin",
      "Case=Nom|Gender=Masc|Number=Sing|POS=PRON|PronType=Rel",
      "Case=Acc|Gender=Masc|Number=Sing|POS=PRON|PronType=Ind",
      "Case=Nom|Definite=Ind|Gender=Fem|Number=Sing|POS=DET|PronType=Art",
      "Case=Nom|Degree=Pos|Gender=Fem|Number=Sing|POS=ADJ",
      "Case=Dat|Degree=Pos|Gender=Fem|Number=Plur|POS=ADJ",
      "Case=Acc|Gender=Masc|Number=Plur|POS=DET|PronType=Ind",
      "Case=Acc|Gender=Masc|Number=Plur|POS=NOUN",
      "Case=Nom|Gender=Masc|Number=Plur|POS=PRON|PronType=Rel",
      "Case=Nom|Gender=Masc|Number=Sing|POS=PRON|PronType=Ind",
      "Case=Dat|Gender=Masc|Number=Plur|POS=PRON|Person=3|PronType=Prs",
      "Case=Nom|Gender=Neut|Number=Plur|POS=NOUN",
      "Case=Acc|Gender=Neut|Number=Plur|POS=PRON|PronType=Rel",
      "Case=Dat|Number=Plur|POS=PRON|Person=3|PronType=Prs",
      "Case=Dat|Gender=Masc|Number=Sing|POS=PRON|PronType=Rel",
      "Gender=Masc|POS=NOUN",
      "Mood=Ind|Number=Sing|POS=VERB|Person=3|Tense=Past|VerbForm=Fin",
      "Case=Nom|Definite=Def|Gender=Fem|Number=Plur|POS=DET|PronType=Art",
      "Case=Nom|Gender=Fem|Number=Sing|POS=DET|PronType=Int",
      "Case=Gen|Gender=Masc|Number=Sing|POS=PROPN",
      "POS=SCONJ|PronType=Int",
      "Case=Acc|Gender=Fem|Number=Plur|POS=DET|Poss=Yes|PronType=Prs",
      "Case=Dat|Degree=Pos|Gender=Masc|Number=Plur|POS=ADJ",
      "Case=Nom|Number=Sing|POS=PRON|PronType=Ind",
      "Case=Gen|Definite=Def|Gender=Fem|Number=Plur|POS=DET|PronType=Art",
      "Case=Gen|Gender=Fem|Number=Plur|POS=NOUN",
      "Case=Dat|Gender=Masc|Number=Sing|POS=PRON|Person=3|PronType=Prs",
      "Case=Dat|Definite=Def|Gender=Fem|Number=Sing|POS=DET|PronType=Art",
      "Case=Nom|Gender=Masc|Number=Sing|POS=DET|PronType=Ind",
      "Case=Dat|Degree=Pos|Gender=Fem|Number=Sing|POS=ADJ",
      "Case=Acc|Gender=Neut|Number=Sing|POS=DET|Poss=Yes|PronType=Prs",
      "Case=Dat|Gender=Neut|Number=Sing|POS=PRON|PronType=Ind",
      "Case=Dat|Degree=Cmp|Gender=Fem|Number=Plur|POS=ADJ",
      "Case=Nom|Degree=Pos|Gender=Masc|Number=Plur|POS=ADJ",
      "Gender=Neut|POS=PRON|PronType=Ind",
      "Case=Acc|Gender=Masc|Number=Sing|POS=PRON|Person=3|PronType=Prs",
      "Case=Dat|Number=Plur|POS=DET|Poss=Yes|PronType=Prs",
      "Case=Dat|Number=Plur|POS=NOUN",
      "Case=Dat|Gender=Masc|Number=Sing|POS=PRON|PronType=Ind",
      "Case=Nom|Gender=Fem|Number=Sing|POS=DET|Poss=Yes|PronType=Prs",
      "Case=Dat|Gender=Masc|Number=Sing|POS=PROPN",
      "Case=Gen|Gender=Masc|Number=Sing|POS=PRON|PronType=Dem",
      "Case=Dat|Gender=Fem|Number=Sing|POS=ADP",
      "Case=Acc|Gender=Fem|Number=Plur|POS=DET|PronType=Int",
      "Case=Gen|Number=Plur|POS=PROPN",
      "Case=Acc|Gender=Fem|Number=Plur|POS=DET|PronType=Dem",
      "Case=Acc|Gender=Neut|Number=Plur|POS=NOUN",
      "Case=Acc|Degree=Pos|Gender=Masc|Number=Sing|POS=ADJ",
      "Case=Nom|Definite=Def|Gender=Neut|Number=Plur|POS=DET|PronType=Art",
      "Case=Gen|Gender=Neut|Number=Sing|POS=DET|Poss=Yes|PronType=Prs",
      "Degree=Cmp|POS=ADV",
      "Case=Nom|Gender=Neut|Number=Plur|POS=PRON|PronType=Dem",
      "Case=Gen|Definite=Ind|Gender=Neut|Number=Sing|POS=DET|PronType=Art",
      "Case=Acc|Gender=Neut|Number=Sing|POS=ADP",
      "Case=Dat|Number=Plur|POS=PRON|Person=1|PronType=Prs",
      "Case=Acc|Gender=Neut|Number=Sing|POS=PRON|PronType=Int",
      "Case=Dat|Definite=Ind|Gender=Neut|Number=Sing|POS=DET|PronType=Art",
      "Mood=Ind|Number=Plur|POS=AUX|Person=3|Tense=Past|VerbForm=Fin",
      "Case=Gen|Definite=Def|Gender=Masc|Number=Plur|POS=DET|PronType=Art",
      "Case=Gen|Gender=Masc|Number=Plur|POS=NOUN",
      "Case=Acc|Gender=Neut|Number=Sing|POS=PRON|Person=3|PronType=Prs",
      "Case=Acc|Degree=Sup|Gender=Masc|Number=Sing|POS=ADJ",
      "Case=Nom|Number=Plur|POS=PRON|Person=3|PronType=Prs",
      "Case=Gen|Gender=Masc|Number=Plur|POS=DET|Poss=Yes|PronType=Prs",
      "Mood=Ind|Number=Sing|POS=AUX|Person=3|Tense=Past|VerbForm=Fin",
      "Case=Gen|Number=Sing|POS=PROPN",
      "Case=Nom|Definite=Def|Gender=Neut|Number=Sing|POS=DET|PronType=Art",
      "Case=Nom|Degree=Pos|Gender=Neut|Number=Sing|POS=ADJ",
      "Case=Dat|Gender=Fem|Number=Plur|POS=PRON|PronType=Rel",
      "Case=Acc|Degree=Pos|Gender=Masc|Number=Plur|POS=ADJ",
      "Case=Nom|Gender=Fem|Number=Plur|POS=DET|PronType=Ind",
      "Case=Gen|Gender=Neut|Number=Sing|POS=PROPN",
      "Case=Gen|Gender=Masc|Number=Sing|POS=DET|PronType=Rel",
      "Case=Nom|Gender=Neut|Number=Sing|POS=PRON|PronType=Int",
      "Case=Acc|Gender=Neut|Number=Sing|POS=DET|PronType=Ind",
      "Case=Gen|Definite=Ind|Gender=Masc|Number=Sing|POS=DET|PronType=Art",
      "POS=X",
      "Case=Dat|Degree=Sup|Gender=Fem|Number=Sing|POS=ADJ",
      "Case=Gen|Number=Plur|POS=NOUN",
      "Case=Gen|Degree=Pos|Gender=Masc|Number=Sing|POS=ADJ",
      "Case=Gen|Number=Plur|POS=DET|Poss=Yes|PronType=Prs",
      "Case=Acc|Number=Plur|POS=PRON|PronType=Rel",
      "Case=Nom|Degree=Pos|Gender=Fem|Number=Plur|POS=ADJ",
      "Case=Gen|Degree=Pos|Gender=Fem|Number=Sing|POS=ADJ",
      "Case=Gen|Definite=Def|Gender=Neut|Number=Plur|POS=DET|PronType=Art",
      "Case=Gen|Degree=Pos|Gender=Neut|Number=Plur|POS=ADJ",
      "Case=Gen|Gender=Neut|Number=Plur|POS=NOUN",
      "Case=Nom|Gender=Fem|Number=Plur|POS=PRON|PronType=Ind",
      "Mood=Sub|Number=Plur|POS=AUX|Person=3|Tense=Past|VerbForm=Fin",
      "Case=Nom|Degree=Pos|Number=Plur|POS=ADJ",
      "Case=Nom|Number=Plur|POS=PRON|PronType=Rel",
      "Case=Nom|Gender=Fem|Number=Sing|POS=PRON|PronType=Rel",
      "Case=Acc|Degree=Pos|Gender=Neut|Number=Plur|POS=ADJ",
      "Case=Dat|Degree=Pos|Gender=Neut|Number=Plur|POS=ADJ",
      "Case=Acc|Definite=Def|Gender=Neut|Number=Plur|POS=DET|PronType=Art",
      "Case=Acc|Degree=Sup|Gender=Neut|Number=Plur|POS=ADJ",
      "Case=Nom|Degree=Sup|Gender=Masc|Number=Sing|POS=ADJ",
      "Case=Nom|Gender=Fem|Number=Plur|POS=PRON|PronType=Rel",
      "POS=DET|PronType=Ind",
      "Case=Gen|Degree=Pos|Gender=Fem|Number=Plur|POS=ADJ",
      "Case=Nom|Gender=Masc|Number=Plur|POS=PRON|Person=3|PronType=Prs",
      "Case=Acc|Gender=Masc|Number=Sing|POS=DET|PronType=Dem",
      "Case=Dat|Gender=Fem|Number=Plur|POS=DET|Poss=Yes|PronType=Prs",
      "Case=Acc|Gender=Neut|Number=Sing|POS=PROPN",
      "Case=Nom|Gender=Fem|Number=Sing|POS=PROPN",
      "Case=Acc|Definite=Def|Gender=Masc|Number=Plur|POS=DET|PronType=Art",
      "Case=Dat|Definite=Def|Gender=Neut|Number=Plur|POS=DET|PronType=Art",
      "Case=Nom|Gender=Neut|Number=Plur|POS=DET|PronType=Ind",
      "Case=Dat|Number=Sing|POS=DET|Poss=Yes|PronType=Prs",
      "Case=Dat|Number=Sing|POS=NOUN",
      "Case=Nom|Definite=Ind|Gender=Neut|Number=Sing|POS=DET|PronType=Art",
      "Degree=Pos|POS=ADJ",
      "Case=Acc|Gender=Fem|Number=Sing|POS=PROPN",
      "Case=Acc|Degree=Pos|Number=Plur|POS=ADJ",
      "Case=Acc|Number=Plur|POS=NOUN",
      "Case=Dat|Number=Plur|POS=PRON|PronType=Rel",
      "Case=Acc|Gender=Neut|Number=Sing|POS=PRON|PronType=Dem",
      "Mood=Sub|Number=Sing|POS=VERB|Person=1|Tense=Past|VerbForm=Fin",
      "Case=Acc|Number=Plur|POS=PRON|Person=3|PronType=Prs",
      "Case=Nom|Degree=Pos|Gender=Neut|Number=Plur|POS=ADJ",
      "Case=Acc|Gender=Neut|Number=Sing|POS=PRON|PronType=Rel",
      "Case=Nom|Gender=Neut|Number=Plur|POS=PRON|PronType=Rel",
      "POS=AUX|VerbForm=Inf",
      "Case=Acc|Gender=Neut|Number=Plur|POS=DET|PronType=Dem",
      "Case=Nom|Gender=Fem|Number=Sing|POS=PRON|Person=3|PronType=Prs",
      "Mood=Ind|Number=Plur|POS=VERB|Person=1|Tense=Pres|VerbForm=Fin",
      "Case=Nom|Number=Plur|POS=PRON|Person=1|PronType=Prs",
      "Case=Acc|Gender=Fem|Number=Plur|POS=DET|PronType=Ind",
      "Case=Nom|Gender=Fem|Number=Plur|POS=PRON|Person=3|PronType=Prs",
      "Case=Acc|POS=PRON|Person=3|PronType=Prs",
      "Case=Gen|Gender=Fem|Number=Sing|POS=DET|Poss=Yes|PronType=Prs",
      "Case=Acc|Definite=Def|Gender=Fem|Number=Plur|POS=DET|PronType=Art",
      "Case=Dat|Gender=Fem|Number=Sing|POS=PROPN",
      "Case=Gen|Degree=Pos|Gender=Neut|Number=Sing|POS=ADJ",
      "Case=Acc|Gender=Fem|Number=Sing|POS=DET|PronType=Ind",
      "Case=Acc|Degree=Pos|Gender=Fem|Number=Plur|POS=ADJ",
      "Case=Nom|Gender=Neut|Number=Sing|POS=PRON|PronType=Rel",
      "Case=Gen|Definite=Ind|Gender=Fem|Number=Sing|POS=DET|PronType=Art",
      "Case=Nom|Gender=Fem|Number=Sing|POS=DET|PronType=Dem",
      "Case=Dat|Gender=Neut|Number=Sing|POS=DET|Poss=Yes|PronType=Prs",
      "Mood=Sub|Number=Plur|POS=AUX|Person=3|Tense=Pres|VerbForm=Fin",
      "POS=ADV|PronType=Int",
      "Case=Nom|Gender=Masc|Number=Sing|POS=PRON|PronType=Int",
      "Case=Dat|Gender=Masc|Number=Sing|POS=PRON|PronType=Int",
      "POS=AUX|VerbForm=Part",
      "Case=Dat|Gender=Neut|Number=Plur|POS=DET|PronType=Ind",
      "Case=Dat|Number=Plur|POS=PRON|PronType=Ind",
      "Case=Nom|Number=Plur|POS=DET|PronType=Dem",
      "Case=Dat|Gender=Neut|Number=Sing|POS=DET|PronType=Dem",
      "Case=Dat|Definite=Def|Gender=Fem|Number=Plur|POS=DET|PronType=Art",
      "Case=Gen|Gender=Fem|Number=Sing|POS=PROPN",
      "Case=Dat|Number=Sing|POS=PRON|Person=3|PronType=Prs|Reflex=Yes",
      "Case=Acc|Number=Plur|POS=PRON|Person=1|PronType=Prs",
      "Case=Acc|Degree=Cmp|Gender=Fem|Number=Sing|POS=ADJ",
      "Case=Gen|Gender=Masc|Number=Sing|POS=DET|PronType=Dem",
      "Mood=Ind|Number=Plur|POS=AUX|Person=1|Tense=Pres|VerbForm=Fin",
      "Case=Dat|Gender=Fem|Number=Plur|POS=DET|PronType=Dem",
      "Case=Nom|Gender=Neut|Number=Sing|POS=DET|PronType=Ind",
      "Case=Dat|Number=Sing|POS=PRON|Person=1|PronType=Prs|Reflex=Yes",
      "Case=Acc|Number=Sing|POS=PRON|Person=1|PronType=Prs",
      "Case=Dat|Degree=Pos|Number=Plur|POS=ADJ",
      "Case=Dat|Number=Sing|POS=PRON|Person=1|PronType=Prs",
      "Case=Nom|Gender=Neut|Number=Sing|POS=PRON|PronType=Ind",
      "Case=Nom|Gender=Neut|Number=Sing|POS=PROPN",
      "Case=Nom|Number=Plur|POS=DET|PronType=Ind",
      "Degree=Sup|POS=ADV",
      "Case=Dat|Gender=Masc|Number=Plur|POS=PRON|PronType=Rel",
      "Case=Nom|Gender=Fem|Number=Sing|POS=PRON|PronType=Ind",
      "Case=Acc|Gender=Fem|Number=Plur|POS=PRON|PronType=Rel",
      "Case=Nom|Number=Sing|POS=NOUN",
      "Case=Acc|Definite=Def|Number=Plur|POS=DET|PronType=Art",
      "Case=Gen|Number=Sing|POS=NOUN",
      "Case=Nom|Gender=Fem|Number=Sing|POS=DET|PronType=Ind",
      "Case=Nom|Degree=Cmp|Gender=Fem|Number=Sing|POS=ADJ",
      "Case=Dat|Gender=Fem|Number=Sing|POS=PRON|Person=3|PronType=Prs",
      "Case=Acc|Gender=Masc|Number=Plur|POS=DET|Poss=Yes|PronType=Prs",
      "Case=Gen|Degree=Cmp|Gender=Masc|Number=Sing|POS=ADJ",
      "Case=Nom|Number=Plur|POS=PRON|PronType=Dem",
      "Case=Nom|Gender=Fem|Number=Sing|POS=PRON|PronType=Dem",
      "Case=Acc|Gender=Masc|Number=Sing|POS=DET|PronType=Ind",
      "Case=Acc|Number=Plur|POS=PRON|PronType=Ind",
      "Case=Dat|Number=Plur|POS=DET|PronType=Ind",
      "Mood=Sub|Number=Sing|POS=VERB|Person=3|Tense=Past|VerbForm=Fin",
      "Case=Dat|Gender=Neut|Number=Sing|POS=PRON|PronType=Rel",
      "Definite=Ind|Gender=Neut|Number=Sing|POS=DET|PronType=Art",
      "Case=Dat|Gender=Neut|Number=Plur|POS=DET|Poss=Yes|PronType=Prs",
      "Case=Dat|Gender=Fem|Number=Sing|POS=DET|PronType=Ind",
      "Case=Acc|Degree=Cmp|Gender=Masc|Number=Plur|POS=ADJ",
      "Gender=Fem|POS=NOUN",
      "Case=Gen|Degree=Sup|Gender=Fem|Number=Plur|POS=ADJ",
      "Case=Dat|Degree=Cmp|Gender=Fem|Number=Sing|POS=ADJ",
      "Case=Dat|Definite=Ind|Gender=Masc|Number=Sing|POS=DET|PronType=Art",
      "Case=Nom|Gender=Masc|Number=Sing|POS=DET|Poss=Yes|PronType=Prs",
      "Case=Dat|Degree=Sup|Gender=Masc|Number=Sing|POS=ADJ",
      "Case=Gen|Gender=Masc|Number=Plur|POS=DET|PronType=Dem",
      "Case=Gen|Gender=Fem|Number=Sing|POS=DET|PronType=Ind",
      "Case=Acc|Gender=Neut|Number=Plur|POS=DET|PronType=Ind",
      "Case=Nom|Gender=Masc|Number=Plur|POS=PRON|PronType=Dem",
      "Case=Gen|Gender=Neut|Number=Plur|POS=DET|PronType=Ind",
      "Case=Nom|Degree=Sup|Gender=Masc|Number=Plur|POS=ADJ",
      "Case=Acc|Gender=Fem|Number=Sing|POS=PRON|PronType=Rel",
      "Case=Nom|Degree=Cmp|Number=Plur|POS=ADJ",
      "Case=Gen|Gender=Fem|Number=Sing|POS=DET|PronType=Rel",
      "Case=Dat|Gender=Fem|Number=Plur|POS=PROPN",
      "Case=Dat|Number=Sing|POS=PROPN",
      "Case=Gen|Degree=Pos|Gender=Masc|Number=Plur|POS=ADJ",
      "Case=Dat|Gender=Masc|Number=Plur|POS=DET|PronType=Ind",
      "Case=Dat|Gender=Masc|Number=Sing|POS=DET|PronType=Dem",
      "Case=Dat|Gender=Neut|Number=Plur|POS=PRON|PronType=Rel",
      "Case=Nom|Gender=Neut|Number=Sing|POS=DET|PronType=Dem",
      "Case=Acc|Gender=Neut|Number=Sing|POS=PRON|PronType=Ind",
      "Case=Nom|Number=Plur|POS=PROPN",
      "Mood=Sub|Number=Plur|POS=VERB|Person=3|Tense=Past|VerbForm=Fin",
      "Case=Acc|Number=Plur|POS=PRON|Person=1|PronType=Prs|Reflex=Yes",
      "Case=Gen|Gender=Fem|Number=Plur|POS=PRON|PronType=Rel",
      "Case=Gen|Gender=Masc|Number=Plur|POS=DET|PronType=Rel",
      "Case=Gen|Gender=Neut|Number=Plur|POS=DET|Poss=Yes|PronType=Prs",
      "Case=Gen|Number=Plur|POS=DET|PronType=Rel",
      "Case=Dat|Degree=Sup|Gender=Fem|Number=Plur|POS=ADJ",
      "Case=Nom|Gender=Neut|Number=Plur|POS=DET|PronType=Dem",
      "Case=Nom|Degree=Cmp|Gender=Neut|Number=Plur|POS=ADJ",
      "Case=Nom|Gender=Fem|Number=Plur|POS=PROPN",
      "Case=Dat|Gender=Fem|Number=Plur|POS=DET|PronType=Ind",
      "Case=Nom|Degree=Sup|Gender=Fem|Number=Sing|POS=ADJ",
      "Case=Gen|Degree=Pos|Number=Plur|POS=ADJ",
      "Case=Acc|Gender=Fem|Number=Sing|POS=PRON|Person=3|PronType=Prs",
      "Case=Acc|Gender=Fem|Number=Sing|POS=DET|PronType=Dem",
      "Case=Gen|Gender=Fem|Number=Sing|POS=DET|PronType=Dem",
      "Case=Dat|Gender=Fem|Number=Plur|POS=PRON|PronType=Ind",
      "Case=Nom|Degree=Cmp|Gender=Fem|Number=Plur|POS=ADJ",
      "Case=Dat|Number=Plur|POS=PRON|PronType=Dem",
      "Case=Nom|Gender=Masc|Number=Sing|POS=PRON|PronType=Dem",
      "Case=Acc|Degree=Cmp|Gender=Masc|Number=Sing|POS=ADJ",
      "Case=Acc|Number=Plur|POS=DET|PronType=Dem",
      "Case=Nom|Gender=Fem|Number=Plur|POS=DET|Poss=Yes|PronType=Prs",
      "Case=Acc|Gender=Masc|Number=Plur|POS=PRON|Person=3|PronType=Prs",
      "Case=Dat|Gender=Fem|Number=Sing|POS=PRON|PronType=Rel",
      "Gender=Masc|Number=Sing|POS=NOUN",
      "Case=Gen|Gender=Neut|Number=Sing|POS=DET|PronType=Dem",
      "Case=Gen|Gender=Masc|Number=Sing|POS=DET|Poss=Yes|PronType=Prs",
      "Case=Nom|Definite=Ind|Number=Sing|POS=DET|PronType=Art",
      "Case=Acc|Number=Plur|POS=PRON|Poss=Yes|PronType=Prs",
      "Mood=Ind|Number=Sing|POS=AUX|Person=1|Tense=Pres|VerbForm=Fin",
      "Case=Dat|Gender=Fem|Number=Sing|POS=DET|PronType=Int",
      "Case=Nom|Gender=Masc|Number=Sing|POS=DET|PronType=Dem",
      "Gender=Fem|Number=Sing|POS=DET|Poss=Yes|PronType=Prs",
      "Gender=Fem|Number=Sing|POS=NOUN",
      "Case=Gen|Gender=Fem|Number=Plur|POS=DET|Poss=Yes|PronType=Prs",
      "Case=Gen|Gender=Fem|Number=Plur|POS=PRON|PronType=Dem",
      "Case=Acc|Gender=Fem|Number=Plur|POS=PRON|Person=3|PronType=Prs",
      "Case=Gen|Gender=Fem|Number=Sing|POS=DET|PronType=Int",
      "Case=Dat|Gender=Fem|Number=Sing|POS=DET|PronType=Dem",
      "Case=Dat|Gender=Masc|Number=Sing|POS=DET|PronType=Ind",
      "Case=Acc|Gender=Neut|Number=Plur|POS=DET|Poss=Yes|PronType=Prs",
      "Case=Nom|Gender=Fem|Number=Sing|POS=DET|PronType=Rel",
      "Case=Gen|Gender=Fem|Number=Plur|POS=DET|PronType=Ind",
      "Case=Dat|Gender=Fem|Number=Plur|POS=PRON|Person=3|PronType=Prs",
      "Case=Acc|Degree=Cmp|Number=Plur|POS=ADJ",
      "Case=Gen|Number=Plur|POS=PRON|PronType=Dem",
      "Case=Nom|Gender=Neut|Number=Plur|POS=PRON|Person=3|PronType=Prs",
      "Case=Acc|Gender=Fem|Number=Sing|POS=PRON|PronType=Ind",
      "Case=Acc|Degree=Sup|Gender=Neut|Number=Sing|POS=ADJ",
      "Case=Acc|Degree=Cmp|Gender=Fem|Number=Plur|POS=ADJ",
      "Case=Dat|Gender=Neut|Number=Plur|POS=DET|PronType=Dem",
      "Case=Acc|Gender=Masc|Number=Plur|POS=PRON|PronType=Ind",
      "Case=Nom|Gender=Masc|Number=Plur|POS=PRON|PronType=Ind",
      "Mood=Sub|Number=Sing|POS=AUX|Person=1|Tense=Past|VerbForm=Fin",
      "Case=Nom|Gender=Fem|Number=Plur|POS=PRON|PronType=Dem",
      "Gender=Masc|Number=Plur|POS=NOUN",
      "Case=Nom|Degree=Cmp|Gender=Neut|Number=Sing|POS=ADJ",
      "Gender=Neut|POS=PROPN",
      "Case=Acc|Gender=Neut|Number=Plur|POS=PROPN",
      "Case=Gen|Degree=Sup|Gender=Neut|Number=Plur|POS=ADJ",
      "Case=Dat|Degree=Sup|Gender=Neut|Number=Plur|POS=ADJ",
      "Degree=Pos|Gender=Fem|Number=Sing|POS=ADJ",
      "Case=Dat|Gender=Neut|Number=Plur|POS=PRON|Person=3|PronType=Prs",
      "Gender=Masc|POS=PROPN",
      "Case=Dat|Gender=Masc|Number=Sing|POS=PRON|PronType=Dem",
      "Case=Nom|POS=PROPN",
      "Case=Acc|Gender=Masc|Number=Plur|POS=DET|PronType=Dem",
      "Case=Nom|Gender=Neut|Number=Plur|POS=PRON|PronType=Ind",
      "Case=Gen|Gender=Neut|Number=Plur|POS=DET|PronType=Dem",
      "Case=Gen|Gender=Masc|Number=Plur|POS=PRON|PronType=Dem",
      "Case=Acc|Gender=Neut|Number=Plur|POS=PRON|Person=3|PronType=Prs",
      "Case=Dat|Gender=Masc|Number=Plur|POS=DET|PronType=Dem",
      "Case=Dat|Gender=Masc|Number=Plur|POS=DET|Poss=Yes|PronType=Prs",
      "Case=Gen|Gender=Masc|Number=Plur|POS=DET|PronType=Ind",
      "Case=Acc|Gender=Masc|Number=Plur|POS=PRON|PronType=Rel",
      "Case=Acc|Gender=Neut|Number=Plur|POS=DET|PronType=Int",
      "Definite=Def|Gender=Fem|Number=Sing|POS=DET|PronType=Art",
      "Case=Acc|Gender=Neut|Number=Sing|POS=DET|PronType=Dem",
      "Case=Gen|Degree=Cmp|Gender=Masc|Number=Plur|POS=ADJ",
      "Case=Gen|Gender=Fem|Number=Sing|POS=PRON|PronType=Dem",
      "Case=Dat|Number=Sing|POS=PRON|Person=3|PronType=Prs",
      "Case=Gen|Degree=Sup|Gender=Masc|Number=Plur|POS=ADJ",
      "Case=Acc|Gender=Fem|Number=Sing|POS=PRON|Person=1|PronType=Prs",
      "Case=Gen|Gender=Neut|Number=Sing|POS=DET|PronType=Rel",
      "Case=Acc|Gender=Fem|Number=Plur|POS=PROPN",
      "Case=Acc|Number=Plur|POS=PROPN",
      "Case=Nom|Gender=Neut|Number=Plur|POS=DET|Poss=Yes|PronType=Prs",
      "Case=Acc|Number=Plur|POS=DET|PronType=Ind",
      "Case=Dat|Definite=Ind|Number=Sing|POS=DET|PronType=Art",
      "Case=Dat|Number=Sing|POS=PRON|PronType=Rel",
      "Case=Gen|Degree=Cmp|Gender=Neut|Number=Plur|POS=ADJ",
      "Case=Dat|Number=Sing|POS=ADP",
      "Case=Gen|Gender=Fem|Number=Plur|POS=DET|PronType=Rel",
      "Mood=Imp|Number=Sing|POS=VERB|Person=2",
      "Case=Nom|Degree=Cmp|Gender=Masc|Number=Plur|POS=ADJ",
      "Case=Nom|Degree=Cmp|Gender=Masc|Number=Sing|POS=ADJ",
      "Case=Gen|Gender=Fem|Number=Plur|POS=PROPN",
      "Case=Acc|Gender=Masc|POS=NOUN",
      "Case=Dat|Degree=Sup|Gender=Neut|Number=Sing|POS=ADJ",
      "Case=Dat|Gender=Fem|Number=Sing|POS=PRON|PronType=Ind",
      "Case=Dat|Degree=Cmp|Gender=Neut|Number=Sing|POS=ADJ",
      "Case=Gen|Gender=Neut|Number=Sing|POS=PRON|PronType=Ind",
      "Case=Acc|Degree=Sup|Gender=Fem|Number=Plur|POS=ADJ",
      "Case=Acc|Degree=Cmp|Gender=Neut|Number=Sing|POS=ADJ",
      "Case=Gen|Degree=Sup|Gender=Masc|Number=Sing|POS=ADJ",
      "Case=Gen|Degree=Sup|Gender=Neut|Number=Sing|POS=ADJ",
      "Gender=Neut|Number=Sing|POS=NOUN",
      "POS=NOUN",
      "Case=Dat|Gender=Neut|Number=Sing|POS=DET|PronType=Int",
      "Case=Nom|Gender=Fem|Number=Sing|POS=PRON|Person=1|PronType=Prs",
      "Case=Nom|Gender=Masc|Number=Plur|POS=DET|PronType=Dem",
      "Case=Gen|Number=Sing|POS=DET|PronType=Rel",
      "Case=Gen|Gender=Fem|Number=Plur|POS=DET|PronType=Dem",
      "Case=Dat|POS=PROPN",
      "Case=Gen|Definite=Def|POS=DET|PronType=Art",
      "Case=Gen|POS=PROPN",
      "Case=Acc|Number=Sing|POS=NOUN",
      "Case=Gen|Degree=Sup|Gender=Fem|Number=Sing|POS=ADJ",
      "Case=Dat|Degree=Cmp|Gender=Masc|Number=Sing|POS=ADJ",
      "Mood=Imp|Number=Plur|POS=VERB|Person=2",
      "Case=Dat|Degree=Cmp|Gender=Masc|Number=Plur|POS=ADJ",
      "Case=Dat|Number=Plur|POS=PRON|Person=1|PronType=Prs|Reflex=Yes",
      "Case=Nom|Gender=Masc|Number=Sing|POS=PRON|Person=1|PronType=Prs",
      "Case=Acc|Gender=Masc|Number=Sing|POS=PRON|PronType=Rel",
      "Case=Nom|Gender=Masc|Number=Plur|POS=PRON|Person=1|PronType=Prs",
      "Case=Gen|Gender=Neut|Number=Sing|POS=PRON|PronType=Dem",
      "Case=Gen|Gender=Fem|Number=Sing|POS=PRON|Person=3|PronType=Prs",
      "Case=Gen|Degree=Cmp|Gender=Fem|Number=Sing|POS=ADJ",
      "Case=Nom|Gender=Masc|Number=Sing|POS=DET|PronType=Int",
      "Case=Gen|POS=PRON|PronType=Dem",
      "Definite=Ind|POS=DET|PronType=Art",
      "Mood=Ind|Number=Sing|POS=AUX|Person=1|Tense=Past|VerbForm=Fin",
      "Case=Nom|Degree=Sup|Gender=Neut|Number=Plur|POS=ADJ",
      "Case=Acc|Gender=Masc|Number=Sing|POS=DET|PronType=Int",
      "Case=Dat|POS=PRON|PronType=Dem",
      "Gender=Masc|Number=Sing|POS=PROPN",
      "Case=Gen|Degree=Cmp|Gender=Neut|Number=Sing|POS=ADJ",
      "Case=Acc|Gender=Neut|Number=Sing|POS=PRON|Poss=Yes|PronType=Prs",
      "Case=Acc|Gender=Fem|Number=Sing|POS=PRON|PronType=Dem",
      "Gender=Neut|Number=Sing|POS=PROPN",
      "Case=Dat|Gender=Neut|Number=Sing|POS=PRON|PronType=Dem",
      "Case=Dat|Number=Sing|POS=PRON|PronType=Dem",
      "Case=Dat|Gender=Neut|Number=Sing|POS=PRON|Person=3|PronType=Prs",
      "Case=Dat|Degree=Cmp|Number=Sing|POS=ADJ",
      "Case=Dat|Degree=Pos|Number=Sing|POS=ADJ",
      "POS=DET|Poss=Yes|PronType=Prs",
      "Case=Gen|Number=Sing|POS=PRON|PronType=Dem",
      "Gender=Fem|Number=Sing|POS=PROPN",
      "Case=Nom|Degree=Sup|Gender=Neut|Number=Sing|POS=ADJ",
      "Mood=Ind|Number=Plur|POS=AUX|Person=1|Tense=Past|VerbForm=Fin",
      "Case=Nom|Gender=Masc|Number=Plur|POS=PROPN",
      "Case=Nom|Degree=Sup|Gender=Fem|Number=Plur|POS=ADJ",
      "Case=Nom|Number=Sing|POS=PRON|Person=2|PronType=Prs",
      "Mood=Ind|Number=Sing|POS=VERB|Person=2|Tense=Pres|VerbForm=Fin",
      "Case=Acc|Number=Plur|POS=PRON|PronType=Dem",
      "Case=Nom|POS=PRON|Person=3|PronType=Prs",
      "Mood=Ind|Number=Sing|POS=AUX|Person=2|Tense=Pres|VerbForm=Fin",
      "Case=Nom|Gender=Fem|Number=Sing|POS=PRON|Person=2|PronType=Prs",
      "Case=Dat|Number=Sing|POS=PRON|Person=2|PronType=Prs",
      "Case=Acc|Number=Sing|POS=PRON|Person=2|PronType=Prs",
      "Case=Nom|Number=Sing|POS=PRON|PronType=Int",
      "Mood=Sub|Number=Sing|POS=AUX|Person=1|Tense=Pres|VerbForm=Fin",
      "Mood=Ind|Number=Sing|POS=VERB|Person=1|Tense=Past|VerbForm=Fin",
      "Mood=Ind|Number=Plur|POS=VERB|Person=1|Tense=Past|VerbForm=Fin",
      "Case=Nom|Gender=Masc|Number=Plur|POS=PRON|PronType=Int",
      "Case=Dat|Gender=Masc|Number=Plur|POS=PRON|PronType=Ind",
      "Case=Nom|Number=Sing|POS=DET|Poss=Yes|PronType=Prs",
      "Case=Gen|Gender=Neut|Number=Plur|POS=DET|PronType=Rel",
      "Case=Acc|Gender=Neut|Number=Sing|POS=DET|PronType=Int",
      "Case=Acc|Gender=Fem|Number=Plur|POS=PRON|PronType=Ind",
      "Case=Dat|Degree=Sup|Gender=Masc|Number=Plur|POS=ADJ",
      "Case=Acc|Number=Plur|POS=DET|Poss=Yes|PronType=Prs",
      "Case=Dat|Gender=Masc|Number=Sing|POS=PRON|Person=1|PronType=Prs",
      "Case=Dat|Gender=Neut|Number=Plur|POS=PRON|PronType=Ind",
      "Case=Dat|Gender=Fem|Number=Plur|POS=PRON|PronType=Dem",
      "Case=Gen|Number=Plur|POS=DET|PronType=Ind",
      "Case=Gen|Gender=Masc|Number=Sing|POS=DET|PronType=Ind",
      "Case=Dat|Gender=Fem|Number=Sing|POS=PRON|PronType=Dem",
      "Case=Dat|Gender=Neut|Number=Sing|POS=DET|PronType=Ind",
      "Case=Gen|Degree=Cmp|Gender=Fem|Number=Plur|POS=ADJ",
      "Case=Acc|Degree=Cmp|Gender=Neut|Number=Plur|POS=ADJ",
      "Case=Acc|Gender=Masc|Number=Sing|POS=PRON|PronType=Dem",
      "Case=Dat|Gender=Masc|Number=Sing|POS=DET|PronType=Int",
      "Case=Nom|Number=Plur|POS=DET|Poss=Yes|PronType=Prs",
      "Case=Acc|Number=Sing|POS=PRON|PronType=Ind",
      "Definite=Ind|Gender=Fem|Number=Sing|POS=DET|PronType=Art",
      "Mood=Sub|Number=Plur|POS=VERB|Person=3|Tense=Pres|VerbForm=Fin",
      "Case=Gen|Number=Plur|POS=DET|PronType=Dem",
      "Gender=Neut|POS=DET|PronType=Ind",
      "Case=Dat|Number=Sing|POS=PRON|PronType=Ind",
      "Case=Nom|Number=Plur|POS=PRON|Person=2|PronType=Prs",
      "Mood=Ind|Number=Plur|POS=AUX|Person=2|Tense=Pres|VerbForm=Fin",
      "Mood=Ind|Number=Plur|POS=VERB|Person=2|Tense=Pres|VerbForm=Fin",
      "Case=Dat|Number=Plur|POS=PRON|Person=2|PronType=Prs",
      "Case=Acc|Number=Sing|POS=PRON|Person=1|PronType=Prs|Reflex=Yes",
      "Case=Nom|Gender=Masc|Number=Sing|POS=PRON|Poss=Yes|PronType=Prs",
      "Case=Nom|Gender=Masc|Number=Sing|POS=PRON|Person=2|PronType=Prs",
      "Case=Acc|Gender=Masc|Number=Sing|POS=PRON|Person=2|PronType=Prs",
      "Case=Nom|Gender=Neut|Number=Sing|POS=DET|PronType=Int",
      "Case=Dat|Gender=Neut|Number=Plur|POS=DET|PronType=Int",
      "Case=Acc|Gender=Fem|Number=Sing|POS=DET|PronType=Int",
      "Case=Gen|Number=Plur|POS=PRON|PronType=Ind",
      "Mood=Sub|Number=Sing|POS=VERB|Person=1|Tense=Pres|VerbForm=Fin",
      "Case=Acc|Number=Sing|POS=PRON|PronType=Int",
      "Case=Nom|Gender=Fem|Number=Plur|POS=PRON|Person=1|PronType=Prs",
      "Case=Acc|POS=PRON|PronType=Dem",
      "Mood=Sub|Number=Plur|POS=AUX|Person=1|Tense=Past|VerbForm=Fin",
      "Mood=Sub|Number=Plur|POS=VERB|Person=1|Tense=Past|VerbForm=Fin",
      "Case=Acc|Degree=Sup|Gender=Masc|Number=Plur|POS=ADJ",
      "Case=Acc|Gender=Masc|Number=Plur|POS=PRON|PronType=Dem",
      "Case=Gen|Degree=Pos|POS=ADJ",
      "Case=Acc|Gender=Fem|Number=Plur|POS=PRON|PronType=Dem",
      "Case=Gen|Number=Plur|POS=PRON|Poss=Yes|PronType=Prs",
      "Case=Dat|Gender=Neut|Number=Plur|POS=PRON|PronType=Dem",
      "Mood=Imp|Number=Plur|POS=AUX|Person=2",
      "Case=Dat|Number=Sing|POS=PRON|PronType=Int",
      "Mood=Sub|Number=Sing|POS=VERB|Person=2|Tense=Past|VerbForm=Fin",
      "Case=Acc|Number=Sing|POS=PRON|Person=2|PronType=Prs|Reflex=Yes",
      "Case=Dat|Gender=Fem|Number=Plur|POS=DET|PronType=Int",
      "Case=Dat|Gender=Masc|Number=Plur|POS=PROPN",
      "Case=Acc|Gender=Neut|Number=Plur|POS=PRON|PronType=Dem",
      "Mood=Sub|Number=Plur|POS=AUX|Person=1|Tense=Pres|VerbForm=Fin",
      "Case=Acc|Number=Sing|POS=PRON|PronType=Rel",
      "Case=Acc|Number=Sing|POS=PRON|PronType=Dem",
      "Case=Nom|Number=Sing|POS=PRON|PronType=Rel",
      "Case=Dat|Degree=Cmp|Gender=Neut|Number=Plur|POS=ADJ",
      "Case=Dat|Definite=Def|Number=Sing|POS=DET|PronType=Art",
      "Gender=Neut|Number=Plur|POS=NOUN",
      "Case=Dat|Degree=Cmp|Number=Plur|POS=ADJ",
      "Gender=Fem|POS=PROPN",
      "Case=Acc|Gender=Neut|Number=Plur|POS=PRON|PronType=Int",
      "Case=Gen|Definite=Def|Number=Sing|POS=DET|PronType=Art",
      "Case=Gen|Degree=Pos|Number=Sing|POS=ADJ",
      "Case=Nom|Number=Sing|POS=PRON|Person=3|PronType=Prs",
      "Case=Nom|Gender=Fem|Number=Plur|POS=DET|PronType=Int",
      "Case=Gen|Gender=Neut|Number=Sing|POS=DET|PronType=Ind",
      "Gender=Fem|Number=Plur|POS=NOUN",
      "Gender=Fem|POS=PRON|PronType=Ind",
      "Case=Nom|Definite=Def|Number=Sing|POS=DET|PronType=Art",
      "Mood=Ind|Number=Plur|POS=VERB|Person=2|Tense=Past|VerbForm=Fin",
      "Case=Nom|Gender=Neut|Number=Sing|POS=DET|PronType=Rel",
      "Case=Dat|Degree=Sup|Number=Plur|POS=ADJ",
      "Case=Nom|Degree=Pos|Number=Sing|POS=ADJ",
      "Case=Acc|Degree=Sup|Number=Plur|POS=ADJ",
      "Case=Nom|Gender=Neut|Number=Plur|POS=PROPN",
      "Case=Dat|Gender=Neut|Number=Plur|POS=PROPN",
      "Case=Acc|Gender=Neut|Number=Plur|POS=PRON|Poss=Yes|PronType=Prs",
      "Case=Acc|Number=Plur|POS=PRON|Person=2|PronType=Prs",
      "Case=Dat|Number=Sing|POS=DET|PronType=Ind",
      "Case=Nom|Gender=Fem|Number=Sing|POS=DET",
      "Case=Nom|Gender=Masc|POS=NOUN",
      "Case=Nom|POS=NOUN",
      "Case=Gen|POS=NOUN",
      "Degree=Cmp|Gender=Fem|Number=Sing|POS=ADJ",
      "Degree=Pos|Gender=Neut|Number=Sing|POS=ADJ",
      "Case=Acc|Definite=Def|POS=DET|PronType=Art",
      "Case=Acc|POS=PROPN",
      "Case=Nom|Number=Plur|POS=DET|PronType=Int",
      "Case=Gen|Degree=Cmp|Number=Plur|POS=ADJ",
      "Case=Acc|Gender=Neut|POS=NOUN",
      "Case=Gen|POS=DET|PronType=Rel",
      "Case=Dat|Number=Sing|POS=PRON|Poss=Yes|PronType=Prs",
      "POS=DET|PronType=Int",
      "Definite=Ind|Gender=Neut|POS=DET|PronType=Art",
      "Case=Dat|POS=NOUN",
      "Case=Acc|Definite=Ind|Number=Sing|POS=DET|PronType=Art",
      "Case=Nom|Gender=Neut|POS=NOUN",
      "Definite=Def|Gender=Masc|Number=Sing|POS=DET|PronType=Art",
      "Degree=Pos|Gender=Masc|Number=Sing|POS=ADJ",
      "Case=Dat|Number=Plur|POS=DET|PronType=Dem",
      "Case=Acc|Gender=Masc|Number=Sing|POS=PRON|PronType=Int",
      "Case=Nom|Gender=Masc|Number=Sing|POS=DET|PronType=Rel",
      "Case=Acc|Gender=Masc|Number=Plur|POS=PROPN",
      "Case=Acc|Number=Sing|POS=PRON|Person=3|PronType=Prs",
      "Case=Acc|Gender=Fem|Number=Plur|POS=PRON|PronType=Int",
      "Case=Acc|Gender=Masc|Number=Plur|POS=DET|PronType=Int",
      "Case=Gen|Number=Sing|POS=PRON|PronType=Ind",
      "Case=Acc|POS=NOUN",
      "Case=Gen|Number=Sing|POS=PRON|Person=3|PronType=Prs",
      "Case=Gen|Gender=Neut|Number=Plur|POS=PRON|PronType=Dem",
      "Case=Gen|Gender=Masc|Number=Sing|POS=PRON|PronType=Ind",
      "Case=Gen|Gender=Neut|Number=Plur|POS=PROPN",
      "Case=Nom|Definite=Def|POS=DET|PronType=Art",
      "Case=Nom|Degree=Pos|POS=ADJ",
      "Gender=Fem|Number=Sing|POS=DET|PronType=Ind",
      "Case=Acc|Gender=Masc|Number=Sing|POS=PRON|Person=1|PronType=Prs",
      "Case=Acc|Gender=Masc|Number=Plur|POS=PRON|Person=1|PronType=Prs",
      "Degree=Pos|Gender=Fem|Number=Plur|POS=ADJ",
      "Case=Nom|Gender=Masc|Number=Plur|POS=DET|PronType=Int",
      "Definite=Def|Gender=Fem|Number=Plur|POS=DET|PronType=Art",
      "Case=Acc|Number=Plur|POS=PRON|Person=2|PronType=Prs|Reflex=Yes",
      "Case=Gen|Number=Plur|POS=PRON|Person=3|PronType=Prs",
      "Case=Gen|Definite=Ind|Number=Sing|POS=DET|PronType=Art",
      "Case=Gen|Gender=Fem|Number=Sing|POS=PRON|PronType=Ind",
      "Case=Gen|Number=Sing|POS=DET|Poss=Yes|PronType=Prs",
      "Case=Dat|Gender=Masc|Number=Plur|POS=PRON|PronType=Dem",
      "Case=Nom|Number=Plur|POS=PRON|PronType=Int",
      "Case=Dat|Gender=Neut|POS=NOUN",
      "Case=Acc|Gender=Neut|Number=Plur|POS=PRON|PronType=Ind",
      "Case=Dat|Gender=Masc|Number=Plur|POS=DET|PronType=Int",
      "Case=Acc|Definite=Def|Number=Sing|POS=DET|PronType=Art",
      "Case=Nom|Gender=Masc|Number=Plur|POS=DET|PronType=Rel",
      "Degree=Cmp|POS=ADJ",
      "Case=Dat|Gender=Neut|Number=Sing|POS=PRON|Poss=Yes|PronType=Prs",
      "Case=Nom|Gender=Fem|Number=Sing|POS=PRON|Poss=Yes|PronType=Prs",
      "Case=Dat|Gender=Fem|Number=Sing|POS=PRON|Poss=Yes|PronType=Prs",
      "Case=Acc|Number=Sing|POS=DET|Poss=Yes|PronType=Prs",
      "POS=ADJ",
      "Case=Nom|Gender=Neut|Number=Plur|POS=DET|PronType=Int",
      "Case=Acc|Degree=Pos|POS=ADJ",
      "Case=Gen|POS=PRON|PronType=Int",
      "Case=Acc|Definite=Ind|Gender=Neut|Number=Plur|POS=DET|PronType=Art",
      "Definite=Def|Number=Plur|POS=DET|PronType=Art",
      "Degree=Pos|Number=Plur|POS=ADJ",
      "Number=Plur|POS=NOUN",
      "POS=PRON|PronType=Int",
      "Case=Gen|Degree=Sup|Number=Plur|POS=ADJ",
      "Case=Dat|Gender=Masc|POS=NOUN",
      "Gender=Fem|Number=Plur|POS=DET|PronType=Ind",
      "Gender=Fem|POS=DET|PronType=Dem",
      "Case=Acc|POS=PRON|PronType=Ind",
      "Case=Gen|Number=Sing|POS=DET|PronType=Int",
      "Case=Gen|Gender=Neut|Number=Plur|POS=PRON|PronType=Rel",
      "Case=Nom|Gender=Fem|POS=NOUN",
      "Case=Nom|Number=Sing|POS=PRON|Person=3|PronType=Prs|Reflex=Yes",
      "Mood=Sub|Number=Sing|POS=AUX|Person=2|Tense=Pres|VerbForm=Fin",
      "Case=Gen|Gender=Neut|Number=Sing|POS=PRON|PronType=Rel",
      "Case=Nom|Gender=Masc|Number=Sing|POS=ADP",
      "Case=Nom|Gender=Masc|POS=PROPN",
      "Definite=Def|POS=DET|PronType=Art",
      "Mood=Ind|Number=Sing|POS=VERB|Person=2|Tense=Past|VerbForm=Fin",
      "Case=Acc|Degree=Pos|Number=Sing|POS=ADJ",
      "Case=Acc|Number=Sing|POS=DET|PronType=Ind",
      "Case=Nom|Number=Sing|POS=PRON|PronType=Dem",
      "Case=Nom|Number=Sing|POS=DET|PronType=Ind",
      "Case=Dat|Gender=Fem|Number=Sing|POS=PRON|Person=1|PronType=Prs",
      "Case=Dat|POS=PRON|Person=3|PronType=Prs",
      "Case=Dat|POS=PRON|Person=3|PronType=Prs|Reflex=Yes",
      "Mood=Imp|Number=Sing|POS=AUX|Person=2",
      "Gender=Fem|Number=Sing|POS=DET|PronType=Dem",
      "Case=Gen|Gender=Masc|Number=Sing|POS=PRON|PronType=Rel",
      "Case=Acc|Gender=Masc|Number=Sing|POS=ADP",
      "Definite=Ind|Gender=Masc|Number=Sing|POS=DET|PronType=Art",
      "Mood=Sub|Number=Sing|POS=VERB|Person=2|Tense=Pres|VerbForm=Fin",
      "Case=Nom|Degree=Sup|Number=Plur|POS=ADJ",
      "Case=Gen|Gender=Masc|Number=Plur|POS=PROPN",
      "Case=Acc|Gender=Fem|Number=Plur|POS=PRON|Person=1|PronType=Prs",
      "Gender=Fem|Number=Plur|POS=DET|Poss=Yes|PronType=Prs",
      "Case=Dat|Gender=Masc|POS=PROPN",
      "Case=Gen|Gender=Fem|Number=Sing|POS=DET",
      "Case=Gen|Gender=Fem|Number=Sing|POS=PRON|PronType=Rel",
      "Case=Acc|Gender=Fem|Number=Sing|POS=PRON|PronType=Int",
      "Case=Nom|POS=PRON|PronType=Ind",
      "Case=Nom|Number=Plur|POS=PRON|Person=3|PronType=Prs|Reflex=Yes",
      "Case=Gen|Definite=Def|Gender=Fem|POS=DET|PronType=Art",
      "Case=Gen|Gender=Masc|Number=Plur|POS=PRON|Person=3|PronType=Prs",
      "Case=Acc|Gender=Masc|Number=Plur|POS=PRON|Person=2|PronType=Prs",
      "Case=Gen|POS=DET|PronType=Dem",
      "Case=Nom|Gender=Masc|Number=Plur|POS=PRON|Poss=Yes|PronType=Prs",
      "Gender=Masc|POS=PRON|PronType=Ind",
      "Gender=Neut|Number=Sing|POS=PRON|Person=3|PronType=Prs",
      "Case=Nom|Gender=Fem|POS=PRON|PronType=Ind",
      "Case=Nom|Gender=Fem|POS=PROPN",
      "Gender=Neut|Number=Plur|POS=PROPN",
      "Gender=Masc|Number=Sing|POS=PRON|PronType=Ind"
    ],
    "parser": [
      "ROOT",
      "ac",
      "adc",
      "ag",
      "ams",
      "app",
      "avc",
      "cc",
      "cd",
      "cj",
      "cm",
      "cp",
      "cvc",
      "da",
      "dep",
      "dm",
      "ep",
      "ju",
      "mnr",
      "mo",
      "ng",
      "nk",
      "nmc",
      "oa",
      "oc",
      "og",
      "op",
      "par",
      "pd",
      "pg",
      "ph",
      "pm",
      "pnc",
      "punct",
      "rc",
      "re",
      "rs",
      "sb",
      "sbp",
      "svp",
      "uc",
      "vo"
    ],
    "senter": [
      "I",
      "S"
    ],
    "ner": [
      "LOC",
      "MISC",
      "ORG",
      "PER"
    ],
    "attribute_ruler": [],
    "lemmatizer": []
  },
  "pipeline": [
    "tok2vec",
    "tagger",
    "morphologizer",
    "parser",
    "ner",
    "attribute_ruler",
    "lemmatizer"
  ],
  "components": [
    "tok2vec",
    "tagger",
    "morphologizer",
    "parser",
    "senter",
    "ner",
    "attribute_ruler",
    "lemmatizer"
  ],
  "disabled": [
    "senter"
  ],
  "performance": {
    "tag_acc": 0.9801242236,
    "ents_p": 0.8542109065,
    "ents_r": 0.8461254893,
    "ents_f": 0.8501489741,
    "sents_p": 0.9523413111,
    "sents_r": 0.9543628231,
    "sents_f": 0.9489838241,
    "speed": 10085.6137614235,
    "ents_per_type": {
      "LOC": {
        "p": 0.8744391425,
        "r": 0.8821458508,
        "f": 0.8782755907
      },
      "PER": {
        "p": 0.8937660198,
        "r": 0.9231314707,
        "f": 0.9082114369
      },
      "MISC": {
        "p": 0.7947328715,
        "r": 0.7233909732,
        "f": 0.7573856209
      },
      "ORG": {
        "p": 0.7879119163,
        "r": 0.7584185207,
        "f": 0.7728839525
      }
    },
    "token_acc": 0.9998017682,
    "pos_acc": 0.9847827092,
    "morph_acc": 0.9222677415,
    "lemma_acc": 0.7342764075,
    "dep_uas": 0.9262550612,
    "dep_las": 0.9076103695,
    "morph_per_feat": {
      "Case": {
        "p": 0.9218960409,
        "r": 0.9236124228,
        "f": 0.9227534337
      },
      "Definite": {
        "p": 0.9962401732,
        "r": 0.9972627737,
        "f": 0.9967512112
      },
      "Gender": {
        "p": 0.9489933262,
        "r": 0.9551535335,
        "f": 0.9520634653
      },
      "Number": {
        "p": 0.9765661146,
        "r": 0.9778781561,
        "f": 0.9772216949
      },
      "PronType": {
        "p": 0.9935772358,
        "r": 0.9909186735,
        "f": 0.9922461738
      },
      "Degree": {
        "p": 0.9848671476,
        "r": 0.9769593297,
        "f": 0.9808973011
      },
      "VerbForm": {
        "p": 0.9631217839,
        "r": 0.9646730377,
        "f": 0.9638967867
      },
      "Mood": {
        "p": 0.9711426188,
        "r": 0.9653457138,
        "f": 0.9682354898
      },
      "Person": {
        "p": 0.9801499167,
        "r": 0.9752762431,
        "f": 0.9777070064
      },
      "Tense": {
        "p": 0.9743975904,
        "r": 0.968724006,
        "f": 0.9715525152
      },
      "Reflex": {
        "p": 1.0,
        "r": 0.9976303318,
        "f": 0.9988137604
      },
      "Poss": {
        "p": 0.9979338843,
        "r": 0.9979338843,
        "f": 0.9979338843
      },
      "Foreign": {
        "p": 0.7333333333,
        "r": 0.1658291457,
        "f": 0.2704918033
      }
    },
    "dep_las_per_type": {
      "cp": {
        "p": 0.9601449275,
        "r": 0.9689213894,
        "f": 0.9645131938
      },
      "nk": {
        "p": 0.9779146574,
        "r": 0.9827333442,
        "f": 0.9803180793
      },
      "sb": {
        "p": 0.923383602,
        "r": 0.9343974741,
        "f": 0.9288578901
      },
      "ag": {
        "p": 0.9591503268,
        "r": 0.9734660033,
        "f": 0.966255144
      },
      "mnr": {
        "p": 0.7352112676,
        "r": 0.7679697352,
        "f": 0.7512335526
      },
      "mo": {
        "p": 0.7924,
        "r": 0.8015375278,
        "f": 0.7969425727
      },
      "oc": {
        "p": 0.9207335108,
        "r": 0.9370860927,
        "f": 0.9288378338
      },
      "root": {
        "p": 0.9760366743,
        "r": 0.9679685886,
        "f": 0.9719858892
      },
      "rc": {
        "p": 0.6952595937,
        "r": 0.6905829596,
        "f": 0.6929133858
      },
      "op": {
        "p": 0.746588694,
        "r": 0.5707898659,
        "f": 0.6469594595
      },
      "pm": {
        "p": 0.9971346705,
        "r": 1.0,
        "f": 0.9985652798
      },
      "nmc": {
        "p": 0.9778129952,
        "r": 0.9747235387,
        "f": 0.9762658228
      },
      "oa": {
        "p": 0.8710835509,
        "r": 0.8802770449,
        "f": 0.875656168
      },
      "pd": {
        "p": 0.8564437194,
        "r": 0.7720588235,
        "f": 0.8120649652
      },
      "ep": {
        "p": 0.880952381,
        "r": 0.8345864662,
        "f": 0.8571428571
      },
      "cd": {
        "p": 0.8843669251,
        "r": 0.8843669251,
        "f": 0.8843669251
      },
      "cj": {
        "p": 0.8488824101,
        "r": 0.8614398422,
        "f": 0.8551150269
      },
      "par": {
        "p": 0.5147058824,
        "r": 0.3431372549,
        "f": 0.4117647059
      },
      "svp": {
        "p": 0.9505928854,
        "r": 0.925,
        "f": 0.9376218324
      },
      "pg": {
        "p": 0.884244373,
        "r": 0.8757961783,
        "f": 0.88
      },
      "da": {
        "p": 0.8321678322,
        "r": 0.6055979644,
        "f": 0.7010309278
      },
      "app": {
        "p": 0.7054794521,
        "r": 0.6936026936,
        "f": 0.6994906621
      },
      "sbp": {
        "p": 0.8288288288,
        "r": 0.7931034483,
        "f": 0.8105726872
      },
      "ac": {
        "p": 0.9351851852,
        "r": 0.8632478632,
        "f": 0.8977777778
      },
      "pnc": {
        "p": 0.8488529015,
        "r": 0.8168831169,
        "f": 0.8325612177
      },
      "ju": {
        "p": 0.9393939394,
        "r": 0.9393939394,
        "f": 0.9393939394
      },
      "ng": {
        "p": 0.7941952507,
        "r": 0.8005319149,
        "f": 0.7973509934
      },
      "re": {
        "p": 0.7096774194,
        "r": 0.6547619048,
        "f": 0.6811145511
      },
      "cm": {
        "p": 0.9014778325,
        "r": 0.8798076923,
        "f": 0.8905109489
      },
      "cc": {
        "p": 0.7426900585,
        "r": 0.6381909548,
        "f": 0.6864864865
      },
      "uc": {
        "p": 0.6470588235,
        "r": 0.3666666667,
        "f": 0.4680851064
      },
      "ams": {
        "p": 0.7361111111,
        "r": 0.7794117647,
        "f": 0.7571428571
      },
      "og": {
        "p": 0.3333333333,
        "r": 0.2857142857,
        "f": 0.3076923077
      },
      "rs": {
        "p": 0.8823529412,
        "r": 0.4838709677,
        "f": 0.625
      },
      "cvc": {
        "p": 0.8958333333,
        "r": 0.5443037975,
        "f": 0.6771653543
      },
      "ph": {
        "p": 1.0,
        "r": 0.4285714286,
        "f": 0.6
      },
      "dep": {
        "p": 0.0,
        "r": 0.0,
        "f": 0.0
      },
      "dm": {
        "p": 0.0,
        "r": 0.0,
        "f": 0.0
      },
      "oa2": {
        "p": 0.0,
        "r": 0.0,
        "f": 0.0
      },
      "vo": {
        "p": 0.0,
        "r": 0.0,
        "f": 0.0
      },
      "adc": {
        "p": 1.0,
        "r": 1.0,
        "f": 1.0
      }
    }
  },
  "sources": [
    {
      "name": "TIGER Corpus",
      "url": "https://www.ims.uni-stuttgart.de/forschung/ressourcen/korpora/tiger.html",
      "license": "commercial (licensed by Explosion)"
    },
    {
      "name": "WikiNER",
      "url": "https://figshare.com/articles/Learning_multilingual_named_entity_recognition_from_Wikipedia/5462500",
      "license": "CC BY 4.0"
    }
  ],
  "requirements": [],
  "parent_package": "spacy-nightly",
  "size": "546 MB",
  "checksum": "93e6baf0054e857ca5e14805ef4f0b94dc1ab29a42053f6817218c43824ed207"
}