{
  "lang": "de",
  "name": "core_news_sm",
  "version": "3.2.0",
  "description": "German pipeline optimized for CPU. Components: tok2vec, tagger, morphologizer, parser, senter, ner, attribute_ruler, lemmatizer.",
  "author": "Explosion",
  "email": "contact@explosion.ai",
  "url": "https://explosion.ai",
  "license": "MIT",
  "spacy_version": ">=3.2.0,<3.3.0",
  "spacy_git_version": "bb26550e2",
  "vectors": {
    "width": 0,
    "vectors": 0,
    "keys": 0,
    "name": null
  },
  "labels": {
    "tok2vec": [],
    "tagger": [
      "$(",
      "$,",
      "$.",
      "ADJA",
      "ADJD",
      "ADV",
      "APPO",
      "APPR",
      "APPRART",
      "APZR",
      "ART",
      "CARD",
      "FM",
      "ITJ",
      "KOKOM",
      "KON",
      "KOUI",
      "KOUS",
      "NE",
      "NN",
      "NNE",
      "PDAT",
      "PDS",
      "PIAT",
      "PIS",
      "PPER",
      "PPOSAT",
      "PPOSS",
      "PRELAT",
      "PRELS",
      "PRF",
      "PROAV",
      "PTKA",
      "PTKANT",
      "PTKNEG",
      "PTKVZ",
      "PTKZU",
      "PWAT",
      "PWAV",
      "PWS",
      "TRUNC",
      "VAFIN",
      "VAIMP",
      "VAINF",
      "VAPP",
      "VMFIN",
      "VMINF",
      "VMPP",
      "VVFIN",
      "VVIMP",
      "VVINF",
      "VVIZU",
      "VVPP",
      "XY"
    ],
    "morphologizer": [
      "POS=PUNCT",
      "Case=Nom|Gender=Masc|Number=Sing|POS=PROPN",
      "Mood=Sub|Number=Sing|POS=AUX|Person=3|Tense=Past|VerbForm=Fin",
      "POS=ADV",
      "Case=Nom|Definite=Ind|Gender=Masc|Number=Sing|POS=DET|PronType=Art",
      "Case=Nom|Degree=Pos|Gender=Masc|Number=Sing|POS=ADJ",
      "Case=Nom|Gender=Masc|Number=Sing|POS=NOUN",
      "Case=Nom|Gender=Masc|Number=Plur|POS=NOUN",
      "Mood=Ind|Number=Plur|POS=VERB|Person=3|Tense=Pres|VerbForm=Fin",
      "Case=Acc|Definite=Def|Gender=Masc|Number=Sing|POS=DET|PronType=Art",
      "Case=Acc|Gender=Masc|Number=Sing|POS=NOUN",
      "POS=ADP",
      "Mood=Ind|Number=Sing|POS=VERB|Person=3|Tense=Pres|VerbForm=Fin",
      "Case=Acc|Degree=Pos|Gender=Fem|Number=Sing|POS=ADJ",
      "Case=Acc|Gender=Fem|Number=Sing|POS=NOUN",
      "Case=Acc|Gender=Fem|Number=Sing|POS=DET|Poss=Yes|PronType=Prs",
      "Case=Nom|Definite=Def|Gender=Masc|Number=Sing|POS=DET|PronType=Art",
      "Mood=Ind|Number=Sing|POS=AUX|Person=3|Tense=Pres|VerbForm=Fin",
      "Case=Acc|Definite=Def|Gender=Neut|Number=Sing|POS=DET|PronType=Art",
      "Case=Acc|Degree=Pos|Gender=Neut|Number=Sing|POS=ADJ",
      "Case=Acc|Gender=Neut|Number=Sing|POS=NOUN",
      "Case=Dat|Gender=Neut|Number=Sing|POS=PROPN",
      "POS=VERB|VerbForm=Part",
      "Case=Dat|Gender=Fem|Number=Plur|POS=NOUN",
      "Foreign=Yes|POS=X",
      "Degree=Pos|POS=ADV",
      "Case=Dat|Gender=Neut|Number=Sing|POS=ADP",
      "Case=Dat|Gender=Neut|Number=Sing|POS=NOUN",
      "Case=Dat|Degree=Pos|Gender=Neut|Number=Sing|POS=ADJ",
      "Case=Dat|Definite=Def|Gender=Masc|Number=Sing|POS=DET|PronType=Art",
      "Case=Dat|Degree=Pos|Gender=Masc|Number=Sing|POS=ADJ",
      "Case=Dat|Gender=Masc|Number=Sing|POS=NOUN",
      "POS=CCONJ",
      "POS=SCONJ",
      "Case=Acc|Definite=Ind|Gender=Neut|Number=Sing|POS=DET|PronType=Art",
      "POS=VERB|VerbForm=Inf",
      "Mood=Ind|Number=Plur|POS=AUX|Person=3|Tense=Pres|VerbForm=Fin",
      "Case=Nom|Gender=Masc|Number=Plur|POS=DET|Poss=Yes|PronType=Prs",
      "Case=Nom|Gender=Fem|Number=Plur|POS=DET|PronType=Dem",
      "Case=Nom|Gender=Fem|Number=Plur|POS=NOUN",
      "Case=Acc|Definite=Def|Gender=Fem|Number=Sing|POS=DET|PronType=Art",
      "Case=Acc|Degree=Sup|Gender=Fem|Number=Sing|POS=ADJ",
      "Case=Gen|Definite=Def|Gender=Fem|Number=Sing|POS=DET|PronType=Art",
      "Case=Gen|Gender=Fem|Number=Sing|POS=NOUN",
      "Case=Dat|Gender=Fem|Number=Sing|POS=DET|Poss=Yes|PronType=Prs",
      "Case=Dat|Gender=Fem|Number=Sing|POS=NOUN",
      "POS=PART",
      "Case=Nom|Gender=Masc|Number=Plur|POS=DET|PronType=Ind",
      "Case=Nom|Definite=Def|Gender=Masc|Number=Plur|POS=DET|PronType=Art",
      "Case=Dat|Definite=Def|Number=Plur|POS=DET|PronType=Art",
      "Case=Dat|Number=Plur|POS=PROPN",
      "POS=PRON|PronType=Ind",
      "Case=Dat|Number=Plur|POS=PRON|Person=3|PronType=Prs|Reflex=Yes",
      "Case=Acc|Definite=Ind|Gender=Masc|Number=Sing|POS=DET|PronType=Art",
      "Case=Acc|Gender=Masc|Number=Sing|POS=PROPN",
      "Case=Dat|Definite=Ind|Gender=Fem|Number=Sing|POS=DET|PronType=Art",
      "Case=Gen|Definite=Def|Gender=Neut|Number=Sing|POS=DET|PronType=Art",
      "Case=Gen|Gender=Neut|Number=Sing|POS=NOUN",
      "Case=Nom|Number=Sing|POS=PROPN",
      "Case=Dat|Definite=Def|Gender=Masc|Number=Plur|POS=DET|PronType=Art",
      "Case=Dat|Gender=Masc|Number=Plur|POS=NOUN",
      "POS=NUM",
      "Case=Dat|Gender=Neut|Number=Plur|POS=NOUN",
      "Mood=Ind|Number=Plur|POS=VERB|Person=3|Tense=Past|VerbForm=Fin",
      "Case=Dat|Gender=Masc|Number=Sing|POS=ADP",
      "Gender=Neut|POS=NOUN",
      "Case=Acc|Number=Sing|POS=PROPN",
      "Case=Acc|Number=Plur|POS=PRON|Person=3|PronType=Prs|Reflex=Yes",
      "Case=Nom|Definite=Def|Gender=Fem|Number=Sing|POS=DET|PronType=Art",
      "Case=Nom|Gender=Fem|Number=Sing|POS=NOUN",
      "Case=Gen|Definite=Def|Number=Plur|POS=DET|PronType=Art",
      "Case=Acc|Gender=Fem|Number=Plur|POS=NOUN",
      "Mood=Sub|Number=Sing|POS=VERB|Person=3|Tense=Pres|VerbForm=Fin",
      "Case=Nom|Gender=Masc|Number=Sing|POS=PRON|Person=3|PronType=Prs",
      "Case=Gen|Definite=Def|Gender=Masc|Number=Sing|POS=DET|PronType=Art",
      "Case=Gen|Gender=Masc|Number=Sing|POS=NOUN",
      "Case=Nom|Definite=Def|Number=Plur|POS=DET|PronType=Art",
      "Case=Nom|Number=Plur|POS=NOUN",
      "Case=Acc|Gender=Masc|Number=Sing|POS=DET|Poss=Yes|PronType=Prs",
      "Case=Dat|Definite=Def|Gender=Neut|Number=Sing|POS=DET|PronType=Art",
      "Case=Nom|Number=Plur|POS=PRON|PronType=Ind",
      "Case=Dat|Gender=Masc|Number=Sing|POS=DET|Poss=Yes|PronType=Prs",
      "Case=Acc|Definite=Ind|Gender=Fem|Number=Sing|POS=DET|PronType=Art",
      "POS=PROPN",
      "Case=Nom|Number=Sing|POS=PRON|Person=1|PronType=Prs",
      "Mood=Ind|Number=Sing|POS=VERB|Person=1|Tense=Pres|VerbForm=Fin",
      "POS=INTJ",
      "Case=Nom|Gender=Neut|Number=Sing|POS=PRON|PronType=Dem",
      "Case=Nom|Gender=Neut|Number=Sing|POS=DET|Poss=Yes|PronType=Prs",
      "Case=Nom|Gender=Neut|Number=Sing|POS=NOUN",
      "Case=Acc|Number=Sing|POS=PRON|Person=3|PronType=Prs|Reflex=Yes",
      "Case=Nom|Gender=Neut|Number=Sing|POS=PRON|Person=3|PronType=Prs",
      "Mood=Sub|Number=Sing|POS=AUX|Person=3|Tense=Pres|VerbForm=Fin",
      "Case=Nom|Gender=Masc|Number=Sing|POS=PRON|PronType=Rel",
      "Case=Acc|Gender=Masc|Number=Sing|POS=PRON|PronType=Ind",
      "Case=Nom|Definite=Ind|Gender=Fem|Number=Sing|POS=DET|PronType=Art",
      "Case=Nom|Degree=Pos|Gender=Fem|Number=Sing|POS=ADJ",
      "Case=Dat|Degree=Pos|Gender=Fem|Number=Plur|POS=ADJ",
      "Case=Acc|Gender=Masc|Number=Plur|POS=DET|PronType=Ind",
      "Case=Acc|Gender=Masc|Number=Plur|POS=NOUN",
      "Case=Nom|Gender=Masc|Number=Plur|POS=PRON|PronType=Rel",
      "Case=Nom|Gender=Masc|Number=Sing|POS=PRON|PronType=Ind",
      "Case=Dat|Gender=Masc|Number=Plur|POS=PRON|Person=3|PronType=Prs",
      "Case=Nom|Gender=Neut|Number=Plur|POS=NOUN",
      "Case=Acc|Gender=Neut|Number=Plur|POS=PRON|PronType=Rel",
      "Case=Dat|Number=Plur|POS=PRON|Person=3|PronType=Prs",
      "Case=Dat|Gender=Masc|Number=Sing|POS=PRON|PronType=Rel",
      "Gender=Masc|POS=NOUN",
      "Mood=Ind|Number=Sing|POS=VERB|Person=3|Tense=Past|VerbForm=Fin",
      "Case=Nom|Definite=Def|Gender=Fem|Number=Plur|POS=DET|PronType=Art",
      "Case=Nom|Gender=Fem|Number=Sing|POS=DET|PronType=Int",
      "Case=Gen|Gender=Masc|Number=Sing|POS=PROPN",
      "POS=SCONJ|PronType=Int",
      "Case=Acc|Gender=Fem|Number=Plur|POS=DET|Poss=Yes|PronType=Prs",
      "Case=Dat|Degree=Pos|Gender=Masc|Number=Plur|POS=ADJ",
      "Case=Nom|Number=Sing|POS=PRON|PronType=Ind",
      "Case=Gen|Definite=Def|Gender=Fem|Number=Plur|POS=DET|PronType=Art",
      "Case=Gen|Gender=Fem|Number=Plur|POS=NOUN",
      "Case=Dat|Gender=Masc|Number=Sing|POS=PRON|Person=3|PronType=Prs",
      "Case=Dat|Definite=Def|Gender=Fem|Number=Sing|POS=DET|PronType=Art",
      "Case=Nom|Gender=Masc|Number=Sing|POS=DET|PronType=Ind",
      "Case=Dat|Degree=Pos|Gender=Fem|Number=Sing|POS=ADJ",
      "Case=Acc|Gender=Neut|Number=Sing|POS=DET|Poss=Yes|PronType=Prs",
      "Case=Dat|Gender=Neut|Number=Sing|POS=PRON|PronType=Ind",
      "Case=Dat|Degree=Cmp|Gender=Fem|Number=Plur|POS=ADJ",
      "Case=Nom|Degree=Pos|Gender=Masc|Number=Plur|POS=ADJ",
      "Gender=Neut|POS=PRON|PronType=Ind",
      "Case=Acc|Gender=Masc|Number=Sing|POS=PRON|Person=3|PronType=Prs",
      "Case=Dat|Number=Plur|POS=DET|Poss=Yes|PronType=Prs",
      "Case=Dat|Number=Plur|POS=NOUN",
      "Case=Dat|Gender=Masc|Number=Sing|POS=PRON|PronType=Ind",
      "Case=Nom|Gender=Fem|Number=Sing|POS=DET|Poss=Yes|PronType=Prs",
      "Case=Dat|Gender=Masc|Number=Sing|POS=PROPN",
      "Case=Gen|Gender=Masc|Number=Sing|POS=PRON|PronType=Dem",
      "Case=Dat|Gender=Fem|Number=Sing|POS=ADP",
      "Case=Acc|Gender=Fem|Number=Plur|POS=DET|PronType=Int",
      "Case=Gen|Number=Plur|POS=PROPN",
      "Case=Acc|Gender=Fem|Number=Plur|POS=DET|PronType=Dem",
      "Case=Acc|Gender=Neut|Number=Plur|POS=NOUN",
      "Case=Acc|Degree=Pos|Gender=Masc|Number=Sing|POS=ADJ",
      "Case=Nom|Definite=Def|Gender=Neut|Number=Plur|POS=DET|PronType=Art",
      "Case=Gen|Gender=Neut|Number=Sing|POS=DET|Poss=Yes|PronType=Prs",
      "Degree=Cmp|POS=ADV",
      "Case=Nom|Gender=Neut|Number=Plur|POS=PRON|PronType=Dem",
      "Case=Gen|Definite=Ind|Gender=Neut|Number=Sing|POS=DET|PronType=Art",
      "Case=Acc|Gender=Neut|Number=Sing|POS=ADP",
      "Case=Dat|Number=Plur|POS=PRON|Person=1|PronType=Prs",
      "Case=Acc|Gender=Neut|Number=Sing|POS=PRON|PronType=Int",
      "Case=Dat|Definite=Ind|Gender=Neut|Number=Sing|POS=DET|PronType=Art",
      "Mood=Ind|Number=Plur|POS=AUX|Person=3|Tense=Past|VerbForm=Fin",
      "Case=Gen|Definite=Def|Gender=Masc|Number=Plur|POS=DET|PronType=Art",
      "Case=Gen|Gender=Masc|Number=Plur|POS=NOUN",
      "Case=Acc|Gender=Neut|Number=Sing|POS=PRON|Person=3|PronType=Prs",
      "Case=Acc|Degree=Sup|Gender=Masc|Number=Sing|POS=ADJ",
      "Case=Nom|Number=Plur|POS=PRON|Person=3|PronType=Prs",
      "Case=Gen|Gender=Masc|Number=Plur|POS=DET|Poss=Yes|PronType=Prs",
      "Mood=Ind|Number=Sing|POS=AUX|Person=3|Tense=Past|VerbForm=Fin",
      "Case=Gen|Number=Sing|POS=PROPN",
      "Case=Nom|Definite=Def|Gender=Neut|Number=Sing|POS=DET|PronType=Art",
      "Case=Nom|Degree=Pos|Gender=Neut|Number=Sing|POS=ADJ",
      "Case=Dat|Gender=Fem|Number=Plur|POS=PRON|PronType=Rel",
      "Case=Acc|Degree=Pos|Gender=Masc|Number=Plur|POS=ADJ",
      "Case=Nom|Gender=Fem|Number=Plur|POS=DET|PronType=Ind",
      "Case=Gen|Gender=Neut|Number=Sing|POS=PROPN",
      "Case=Gen|Gender=Masc|Number=Sing|POS=DET|PronType=Rel",
      "Case=Nom|Gender=Neut|Number=Sing|POS=PRON|PronType=Int",
      "Case=Acc|Gender=Neut|Number=Sing|POS=DET|PronType=Ind",
      "Case=Gen|Definite=Ind|Gender=Masc|Number=Sing|POS=DET|PronType=Art",
      "POS=X",
      "Case=Dat|Degree=Sup|Gender=Fem|Number=Sing|POS=ADJ",
      "Case=Gen|Number=Plur|POS=NOUN",
      "Case=Gen|Degree=Pos|Gender=Masc|Number=Sing|POS=ADJ",
      "Case=Gen|Number=Plur|POS=DET|Poss=Yes|PronType=Prs",
      "Case=Acc|Number=Plur|POS=PRON|PronType=Rel",
      "Case=Nom|Degree=Pos|Gender=Fem|Number=Plur|POS=ADJ",
      "Case=Gen|Degree=Pos|Gender=Fem|Number=Sing|POS=ADJ",
      "Case=Gen|Definite=Def|Gender=Neut|Number=Plur|POS=DET|PronType=Art",
      "Case=Gen|Degree=Pos|Gender=Neut|Number=Plur|POS=ADJ",
      "Case=Gen|Gender=Neut|Number=Plur|POS=NOUN",
      "Case=Nom|Gender=Fem|Number=Plur|POS=PRON|PronType=Ind",
      "Mood=Sub|Number=Plur|POS=AUX|Person=3|Tense=Past|VerbForm=Fin",
      "Case=Nom|Degree=Pos|Number=Plur|POS=ADJ",
      "Case=Nom|Number=Plur|POS=PRON|PronType=Rel",
      "Case=Nom|Gender=Fem|Number=Sing|POS=PRON|PronType=Rel",
      "Case=Acc|Degree=Pos|Gender=Neut|Number=Plur|POS=ADJ",
      "Case=Dat|Degree=Pos|Gender=Neut|Number=Plur|POS=ADJ",
      "Case=Acc|Definite=Def|Gender=Neut|Number=Plur|POS=DET|PronType=Art",
      "Case=Acc|Degree=Sup|Gender=Neut|Number=Plur|POS=ADJ",
      "Case=Nom|Degree=Sup|Gender=Masc|Number=Sing|POS=ADJ",
      "Case=Nom|Gender=Fem|Number=Plur|POS=PRON|PronType=Rel",
      "POS=DET|PronType=Ind",
      "Case=Gen|Degree=Pos|Gender=Fem|Number=Plur|POS=ADJ",
      "Case=Nom|Gender=Masc|Number=Plur|POS=PRON|Person=3|PronType=Prs",
      "Case=Acc|Gender=Masc|Number=Sing|POS=DET|PronType=Dem",
      "Case=Dat|Gender=Fem|Number=Plur|POS=DET|Poss=Yes|PronType=Prs",
      "Case=Acc|Gender=Neut|Number=Sing|POS=PROPN",
      "Case=Nom|Gender=Fem|Number=Sing|POS=PROPN",
      "Case=Acc|Definite=Def|Gender=Masc|Number=Plur|POS=DET|PronType=Art",
      "Case=Dat|Definite=Def|Gender=Neut|Number=Plur|POS=DET|PronType=Art",
      "Case=Nom|Gender=Neut|Number=Plur|POS=DET|PronType=Ind",
      "Case=Dat|Number=Sing|POS=DET|Poss=Yes|PronType=Prs",
      "Case=Dat|Number=Sing|POS=NOUN",
      "Case=Nom|Definite=Ind|Gender=Neut|Number=Sing|POS=DET|PronType=Art",
      "Degree=Pos|POS=ADJ",
      "Case=Acc|Gender=Fem|Number=Sing|POS=PROPN",
      "Case=Acc|Degree=Pos|Number=Plur|POS=ADJ",
      "Case=Acc|Number=Plur|POS=NOUN",
      "Case=Dat|Number=Plur|POS=PRON|PronType=Rel",
      "Case=Acc|Gender=Neut|Number=Sing|POS=PRON|PronType=Dem",
      "Mood=Sub|Number=Sing|POS=VERB|Person=1|Tense=Past|VerbForm=Fin",
      "Case=Acc|Number=Plur|POS=PRON|Person=3|PronType=Prs",
      "Case=Nom|Degree=Pos|Gender=Neut|Number=Plur|POS=ADJ",
      "Case=Acc|Gender=Neut|Number=Sing|POS=PRON|PronType=Rel",
      "Case=Nom|Gender=Neut|Number=Plur|POS=PRON|PronType=Rel",
      "POS=AUX|VerbForm=Inf",
      "Case=Acc|Gender=Neut|Number=Plur|POS=DET|PronType=Dem",
      "Case=Nom|Gender=Fem|Number=Sing|POS=PRON|Person=3|PronType=Prs",
      "Mood=Ind|Number=Plur|POS=VERB|Person=1|Tense=Pres|VerbForm=Fin",
      "Case=Nom|Number=Plur|POS=PRON|Person=1|PronType=Prs",
      "Case=Acc|Gender=Fem|Number=Plur|POS=DET|PronType=Ind",
      "Case=Nom|Gender=Fem|Number=Plur|POS=PRON|Person=3|PronType=Prs",
      "Case=Acc|POS=PRON|Person=3|PronType=Prs",
      "Case=Gen|Gender=Fem|Number=Sing|POS=DET|Poss=Yes|PronType=Prs",
      "Case=Acc|Definite=Def|Gender=Fem|Number=Plur|POS=DET|PronType=Art",
      "Case=Dat|Gender=Fem|Number=Sing|POS=PROPN",
      "Case=Gen|Degree=Pos|Gender=Neut|Number=Sing|POS=ADJ",
      "Case=Acc|Gender=Fem|Number=Sing|POS=DET|PronType=Ind",
      "Case=Acc|Degree=Pos|Gender=Fem|Number=Plur|POS=ADJ",
      "Case=Nom|Gender=Neut|Number=Sing|POS=PRON|PronType=Rel",
      "Case=Gen|Definite=Ind|Gender=Fem|Number=Sing|POS=DET|PronType=Art",
      "Case=Nom|Gender=Fem|Number=Sing|POS=DET|PronType=Dem",
      "Case=Dat|Gender=Neut|Number=Sing|POS=DET|Poss=Yes|PronType=Prs",
      "Mood=Sub|Number=Plur|POS=AUX|Person=3|Tense=Pres|VerbForm=Fin",
      "POS=ADV|PronType=Int",
      "Case=Nom|Gender=Masc|Number=Sing|POS=PRON|PronType=Int",
      "Case=Dat|Gender=Masc|Number=Sing|POS=PRON|PronType=Int",
      "POS=AUX|VerbForm=Part",
      "Case=Dat|Gender=Neut|Number=Plur|POS=DET|PronType=Ind",
      "Case=Dat|Number=Plur|POS=PRON|PronType=Ind",
      "Case=Nom|Number=Plur|POS=DET|PronType=Dem",
      "Case=Dat|Gender=Neut|Number=Sing|POS=DET|PronType=Dem",
      "Case=Dat|Definite=Def|Gender=Fem|Number=Plur|POS=DET|PronType=Art",
      "Case=Gen|Gender=Fem|Number=Sing|POS=PROPN",
      "Case=Dat|Number=Sing|POS=PRON|Person=3|PronType=Prs|Reflex=Yes",
      "Case=Acc|Number=Plur|POS=PRON|Person=1|PronType=Prs",
      "Case=Acc|Degree=Cmp|Gender=Fem|Number=Sing|POS=ADJ",
      "Case=Gen|Gender=Masc|Number=Sing|POS=DET|PronType=Dem",
      "Mood=Ind|Number=Plur|POS=AUX|Person=1|Tense=Pres|VerbForm=Fin",
      "Case=Dat|Gender=Fem|Number=Plur|POS=DET|PronType=Dem",
      "Case=Nom|Gender=Neut|Number=Sing|POS=DET|PronType=Ind",
      "Case=Dat|Number=Sing|POS=PRON|Person=1|PronType=Prs|Reflex=Yes",
      "Case=Acc|Number=Sing|POS=PRON|Person=1|PronType=Prs",
      "Case=Dat|Degree=Pos|Number=Plur|POS=ADJ",
      "Case=Dat|Number=Sing|POS=PRON|Person=1|PronType=Prs",
      "Case=Nom|Gender=Neut|Number=Sing|POS=PRON|PronType=Ind",
      "Case=Nom|Gender=Neut|Number=Sing|POS=PROPN",
      "Case=Nom|Number=Plur|POS=DET|PronType=Ind",
      "Degree=Sup|POS=ADV",
      "Case=Dat|Gender=Masc|Number=Plur|POS=PRON|PronType=Rel",
      "Case=Nom|Gender=Fem|Number=Sing|POS=PRON|PronType=Ind",
      "Case=Acc|Gender=Fem|Number=Plur|POS=PRON|PronType=Rel",
      "Case=Nom|Number=Sing|POS=NOUN",
      "Case=Acc|Definite=Def|Number=Plur|POS=DET|PronType=Art",
      "Case=Gen|Number=Sing|POS=NOUN",
      "Case=Nom|Gender=Fem|Number=Sing|POS=DET|PronType=Ind",
      "Case=Nom|Degree=Cmp|Gender=Fem|Number=Sing|POS=ADJ",
      "Case=Dat|Gender=Fem|Number=Sing|POS=PRON|Person=3|PronType=Prs",
      "Case=Acc|Gender=Masc|Number=Plur|POS=DET|Poss=Yes|PronType=Prs",
      "Case=Gen|Degree=Cmp|Gender=Masc|Number=Sing|POS=ADJ",
      "Case=Nom|Number=Plur|POS=PRON|PronType=Dem",
      "Case=Nom|Gender=Fem|Number=Sing|POS=PRON|PronType=Dem",
      "Case=Acc|Gender=Masc|Number=Sing|POS=DET|PronType=Ind",
      "Case=Acc|Number=Plur|POS=PRON|PronType=Ind",
      "Case=Dat|Number=Plur|POS=DET|PronType=Ind",
      "Mood=Sub|Number=Sing|POS=VERB|Person=3|Tense=Past|VerbForm=Fin",
      "Case=Dat|Gender=Neut|Number=Sing|POS=PRON|PronType=Rel",
      "Definite=Ind|Gender=Neut|Number=Sing|POS=DET|PronType=Art",
      "Case=Dat|Gender=Neut|Number=Plur|POS=DET|Poss=Yes|PronType=Prs",
      "Case=Dat|Gender=Fem|Number=Sing|POS=DET|PronType=Ind",
      "Case=Acc|Degree=Cmp|Gender=Masc|Number=Plur|POS=ADJ",
      "Gender=Fem|POS=NOUN",
      "Case=Gen|Degree=Sup|Gender=Fem|Number=Plur|POS=ADJ",
      "Case=Dat|Degree=Cmp|Gender=Fem|Number=Sing|POS=ADJ",
      "Case=Dat|Definite=Ind|Gender=Masc|Number=Sing|POS=DET|PronType=Art",
      "Case=Nom|Gender=Masc|Number=Sing|POS=DET|Poss=Yes|PronType=Prs",
      "Case=Dat|Degree=Sup|Gender=Masc|Number=Sing|POS=ADJ",
      "Case=Gen|Gender=Masc|Number=Plur|POS=DET|PronType=Dem",
      "Case=Gen|Gender=Fem|Number=Sing|POS=DET|PronType=Ind",
      "Case=Acc|Gender=Neut|Number=Plur|POS=DET|PronType=Ind",
      "Case=Nom|Gender=Masc|Number=Plur|POS=PRON|PronType=Dem",
      "Case=Gen|Gender=Neut|Number=Plur|POS=DET|PronType=Ind",
      "Case=Nom|Degree=Sup|Gender=Masc|Number=Plur|POS=ADJ",
      "Case=Acc|Gender=Fem|Number=Sing|POS=PRON|PronType=Rel",
      "Case=Nom|Degree=Cmp|Number=Plur|POS=ADJ",
      "Case=Gen|Gender=Fem|Number=Sing|POS=DET|PronType=Rel",
      "Case=Dat|Gender=Fem|Number=Plur|POS=PROPN",
      "Case=Dat|Number=Sing|POS=PROPN",
      "Case=Gen|Degree=Pos|Gender=Masc|Number=Plur|POS=ADJ",
      "Case=Dat|Gender=Masc|Number=Plur|POS=DET|PronType=Ind",
      "Case=Dat|Gender=Masc|Number=Sing|POS=DET|PronType=Dem",
      "Case=Dat|Gender=Neut|Number=Plur|POS=PRON|PronType=Rel",
      "Case=Nom|Gender=Neut|Number=Sing|POS=DET|PronType=Dem",
      "Case=Acc|Gender=Neut|Number=Sing|POS=PRON|PronType=Ind",
      "Case=Nom|Number=Plur|POS=PROPN",
      "Mood=Sub|Number=Plur|POS=VERB|Person=3|Tense=Past|VerbForm=Fin",
      "Case=Acc|Number=Plur|POS=PRON|Person=1|PronType=Prs|Reflex=Yes",
      "Case=Gen|Gender=Fem|Number=Plur|POS=PRON|PronType=Rel",
      "Case=Gen|Gender=Masc|Number=Plur|POS=DET|PronType=Rel",
      "Case=Gen|Gender=Neut|Number=Plur|POS=DET|Poss=Yes|PronType=Prs",
      "Case=Gen|Number=Plur|POS=DET|PronType=Rel",
      "Case=Dat|Degree=Sup|Gender=Fem|Number=Plur|POS=ADJ",
      "Case=Nom|Gender=Neut|Number=Plur|POS=DET|PronType=Dem",
      "Case=Nom|Degree=Cmp|Gender=Neut|Number=Plur|POS=ADJ",
      "Case=Nom|Gender=Fem|Number=Plur|POS=PROPN",
      "Case=Dat|Gender=Fem|Number=Plur|POS=DET|PronType=Ind",
      "Case=Nom|Degree=Sup|Gender=Fem|Number=Sing|POS=ADJ",
      "Case=Gen|Degree=Pos|Number=Plur|POS=ADJ",
      "Case=Acc|Gender=Fem|Number=Sing|POS=PRON|Person=3|PronType=Prs",
      "Case=Acc|Gender=Fem|Number=Sing|POS=DET|PronType=Dem",
      "Case=Gen|Gender=Fem|Number=Sing|POS=DET|PronType=Dem",
      "Case=Dat|Gender=Fem|Number=Plur|POS=PRON|PronType=Ind",
      "Case=Nom|Degree=Cmp|Gender=Fem|Number=Plur|POS=ADJ",
      "Case=Dat|Number=Plur|POS=PRON|PronType=Dem",
      "Case=Nom|Gender=Masc|Number=Sing|POS=PRON|PronType=Dem",
      "Case=Acc|Degree=Cmp|Gender=Masc|Number=Sing|POS=ADJ",
      "Case=Acc|Number=Plur|POS=DET|PronType=Dem",
      "Case=Nom|Gender=Fem|Number=Plur|POS=DET|Poss=Yes|PronType=Prs",
      "Case=Acc|Gender=Masc|Number=Plur|POS=PRON|Person=3|PronType=Prs",
      "Case=Dat|Gender=Fem|Number=Sing|POS=PRON|PronType=Rel",
      "Gender=Masc|Number=Sing|POS=NOUN",
      "Case=Gen|Gender=Neut|Number=Sing|POS=DET|PronType=Dem",
      "Case=Gen|Gender=Masc|Number=Sing|POS=DET|Poss=Yes|PronType=Prs",
      "Case=Nom|Definite=Ind|Number=Sing|POS=DET|PronType=Art",
      "Case=Acc|Number=Plur|POS=PRON|Poss=Yes|PronType=Prs",
      "Mood=Ind|Number=Sing|POS=AUX|Person=1|Tense=Pres|VerbForm=Fin",
      "Case=Dat|Gender=Fem|Number=Sing|POS=DET|PronType=Int",
      "Case=Nom|Gender=Masc|Number=Sing|POS=DET|PronType=Dem",
      "Gender=Fem|Number=Sing|POS=DET|Poss=Yes|PronType=Prs",
      "Gender=Fem|Number=Sing|POS=NOUN",
      "Case=Gen|Gender=Fem|Number=Plur|POS=DET|Poss=Yes|PronType=Prs",
      "Case=Gen|Gender=Fem|Number=Plur|POS=PRON|PronType=Dem",
      "Case=Acc|Gender=Fem|Number=Plur|POS=PRON|Person=3|PronType=Prs",
      "Case=Gen|Gender=Fem|Number=Sing|POS=DET|PronType=Int",
      "Case=Dat|Gender=Fem|Number=Sing|POS=DET|PronType=Dem",
      "Case=Dat|Gender=Masc|Number=Sing|POS=DET|PronType=Ind",
      "Case=Acc|Gender=Neut|Number=Plur|POS=DET|Poss=Yes|PronType=Prs",
      "Case=Nom|Gender=Fem|Number=Sing|POS=DET|PronType=Rel",
      "Case=Gen|Gender=Fem|Number=Plur|POS=DET|PronType=Ind",
      "Case=Dat|Gender=Fem|Number=Plur|POS=PRON|Person=3|PronType=Prs",
      "Case=Acc|Degree=Cmp|Number=Plur|POS=ADJ",
      "Case=Gen|Number=Plur|POS=PRON|PronType=Dem",
      "Case=Nom|Gender=Neut|Number=Plur|POS=PRON|Person=3|PronType=Prs",
      "Case=Acc|Gender=Fem|Number=Sing|POS=PRON|PronType=Ind",
      "Case=Acc|Degree=Sup|Gender=Neut|Number=Sing|POS=ADJ",
      "Case=Acc|Degree=Cmp|Gender=Fem|Number=Plur|POS=ADJ",
      "Case=Dat|Gender=Neut|Number=Plur|POS=DET|PronType=Dem",
      "Case=Acc|Gender=Masc|Number=Plur|POS=PRON|PronType=Ind",
      "Case=Nom|Gender=Masc|Number=Plur|POS=PRON|PronType=Ind",
      "Mood=Sub|Number=Sing|POS=AUX|Person=1|Tense=Past|VerbForm=Fin",
      "Case=Nom|Gender=Fem|Number=Plur|POS=PRON|PronType=Dem",
      "Gender=Masc|Number=Plur|POS=NOUN",
      "Case=Nom|Degree=Cmp|Gender=Neut|Number=Sing|POS=ADJ",
      "Gender=Neut|POS=PROPN",
      "Case=Acc|Gender=Neut|Number=Plur|POS=PROPN",
      "Case=Gen|Degree=Sup|Gender=Neut|Number=Plur|POS=ADJ",
      "Case=Dat|Degree=Sup|Gender=Neut|Number=Plur|POS=ADJ",
      "Degree=Pos|Gender=Fem|Number=Sing|POS=ADJ",
      "Case=Dat|Gender=Neut|Number=Plur|POS=PRON|Person=3|PronType=Prs",
      "Gender=Masc|POS=PROPN",
      "Case=Dat|Gender=Masc|Number=Sing|POS=PRON|PronType=Dem",
      "Case=Nom|POS=PROPN",
      "Case=Acc|Gender=Masc|Number=Plur|POS=DET|PronType=Dem",
      "Case=Nom|Gender=Neut|Number=Plur|POS=PRON|PronType=Ind",
      "Case=Gen|Gender=Neut|Number=Plur|POS=DET|PronType=Dem",
      "Case=Gen|Gender=Masc|Number=Plur|POS=PRON|PronType=Dem",
      "Case=Acc|Gender=Neut|Number=Plur|POS=PRON|Person=3|PronType=Prs",
      "Case=Dat|Gender=Masc|Number=Plur|POS=DET|PronType=Dem",
      "Case=Dat|Gender=Masc|Number=Plur|POS=DET|Poss=Yes|PronType=Prs",
      "Case=Gen|Gender=Masc|Number=Plur|POS=DET|PronType=Ind",
      "Case=Acc|Gender=Masc|Number=Plur|POS=PRON|PronType=Rel",
      "Case=Acc|Gender=Neut|Number=Plur|POS=DET|PronType=Int",
      "Definite=Def|Gender=Fem|Number=Sing|POS=DET|PronType=Art",
      "Case=Acc|Gender=Neut|Number=Sing|POS=DET|PronType=Dem",
      "Case=Gen|Degree=Cmp|Gender=Masc|Number=Plur|POS=ADJ",
      "Case=Gen|Gender=Fem|Number=Sing|POS=PRON|PronType=Dem",
      "Case=Dat|Number=Sing|POS=PRON|Person=3|PronType=Prs",
      "Case=Gen|Degree=Sup|Gender=Masc|Number=Plur|POS=ADJ",
      "Case=Acc|Gender=Fem|Number=Sing|POS=PRON|Person=1|PronType=Prs",
      "Case=Gen|Gender=Neut|Number=Sing|POS=DET|PronType=Rel",
      "Case=Acc|Gender=Fem|Number=Plur|POS=PROPN",
      "Case=Acc|Number=Plur|POS=PROPN",
      "Case=Nom|Gender=Neut|Number=Plur|POS=DET|Poss=Yes|PronType=Prs",
      "Case=Acc|Number=Plur|POS=DET|PronType=Ind",
      "Case=Dat|Definite=Ind|Number=Sing|POS=DET|PronType=Art",
      "Case=Dat|Number=Sing|POS=PRON|PronType=Rel",
      "Case=Gen|Degree=Cmp|Gender=Neut|Number=Plur|POS=ADJ",
      "Case=Dat|Number=Sing|POS=ADP",
      "Case=Gen|Gender=Fem|Number=Plur|POS=DET|PronType=Rel",
      "Mood=Imp|Number=Sing|POS=VERB|Person=2",
      "Case=Nom|Degree=Cmp|Gender=Masc|Number=Plur|POS=ADJ",
      "Case=Nom|Degree=Cmp|Gender=Masc|Number=Sing|POS=ADJ",
      "Case=Gen|Gender=Fem|Number=Plur|POS=PROPN",
      "Case=Acc|Gender=Masc|POS=NOUN",
      "Case=Dat|Degree=Sup|Gender=Neut|Number=Sing|POS=ADJ",
      "Case=Dat|Gender=Fem|Number=Sing|POS=PRON|PronType=Ind",
      "Case=Dat|Degree=Cmp|Gender=Neut|Number=Sing|POS=ADJ",
      "Case=Gen|Gender=Neut|Number=Sing|POS=PRON|PronType=Ind",
      "Case=Acc|Degree=Sup|Gender=Fem|Number=Plur|POS=ADJ",
      "Case=Acc|Degree=Cmp|Gender=Neut|Number=Sing|POS=ADJ",
      "Case=Gen|Degree=Sup|Gender=Masc|Number=Sing|POS=ADJ",
      "Case=Gen|Degree=Sup|Gender=Neut|Number=Sing|POS=ADJ",
      "Gender=Neut|Number=Sing|POS=NOUN",
      "POS=NOUN",
      "Case=Dat|Gender=Neut|Number=Sing|POS=DET|PronType=Int",
      "Case=Nom|Gender=Fem|Number=Sing|POS=PRON|Person=1|PronType=Prs",
      "Case=Nom|Gender=Masc|Number=Plur|POS=DET|PronType=Dem",
      "Case=Gen|Number=Sing|POS=DET|PronType=Rel",
      "Case=Gen|Gender=Fem|Number=Plur|POS=DET|PronType=Dem",
      "Case=Dat|POS=PROPN",
      "Case=Gen|Definite=Def|POS=DET|PronType=Art",
      "Case=Gen|POS=PROPN",
      "Case=Acc|Number=Sing|POS=NOUN",
      "Case=Gen|Degree=Sup|Gender=Fem|Number=Sing|POS=ADJ",
      "Case=Dat|Degree=Cmp|Gender=Masc|Number=Sing|POS=ADJ",
      "Mood=Imp|Number=Plur|POS=VERB|Person=2",
      "Case=Dat|Degree=Cmp|Gender=Masc|Number=Plur|POS=ADJ",
      "Case=Dat|Number=Plur|POS=PRON|Person=1|PronType=Prs|Reflex=Yes",
      "Case=Nom|Gender=Masc|Number=Sing|POS=PRON|Person=1|PronType=Prs",
      "Case=Acc|Gender=Masc|Number=Sing|POS=PRON|PronType=Rel",
      "Case=Nom|Gender=Masc|Number=Plur|POS=PRON|Person=1|PronType=Prs",
      "Case=Gen|Gender=Neut|Number=Sing|POS=PRON|PronType=Dem",
      "Case=Gen|Gender=Fem|Number=Sing|POS=PRON|Person=3|PronType=Prs",
      "Case=Gen|Degree=Cmp|Gender=Fem|Number=Sing|POS=ADJ",
      "Case=Nom|Gender=Masc|Number=Sing|POS=DET|PronType=Int",
      "Case=Gen|POS=PRON|PronType=Dem",
      "Definite=Ind|POS=DET|PronType=Art",
      "Mood=Ind|Number=Sing|POS=AUX|Person=1|Tense=Past|VerbForm=Fin",
      "Case=Nom|Degree=Sup|Gender=Neut|Number=Plur|POS=ADJ",
      "Case=Acc|Gender=Masc|Number=Sing|POS=DET|PronType=Int",
      "Case=Dat|POS=PRON|PronType=Dem",
      "Gender=Masc|Number=Sing|POS=PROPN",
      "Case=Gen|Degree=Cmp|Gender=Neut|Number=Sing|POS=ADJ",
      "Case=Acc|Gender=Neut|Number=Sing|POS=PRON|Poss=Yes|PronType=Prs",
      "Case=Acc|Gender=Fem|Number=Sing|POS=PRON|PronType=Dem",
      "Gender=Neut|Number=Sing|POS=PROPN",
      "Case=Dat|Gender=Neut|Number=Sing|POS=PRON|PronType=Dem",
      "Case=Dat|Number=Sing|POS=PRON|PronType=Dem",
      "Case=Dat|Gender=Neut|Number=Sing|POS=PRON|Person=3|PronType=Prs",
      "Case=Dat|Degree=Cmp|Number=Sing|POS=ADJ",
      "Case=Dat|Degree=Pos|Number=Sing|POS=ADJ",
      "POS=DET|Poss=Yes|PronType=Prs",
      "Case=Gen|Number=Sing|POS=PRON|PronType=Dem",
      "Gender=Fem|Number=Sing|POS=PROPN",
      "Case=Nom|Degree=Sup|Gender=Neut|Number=Sing|POS=ADJ",
      "Mood=Ind|Number=Plur|POS=AUX|Person=1|Tense=Past|VerbForm=Fin",
      "Case=Nom|Gender=Masc|Number=Plur|POS=PROPN",
      "Case=Nom|Degree=Sup|Gender=Fem|Number=Plur|POS=ADJ",
      "Case=Nom|Number=Sing|POS=PRON|Person=2|PronType=Prs",
      "Mood=Ind|Number=Sing|POS=VERB|Person=2|Tense=Pres|VerbForm=Fin",
      "Case=Acc|Number=Plur|POS=PRON|PronType=Dem",
      "Case=Nom|POS=PRON|Person=3|PronType=Prs",
      "Mood=Ind|Number=Sing|POS=AUX|Person=2|Tense=Pres|VerbForm=Fin",
      "Case=Nom|Gender=Fem|Number=Sing|POS=PRON|Person=2|PronType=Prs",
      "Case=Dat|Number=Sing|POS=PRON|Person=2|PronType=Prs",
      "Case=Acc|Number=Sing|POS=PRON|Person=2|PronType=Prs",
      "Case=Nom|Number=Sing|POS=PRON|PronType=Int",
      "Mood=Sub|Number=Sing|POS=AUX|Person=1|Tense=Pres|VerbForm=Fin",
      "Mood=Ind|Number=Sing|POS=VERB|Person=1|Tense=Past|VerbForm=Fin",
      "Mood=Ind|Number=Plur|POS=VERB|Person=1|Tense=Past|VerbForm=Fin",
      "Case=Nom|Gender=Masc|Number=Plur|POS=PRON|PronType=Int",
      "Case=Dat|Gender=Masc|Number=Plur|POS=PRON|PronType=Ind",
      "Case=Nom|Number=Sing|POS=DET|Poss=Yes|PronType=Prs",
      "Case=Gen|Gender=Neut|Number=Plur|POS=DET|PronType=Rel",
      "Case=Acc|Gender=Neut|Number=Sing|POS=DET|PronType=Int",
      "Case=Acc|Gender=Fem|Number=Plur|POS=PRON|PronType=Ind",
      "Case=Dat|Degree=Sup|Gender=Masc|Number=Plur|POS=ADJ",
      "Case=Acc|Number=Plur|POS=DET|Poss=Yes|PronType=Prs",
      "Case=Dat|Gender=Masc|Number=Sing|POS=PRON|Person=1|PronType=Prs",
      "Case=Dat|Gender=Neut|Number=Plur|POS=PRON|PronType=Ind",
      "Case=Dat|Gender=Fem|Number=Plur|POS=PRON|PronType=Dem",
      "Case=Gen|Number=Plur|POS=DET|PronType=Ind",
      "Case=Gen|Gender=Masc|Number=Sing|POS=DET|PronType=Ind",
      "Case=Dat|Gender=Fem|Number=Sing|POS=PRON|PronType=Dem",
      "Case=Dat|Gender=Neut|Number=Sing|POS=DET|PronType=Ind",
      "Case=Gen|Degree=Cmp|Gender=Fem|Number=Plur|POS=ADJ",
      "Case=Acc|Degree=Cmp|Gender=Neut|Number=Plur|POS=ADJ",
      "Case=Acc|Gender=Masc|Number=Sing|POS=PRON|PronType=Dem",
      "Case=Dat|Gender=Masc|Number=Sing|POS=DET|PronType=Int",
      "Case=Nom|Number=Plur|POS=DET|Poss=Yes|PronType=Prs",
      "Case=Acc|Number=Sing|POS=PRON|PronType=Ind",
      "Definite=Ind|Gender=Fem|Number=Sing|POS=DET|PronType=Art",
      "Mood=Sub|Number=Plur|POS=VERB|Person=3|Tense=Pres|VerbForm=Fin",
      "Case=Gen|Number=Plur|POS=DET|PronType=Dem",
      "Gender=Neut|POS=DET|PronType=Ind",
      "Case=Dat|Number=Sing|POS=PRON|PronType=Ind",
      "Case=Nom|Number=Plur|POS=PRON|Person=2|PronType=Prs",
      "Mood=Ind|Number=Plur|POS=AUX|Person=2|Tense=Pres|VerbForm=Fin",
      "Mood=Ind|Number=Plur|POS=VERB|Person=2|Tense=Pres|VerbForm=Fin",
      "Case=Dat|Number=Plur|POS=PRON|Person=2|PronType=Prs",
      "Case=Acc|Number=Sing|POS=PRON|Person=1|PronType=Prs|Reflex=Yes",
      "Case=Nom|Gender=Masc|Number=Sing|POS=PRON|Poss=Yes|PronType=Prs",
      "Case=Nom|Gender=Masc|Number=Sing|POS=PRON|Person=2|PronType=Prs",
      "Case=Acc|Gender=Masc|Number=Sing|POS=PRON|Person=2|PronType=Prs",
      "Case=Nom|Gender=Neut|Number=Sing|POS=DET|PronType=Int",
      "Case=Dat|Gender=Neut|Number=Plur|POS=DET|PronType=Int",
      "Case=Acc|Gender=Fem|Number=Sing|POS=DET|PronType=Int",
      "Case=Gen|Number=Plur|POS=PRON|PronType=Ind",
      "Mood=Sub|Number=Sing|POS=VERB|Person=1|Tense=Pres|VerbForm=Fin",
      "Case=Acc|Number=Sing|POS=PRON|PronType=Int",
      "Case=Nom|Gender=Fem|Number=Plur|POS=PRON|Person=1|PronType=Prs",
      "Case=Acc|POS=PRON|PronType=Dem",
      "Mood=Sub|Number=Plur|POS=AUX|Person=1|Tense=Past|VerbForm=Fin",
      "Mood=Sub|Number=Plur|POS=VERB|Person=1|Tense=Past|VerbForm=Fin",
      "Case=Acc|Degree=Sup|Gender=Masc|Number=Plur|POS=ADJ",
      "Case=Acc|Gender=Masc|Number=Plur|POS=PRON|PronType=Dem",
      "Case=Gen|Degree=Pos|POS=ADJ",
      "Case=Acc|Gender=Fem|Number=Plur|POS=PRON|PronType=Dem",
      "Case=Gen|Number=Plur|POS=PRON|Poss=Yes|PronType=Prs",
      "Case=Dat|Gender=Neut|Number=Plur|POS=PRON|PronType=Dem",
      "Mood=Imp|Number=Plur|POS=AUX|Person=2",
      "Case=Dat|Number=Sing|POS=PRON|PronType=Int",
      "Mood=Sub|Number=Sing|POS=VERB|Person=2|Tense=Past|VerbForm=Fin",
      "Case=Acc|Number=Sing|POS=PRON|Person=2|PronType=Prs|Reflex=Yes",
      "Case=Dat|Gender=Fem|Number=Plur|POS=DET|PronType=Int",
      "Case=Dat|Gender=Masc|Number=Plur|POS=PROPN",
      "Case=Acc|Gender=Neut|Number=Plur|POS=PRON|PronType=Dem",
      "Mood=Sub|Number=Plur|POS=AUX|Person=1|Tense=Pres|VerbForm=Fin",
      "Case=Acc|Number=Sing|POS=PRON|PronType=Rel",
      "Case=Acc|Number=Sing|POS=PRON|PronType=Dem",
      "Case=Nom|Number=Sing|POS=PRON|PronType=Rel",
      "Case=Dat|Degree=Cmp|Gender=Neut|Number=Plur|POS=ADJ",
      "Case=Dat|Definite=Def|Number=Sing|POS=DET|PronType=Art",
      "Gender=Neut|Number=Plur|POS=NOUN",
      "Case=Dat|Degree=Cmp|Number=Plur|POS=ADJ",
      "Gender=Fem|POS=PROPN",
      "Case=Acc|Gender=Neut|Number=Plur|POS=PRON|PronType=Int",
      "Case=Gen|Definite=Def|Number=Sing|POS=DET|PronType=Art",
      "Case=Gen|Degree=Pos|Number=Sing|POS=ADJ",
      "Case=Nom|Number=Sing|POS=PRON|Person=3|PronType=Prs",
      "Case=Nom|Gender=Fem|Number=Plur|POS=DET|PronType=Int",
      "Case=Gen|Gender=Neut|Number=Sing|POS=DET|PronType=Ind",
      "Gender=Fem|Number=Plur|POS=NOUN",
      "Gender=Fem|POS=PRON|PronType=Ind",
      "Case=Nom|Definite=Def|Number=Sing|POS=DET|PronType=Art",
      "Mood=Ind|Number=Plur|POS=VERB|Person=2|Tense=Past|VerbForm=Fin",
      "Case=Nom|Gender=Neut|Number=Sing|POS=DET|PronType=Rel",
      "Case=Dat|Degree=Sup|Number=Plur|POS=ADJ",
      "Case=Nom|Degree=Pos|Number=Sing|POS=ADJ",
      "Case=Acc|Degree=Sup|Number=Plur|POS=ADJ",
      "Case=Nom|Gender=Neut|Number=Plur|POS=PROPN",
      "Case=Dat|Gender=Neut|Number=Plur|POS=PROPN",
      "Case=Acc|Gender=Neut|Number=Plur|POS=PRON|Poss=Yes|PronType=Prs",
      "Case=Acc|Number=Plur|POS=PRON|Person=2|PronType=Prs",
      "Case=Dat|Number=Sing|POS=DET|PronType=Ind",
      "Case=Nom|Gender=Fem|Number=Sing|POS=DET",
      "Case=Nom|Gender=Masc|POS=NOUN",
      "Case=Nom|POS=NOUN",
      "Case=Gen|POS=NOUN",
      "Degree=Cmp|Gender=Fem|Number=Sing|POS=ADJ",
      "Degree=Pos|Gender=Neut|Number=Sing|POS=ADJ",
      "Case=Acc|Definite=Def|POS=DET|PronType=Art",
      "Case=Acc|POS=PROPN",
      "Case=Nom|Number=Plur|POS=DET|PronType=Int",
      "Case=Gen|Degree=Cmp|Number=Plur|POS=ADJ",
      "Case=Acc|Gender=Neut|POS=NOUN",
      "Case=Gen|POS=DET|PronType=Rel",
      "Case=Dat|Number=Sing|POS=PRON|Poss=Yes|PronType=Prs",
      "POS=DET|PronType=Int",
      "Definite=Ind|Gender=Neut|POS=DET|PronType=Art",
      "Case=Dat|POS=NOUN",
      "Case=Acc|Definite=Ind|Number=Sing|POS=DET|PronType=Art",
      "Case=Nom|Gender=Neut|POS=NOUN",
      "Definite=Def|Gender=Masc|Number=Sing|POS=DET|PronType=Art",
      "Degree=Pos|Gender=Masc|Number=Sing|POS=ADJ",
      "Case=Dat|Number=Plur|POS=DET|PronType=Dem",
      "Case=Acc|Gender=Masc|Number=Sing|POS=PRON|PronType=Int",
      "Case=Nom|Gender=Masc|Number=Sing|POS=DET|PronType=Rel",
      "Case=Acc|Gender=Masc|Number=Plur|POS=PROPN",
      "Case=Acc|Number=Sing|POS=PRON|Person=3|PronType=Prs",
      "Case=Acc|Gender=Fem|Number=Plur|POS=PRON|PronType=Int",
      "Case=Acc|Gender=Masc|Number=Plur|POS=DET|PronType=Int",
      "Case=Gen|Number=Sing|POS=PRON|PronType=Ind",
      "Case=Acc|POS=NOUN",
      "Case=Gen|Number=Sing|POS=PRON|Person=3|PronType=Prs",
      "Case=Gen|Gender=Neut|Number=Plur|POS=PRON|PronType=Dem",
      "Case=Gen|Gender=Masc|Number=Sing|POS=PRON|PronType=Ind",
      "Case=Gen|Gender=Neut|Number=Plur|POS=PROPN",
      "Case=Nom|Definite=Def|POS=DET|PronType=Art",
      "Case=Nom|Degree=Pos|POS=ADJ",
      "Gender=Fem|Number=Sing|POS=DET|PronType=Ind",
      "Case=Acc|Gender=Masc|Number=Sing|POS=PRON|Person=1|PronType=Prs",
      "Case=Acc|Gender=Masc|Number=Plur|POS=PRON|Person=1|PronType=Prs",
      "Degree=Pos|Gender=Fem|Number=Plur|POS=ADJ",
      "Case=Nom|Gender=Masc|Number=Plur|POS=DET|PronType=Int",
      "Definite=Def|Gender=Fem|Number=Plur|POS=DET|PronType=Art",
      "Case=Acc|Number=Plur|POS=PRON|Person=2|PronType=Prs|Reflex=Yes",
      "Case=Gen|Number=Plur|POS=PRON|Person=3|PronType=Prs",
      "Case=Gen|Definite=Ind|Number=Sing|POS=DET|PronType=Art",
      "Case=Gen|Gender=Fem|Number=Sing|POS=PRON|PronType=Ind",
      "Case=Gen|Number=Sing|POS=DET|Poss=Yes|PronType=Prs",
      "Case=Dat|Gender=Masc|Number=Plur|POS=PRON|PronType=Dem",
      "Case=Nom|Number=Plur|POS=PRON|PronType=Int",
      "Case=Dat|Gender=Neut|POS=NOUN",
      "Case=Acc|Gender=Neut|Number=Plur|POS=PRON|PronType=Ind",
      "Case=Dat|Gender=Masc|Number=Plur|POS=DET|PronType=Int",
      "Case=Acc|Definite=Def|Number=Sing|POS=DET|PronType=Art",
      "Case=Nom|Gender=Masc|Number=Plur|POS=DET|PronType=Rel",
      "Degree=Cmp|POS=ADJ",
      "Case=Dat|Gender=Neut|Number=Sing|POS=PRON|Poss=Yes|PronType=Prs",
      "Case=Nom|Gender=Fem|Number=Sing|POS=PRON|Poss=Yes|PronType=Prs",
      "Case=Dat|Gender=Fem|Number=Sing|POS=PRON|Poss=Yes|PronType=Prs",
      "Case=Acc|Number=Sing|POS=DET|Poss=Yes|PronType=Prs",
      "POS=ADJ",
      "Case=Nom|Gender=Neut|Number=Plur|POS=DET|PronType=Int",
      "Case=Acc|Degree=Pos|POS=ADJ",
      "Case=Gen|POS=PRON|PronType=Int",
      "Case=Acc|Definite=Ind|Gender=Neut|Number=Plur|POS=DET|PronType=Art",
      "Definite=Def|Number=Plur|POS=DET|PronType=Art",
      "Degree=Pos|Number=Plur|POS=ADJ",
      "Number=Plur|POS=NOUN",
      "POS=PRON|PronType=Int",
      "Case=Gen|Degree=Sup|Number=Plur|POS=ADJ",
      "Case=Dat|Gender=Masc|POS=NOUN",
      "Gender=Fem|Number=Plur|POS=DET|PronType=Ind",
      "Gender=Fem|POS=DET|PronType=Dem",
      "Case=Acc|POS=PRON|PronType=Ind",
      "Case=Gen|Number=Sing|POS=DET|PronType=Int",
      "Case=Gen|Gender=Neut|Number=Plur|POS=PRON|PronType=Rel",
      "Case=Nom|Gender=Fem|POS=NOUN",
      "Case=Nom|Number=Sing|POS=PRON|Person=3|PronType=Prs|Reflex=Yes",
      "Mood=Sub|Number=Sing|POS=AUX|Person=2|Tense=Pres|VerbForm=Fin",
      "Case=Gen|Gender=Neut|Number=Sing|POS=PRON|PronType=Rel",
      "Case=Nom|Gender=Masc|Number=Sing|POS=ADP",
      "Case=Nom|Gender=Masc|POS=PROPN",
      "Definite=Def|POS=DET|PronType=Art",
      "Mood=Ind|Number=Sing|POS=VERB|Person=2|Tense=Past|VerbForm=Fin",
      "Case=Acc|Degree=Pos|Number=Sing|POS=ADJ",
      "Case=Acc|Number=Sing|POS=DET|PronType=Ind",
      "Case=Nom|Number=Sing|POS=PRON|PronType=Dem",
      "Case=Nom|Number=Sing|POS=DET|PronType=Ind",
      "Case=Dat|Gender=Fem|Number=Sing|POS=PRON|Person=1|PronType=Prs",
      "Case=Dat|POS=PRON|Person=3|PronType=Prs",
      "Case=Dat|POS=PRON|Person=3|PronType=Prs|Reflex=Yes",
      "Mood=Imp|Number=Sing|POS=AUX|Person=2",
      "Gender=Fem|Number=Sing|POS=DET|PronType=Dem",
      "Case=Gen|Gender=Masc|Number=Sing|POS=PRON|PronType=Rel",
      "Case=Acc|Gender=Masc|Number=Sing|POS=ADP",
      "Definite=Ind|Gender=Masc|Number=Sing|POS=DET|PronType=Art",
      "Mood=Sub|Number=Sing|POS=VERB|Person=2|Tense=Pres|VerbForm=Fin",
      "Case=Nom|Degree=Sup|Number=Plur|POS=ADJ",
      "Case=Gen|Gender=Masc|Number=Plur|POS=PROPN",
      "Case=Acc|Gender=Fem|Number=Plur|POS=PRON|Person=1|PronType=Prs",
      "Gender=Fem|Number=Plur|POS=DET|Poss=Yes|PronType=Prs",
      "Case=Dat|Gender=Masc|POS=PROPN",
      "Case=Gen|Gender=Fem|Number=Sing|POS=DET",
      "Case=Gen|Gender=Fem|Number=Sing|POS=PRON|PronType=Rel",
      "Case=Acc|Gender=Fem|Number=Sing|POS=PRON|PronType=Int",
      "Case=Nom|POS=PRON|PronType=Ind",
      "Case=Nom|Number=Plur|POS=PRON|Person=3|PronType=Prs|Reflex=Yes",
      "Case=Gen|Definite=Def|Gender=Fem|POS=DET|PronType=Art",
      "Case=Gen|Gender=Masc|Number=Plur|POS=PRON|Person=3|PronType=Prs",
      "Case=Acc|Gender=Masc|Number=Plur|POS=PRON|Person=2|PronType=Prs",
      "Case=Gen|POS=DET|PronType=Dem",
      "Case=Nom|Gender=Masc|Number=Plur|POS=PRON|Poss=Yes|PronType=Prs",
      "Gender=Masc|POS=PRON|PronType=Ind",
      "Gender=Neut|Number=Sing|POS=PRON|Person=3|PronType=Prs",
      "Case=Nom|Gender=Fem|POS=PRON|PronType=Ind",
      "Case=Nom|Gender=Fem|POS=PROPN",
      "Gender=Neut|Number=Plur|POS=PROPN",
      "Gender=Masc|Number=Sing|POS=PRON|PronType=Ind"
    ],
    "parser": [
      "ROOT",
      "ac",
      "adc",
      "ag",
      "ams",
      "app",
      "avc",
      "cc",
      "cd",
      "cj",
      "cm",
      "cp",
      "cvc",
      "da",
      "dep",
      "dm",
      "ep",
      "ju",
      "mnr",
      "mo",
      "ng",
      "nk",
      "nmc",
      "oa",
      "oc",
      "og",
      "op",
      "par",
      "pd",
      "pg",
      "ph",
      "pm",
      "pnc",
      "punct",
      "rc",
      "re",
      "rs",
      "sb",
      "sbp",
      "svp",
      "uc",
      "vo"
    ],
    "senter": [
      "I",
      "S"
    ],
    "attribute_ruler": [],
    "lemmatizer": [],
    "ner": [
      "LOC",
      "MISC",
      "ORG",
      "PER"
    ]
  },
  "pipeline": [
    "tok2vec",
    "tagger",
    "morphologizer",
    "parser",
    "attribute_ruler",
    "lemmatizer",
    "ner"
  ],
  "components": [
    "tok2vec",
    "tagger",
    "morphologizer",
    "parser",
    "senter",
    "attribute_ruler",
    "lemmatizer",
    "ner"
  ],
  "disabled": [
    "senter"
  ],
  "performance": {
    "tag_acc": 0.9744020087,
    "sents_p": 0.9387157498,
    "sents_r": 0.9509490341,
    "sents_f": 0.9347895787,
    "ents_p": 0.8324441352,
    "ents_r": 0.817100541,
    "ents_f": 0.8247009772,
    "ents_per_type": {
      "LOC": {
        "p": 0.8511961494,
        "r": 0.8555382589,
        "f": 0.8533616808
      },
      "PER": {
        "p": 0.8604854682,
        "r": 0.8831844183,
        "f": 0.8716871967
      },
      "ORG": {
        "p": 0.77281491,
        "r": 0.7230907998,
        "f": 0.7471264368
      },
      "MISC": {
        "p": 0.7870730353,
        "r": 0.70772208,
        "f": 0.7452913914
      }
    },
    "speed": 9881.1564149595,
    "token_acc": 0.9998017682,
    "token_p": 0.9991808044,
    "token_r": 0.9990356034,
    "token_f": 0.9991081986,
    "pos_acc": 0.9806131888,
    "morph_acc": 0.9081982595,
    "morph_micro_p": 0.9515477558,
    "morph_micro_r": 0.9522164083,
    "morph_micro_f": 0.9518819647,
    "morph_per_feat": {
      "Case": {
        "p": 0.9112857643,
        "r": 0.9135479345,
        "f": 0.9124154472
      },
      "Definite": {
        "p": 0.9962371722,
        "r": 0.9964644161,
        "f": 0.9963507812
      },
      "Gender": {
        "p": 0.9300324131,
        "r": 0.9393768345,
        "f": 0.9346812693
      },
      "Number": {
        "p": 0.9707086833,
        "r": 0.9718554552,
        "f": 0.9712817307
      },
      "PronType": {
        "p": 0.9925227568,
        "r": 0.990188924,
        "f": 0.9913544669
      },
      "Degree": {
        "p": 0.9754342867,
        "r": 0.9703264095,
        "f": 0.9728736437
      },
      "VerbForm": {
        "p": 0.955546011,
        "r": 0.955546011,
        "f": 0.955546011
      },
      "Mood": {
        "p": 0.9655403145,
        "r": 0.9570552147,
        "f": 0.9612790407
      },
      "Person": {
        "p": 0.9756470916,
        "r": 0.9683701657,
        "f": 0.971995009
      },
      "Tense": {
        "p": 0.9652567976,
        "r": 0.9567459657,
        "f": 0.9609825382
      },
      "Reflex": {
        "p": 1.0,
        "r": 0.9976303318,
        "f": 0.9988137604
      },
      "Poss": {
        "p": 0.9958847737,
        "r": 1.0,
        "f": 0.9979381443
      },
      "Foreign": {
        "p": 0.6216216216,
        "r": 0.1155778894,
        "f": 0.1949152542
      }
    },
    "dep_uas": 0.9201703713,
    "dep_las": 0.8991150974,
    "dep_las_per_type": {
      "cp": {
        "p": 0.9546279492,
        "r": 0.9616087751,
        "f": 0.9581056466
      },
      "nk": {
        "p": 0.9750719468,
        "r": 0.9796383776,
        "f": 0.9773498283
      },
      "sb": {
        "p": 0.9110338836,
        "r": 0.919663217,
        "f": 0.9153282123
      },
      "ag": {
        "p": 0.9457700651,
        "r": 0.9640685462,
        "f": 0.9548316452
      },
      "mnr": {
        "p": 0.7323190789,
        "r": 0.7486338798,
        "f": 0.740386614
      },
      "mo": {
        "p": 0.783454745,
        "r": 0.7941533482,
        "f": 0.7887677701
      },
      "oc": {
        "p": 0.9119478209,
        "r": 0.925948224,
        "f": 0.9188946975
      },
      "root": {
        "p": 0.96751886,
        "r": 0.9541227526,
        "f": 0.960774113
      },
      "rc": {
        "p": 0.6826484018,
        "r": 0.6704035874,
        "f": 0.6764705882
      },
      "op": {
        "p": 0.7065217391,
        "r": 0.5812220566,
        "f": 0.6377759608
      },
      "pm": {
        "p": 0.994269341,
        "r": 0.9971264368,
        "f": 0.9956958393
      },
      "nmc": {
        "p": 0.9811023622,
        "r": 0.9842022117,
        "f": 0.9826498423
      },
      "oa": {
        "p": 0.8542959817,
        "r": 0.8624670185,
        "f": 0.8583620548
      },
      "pd": {
        "p": 0.8279220779,
        "r": 0.75,
        "f": 0.787037037
      },
      "ep": {
        "p": 0.8666666667,
        "r": 0.8796992481,
        "f": 0.8731343284
      },
      "cd": {
        "p": 0.8670109748,
        "r": 0.8675710594,
        "f": 0.8672909267
      },
      "cj": {
        "p": 0.8425158459,
        "r": 0.8520710059,
        "f": 0.8472664869
      },
      "par": {
        "p": 0.4676258993,
        "r": 0.318627451,
        "f": 0.3790087464
      },
      "da": {
        "p": 0.7972027972,
        "r": 0.5801526718,
        "f": 0.6715758468
      },
      "dep": {
        "p": 0.0,
        "r": 0.0,
        "f": 0.0
      },
      "svp": {
        "p": 0.9520958084,
        "r": 0.9173076923,
        "f": 0.9343780607
      },
      "pg": {
        "p": 0.8390092879,
        "r": 0.8630573248,
        "f": 0.8508634223
      },
      "app": {
        "p": 0.653968254,
        "r": 0.6936026936,
        "f": 0.6732026144
      },
      "sbp": {
        "p": 0.85,
        "r": 0.7327586207,
        "f": 0.787037037
      },
      "ac": {
        "p": 0.9259259259,
        "r": 0.8547008547,
        "f": 0.8888888889
      },
      "pnc": {
        "p": 0.8209549072,
        "r": 0.8038961039,
        "f": 0.812335958
      },
      "ju": {
        "p": 0.93,
        "r": 0.9393939394,
        "f": 0.9346733668
      },
      "ng": {
        "p": 0.7931034483,
        "r": 0.795212766,
        "f": 0.7941567065
      },
      "re": {
        "p": 0.7310344828,
        "r": 0.630952381,
        "f": 0.6773162939
      },
      "cm": {
        "p": 0.8660287081,
        "r": 0.8701923077,
        "f": 0.8681055156
      },
      "cc": {
        "p": 0.7173913043,
        "r": 0.6633165829,
        "f": 0.6892950392
      },
      "uc": {
        "p": 0.6666666667,
        "r": 0.2,
        "f": 0.3076923077
      },
      "cvc": {
        "p": 0.8,
        "r": 0.5569620253,
        "f": 0.6567164179
      },
      "ams": {
        "p": 0.7101449275,
        "r": 0.7205882353,
        "f": 0.7153284672
      },
      "rs": {
        "p": 0.7692307692,
        "r": 0.3225806452,
        "f": 0.4545454545
      },
      "ph": {
        "p": 0.8,
        "r": 0.5714285714,
        "f": 0.6666666667
      },
      "dm": {
        "p": 0.0,
        "r": 0.0,
        "f": 0.0
      },
      "oa2": {
        "p": 0.0,
        "r": 0.0,
        "f": 0.0
      },
      "vo": {
        "p": 0.0,
        "r": 0.0,
        "f": 0.0
      },
      "og": {
        "p": 0.3333333333,
        "r": 0.2857142857,
        "f": 0.3076923077
      },
      "adc": {
        "p": 1.0,
        "r": 1.0,
        "f": 1.0
      }
    },
    "lemma_acc": 0.7342764075
  },
  "sources": [
    {
      "name": "Sprogteknologisk orddatabase over det danske sprog",
      "url": "https://cst.ku.dk/sto_ordbase/",
      "license": "CC BY-SA 4.0",
      "author": "Center for Language Technology, University of Copenhagen"
    },
    {
      "name": "TIGER Corpus",
      "author": "Brants, Sabine, Stefanie Dipper, Peter Eisenberg, Silvia Hansen, Esther K\u00f6nig, Wolfgang Lezius, Christian Rohrer, George Smith, and Hans Uszkoreit",
      "url": "https://www.ims.uni-stuttgart.de/forschung/ressourcen/korpora/tiger.html",
      "license": "commercial (licensed by Explosion)"
    },
    {
      "name": "Tiger2Dep",
      "url": "https://www.ims.uni-stuttgart.de/forschung/ressourcen/werkzeuge/tiger2dep/",
      "license": "Citation provided for reference, no code packaged with model",
      "author": "Wolfgang Seeker"
    },
    {
      "name": "WikiNER",
      "url": "https://figshare.com/articles/Learning_multilingual_named_entity_recognition_from_Wikipedia/5462500",
      "license": "CC BY 4.0",
      "author": "Joel Nothman, Nicky Ringland, Will Radford, Tara Murphy, James R Curran"
    }
  ],
  "requirements": [],
  "size": "18 MB",
  "checksum": "68768c1ed9860cc918444c0626eb294318f01e7b902911eedbcf4da342dea5d9",
  "checksum_whl": "ece7440b2c63229bddf983e9848c8d360372e602cd1ed91edeebd224686c867c"
}