{
  "lang": "de",
  "name": "core_news_lg",
  "version": "3.3.0",
  "description": "German pipeline optimized for CPU. Components: tok2vec, tagger, morphologizer, parser, lemmatizer (trainable_lemmatizer), senter, ner.",
  "author": "Explosion",
  "email": "contact@explosion.ai",
  "url": "https://explosion.ai",
  "license": "MIT",
  "spacy_version": ">=3.3.0.dev0,<3.4.0",
  "spacy_git_version": "849bef2de",
  "vectors": {
    "width": 300,
    "vectors": 500000,
    "keys": 500000,
    "name": "de_vectors"
  },
  "labels": {
    "tok2vec": [],
    "tagger": [
      "$(",
      "$,",
      "$.",
      "ADJA",
      "ADJD",
      "ADV",
      "APPO",
      "APPR",
      "APPRART",
      "APZR",
      "ART",
      "CARD",
      "FM",
      "ITJ",
      "KOKOM",
      "KON",
      "KOUI",
      "KOUS",
      "NE",
      "NN",
      "NNE",
      "PDAT",
      "PDS",
      "PIAT",
      "PIS",
      "PPER",
      "PPOSAT",
      "PPOSS",
      "PRELAT",
      "PRELS",
      "PRF",
      "PROAV",
      "PTKA",
      "PTKANT",
      "PTKNEG",
      "PTKVZ",
      "PTKZU",
      "PWAT",
      "PWAV",
      "PWS",
      "TRUNC",
      "VAFIN",
      "VAIMP",
      "VAINF",
      "VAPP",
      "VMFIN",
      "VMINF",
      "VMPP",
      "VVFIN",
      "VVIMP",
      "VVINF",
      "VVIZU",
      "VVPP",
      "XY"
    ],
    "morphologizer": [
      "POS=PUNCT",
      "Case=Nom|Gender=Masc|Number=Sing|POS=PROPN",
      "Mood=Sub|Number=Sing|POS=AUX|Person=3|Tense=Past|VerbForm=Fin",
      "POS=ADV",
      "Case=Nom|Definite=Ind|Gender=Masc|Number=Sing|POS=DET|PronType=Art",
      "Case=Nom|Degree=Pos|Gender=Masc|Number=Sing|POS=ADJ",
      "Case=Nom|Gender=Masc|Number=Sing|POS=NOUN",
      "Case=Nom|Gender=Masc|Number=Plur|POS=NOUN",
      "Mood=Ind|Number=Plur|POS=VERB|Person=3|Tense=Pres|VerbForm=Fin",
      "Case=Acc|Definite=Def|Gender=Masc|Number=Sing|POS=DET|PronType=Art",
      "Case=Acc|Gender=Masc|Number=Sing|POS=NOUN",
      "POS=ADP",
      "Mood=Ind|Number=Sing|POS=VERB|Person=3|Tense=Pres|VerbForm=Fin",
      "Case=Acc|Degree=Pos|Gender=Fem|Number=Sing|POS=ADJ",
      "Case=Acc|Gender=Fem|Number=Sing|POS=NOUN",
      "Case=Acc|Gender=Fem|Number=Sing|POS=DET|Poss=Yes|PronType=Prs",
      "Case=Nom|Definite=Def|Gender=Masc|Number=Sing|POS=DET|PronType=Art",
      "Mood=Ind|Number=Sing|POS=AUX|Person=3|Tense=Pres|VerbForm=Fin",
      "Case=Acc|Definite=Def|Gender=Neut|Number=Sing|POS=DET|PronType=Art",
      "Case=Acc|Degree=Pos|Gender=Neut|Number=Sing|POS=ADJ",
      "Case=Acc|Gender=Neut|Number=Sing|POS=NOUN",
      "Case=Dat|Gender=Neut|Number=Sing|POS=PROPN",
      "POS=VERB|VerbForm=Part",
      "Case=Dat|Gender=Fem|Number=Plur|POS=NOUN",
      "Foreign=Yes|POS=X",
      "Degree=Pos|POS=ADV",
      "Case=Dat|Gender=Neut|Number=Sing|POS=ADP",
      "Case=Dat|Gender=Neut|Number=Sing|POS=NOUN",
      "Case=Dat|Degree=Pos|Gender=Neut|Number=Sing|POS=ADJ",
      "Case=Dat|Definite=Def|Gender=Masc|Number=Sing|POS=DET|PronType=Art",
      "Case=Dat|Degree=Pos|Gender=Masc|Number=Sing|POS=ADJ",
      "Case=Dat|Gender=Masc|Number=Sing|POS=NOUN",
      "POS=CCONJ",
      "POS=SCONJ",
      "Case=Acc|Definite=Ind|Gender=Neut|Number=Sing|POS=DET|PronType=Art",
      "POS=VERB|VerbForm=Inf",
      "Mood=Ind|Number=Plur|POS=AUX|Person=3|Tense=Pres|VerbForm=Fin",
      "Case=Nom|Gender=Masc|Number=Plur|POS=DET|Poss=Yes|PronType=Prs",
      "Case=Nom|Gender=Fem|Number=Plur|POS=DET|PronType=Dem",
      "Case=Nom|Gender=Fem|Number=Plur|POS=NOUN",
      "Case=Acc|Definite=Def|Gender=Fem|Number=Sing|POS=DET|PronType=Art",
      "Case=Acc|Degree=Sup|Gender=Fem|Number=Sing|POS=ADJ",
      "Case=Gen|Definite=Def|Gender=Fem|Number=Sing|POS=DET|PronType=Art",
      "Case=Gen|Gender=Fem|Number=Sing|POS=NOUN",
      "Case=Dat|Gender=Fem|Number=Sing|POS=DET|Poss=Yes|PronType=Prs",
      "Case=Dat|Gender=Fem|Number=Sing|POS=NOUN",
      "POS=PART",
      "Case=Nom|Gender=Masc|Number=Plur|POS=DET|PronType=Ind",
      "Case=Nom|Definite=Def|Gender=Masc|Number=Plur|POS=DET|PronType=Art",
      "Case=Dat|Definite=Def|Number=Plur|POS=DET|PronType=Art",
      "Case=Dat|Number=Plur|POS=PROPN",
      "POS=PRON|PronType=Ind",
      "Case=Dat|Number=Plur|POS=PRON|Person=3|PronType=Prs|Reflex=Yes",
      "Case=Acc|Definite=Ind|Gender=Masc|Number=Sing|POS=DET|PronType=Art",
      "Case=Acc|Gender=Masc|Number=Sing|POS=PROPN",
      "Case=Dat|Definite=Ind|Gender=Fem|Number=Sing|POS=DET|PronType=Art",
      "Case=Gen|Definite=Def|Gender=Neut|Number=Sing|POS=DET|PronType=Art",
      "Case=Gen|Gender=Neut|Number=Sing|POS=NOUN",
      "Case=Nom|Number=Sing|POS=PROPN",
      "Case=Dat|Definite=Def|Gender=Masc|Number=Plur|POS=DET|PronType=Art",
      "Case=Dat|Gender=Masc|Number=Plur|POS=NOUN",
      "POS=NUM",
      "Case=Dat|Gender=Neut|Number=Plur|POS=NOUN",
      "Mood=Ind|Number=Plur|POS=VERB|Person=3|Tense=Past|VerbForm=Fin",
      "Case=Dat|Gender=Masc|Number=Sing|POS=ADP",
      "Gender=Neut|POS=NOUN",
      "Case=Acc|Number=Sing|POS=PROPN",
      "Case=Acc|Number=Plur|POS=PRON|Person=3|PronType=Prs|Reflex=Yes",
      "Case=Nom|Definite=Def|Gender=Fem|Number=Sing|POS=DET|PronType=Art",
      "Case=Nom|Gender=Fem|Number=Sing|POS=NOUN",
      "Case=Gen|Definite=Def|Number=Plur|POS=DET|PronType=Art",
      "Case=Acc|Gender=Fem|Number=Plur|POS=NOUN",
      "Mood=Sub|Number=Sing|POS=VERB|Person=3|Tense=Pres|VerbForm=Fin",
      "Case=Nom|Gender=Masc|Number=Sing|POS=PRON|Person=3|PronType=Prs",
      "Case=Gen|Definite=Def|Gender=Masc|Number=Sing|POS=DET|PronType=Art",
      "Case=Gen|Gender=Masc|Number=Sing|POS=NOUN",
      "Case=Nom|Definite=Def|Number=Plur|POS=DET|PronType=Art",
      "Case=Nom|Number=Plur|POS=NOUN",
      "Case=Acc|Gender=Masc|Number=Sing|POS=DET|Poss=Yes|PronType=Prs",
      "Case=Dat|Definite=Def|Gender=Neut|Number=Sing|POS=DET|PronType=Art",
      "Case=Nom|Number=Plur|POS=PRON|PronType=Ind",
      "Case=Dat|Gender=Masc|Number=Sing|POS=DET|Poss=Yes|PronType=Prs",
      "Case=Acc|Definite=Ind|Gender=Fem|Number=Sing|POS=DET|PronType=Art",
      "POS=PROPN",
      "Case=Nom|Number=Sing|POS=PRON|Person=1|PronType=Prs",
      "Mood=Ind|Number=Sing|POS=VERB|Person=1|Tense=Pres|VerbForm=Fin",
      "POS=INTJ",
      "Case=Nom|Gender=Neut|Number=Sing|POS=PRON|PronType=Dem",
      "Case=Nom|Gender=Neut|Number=Sing|POS=DET|Poss=Yes|PronType=Prs",
      "Case=Nom|Gender=Neut|Number=Sing|POS=NOUN",
      "Case=Acc|Number=Sing|POS=PRON|Person=3|PronType=Prs|Reflex=Yes",
      "Case=Nom|Gender=Neut|Number=Sing|POS=PRON|Person=3|PronType=Prs",
      "Mood=Sub|Number=Sing|POS=AUX|Person=3|Tense=Pres|VerbForm=Fin",
      "Case=Nom|Gender=Masc|Number=Sing|POS=PRON|PronType=Rel",
      "Case=Acc|Gender=Masc|Number=Sing|POS=PRON|PronType=Ind",
      "Case=Nom|Definite=Ind|Gender=Fem|Number=Sing|POS=DET|PronType=Art",
      "Case=Nom|Degree=Pos|Gender=Fem|Number=Sing|POS=ADJ",
      "Case=Dat|Degree=Pos|Gender=Fem|Number=Plur|POS=ADJ",
      "Case=Acc|Gender=Masc|Number=Plur|POS=DET|PronType=Ind",
      "Case=Acc|Gender=Masc|Number=Plur|POS=NOUN",
      "Case=Nom|Gender=Masc|Number=Plur|POS=PRON|PronType=Rel",
      "Case=Nom|Gender=Masc|Number=Sing|POS=PRON|PronType=Ind",
      "Case=Dat|Gender=Masc|Number=Plur|POS=PRON|Person=3|PronType=Prs",
      "Case=Nom|Gender=Neut|Number=Plur|POS=NOUN",
      "Case=Acc|Gender=Neut|Number=Plur|POS=PRON|PronType=Rel",
      "Case=Dat|Number=Plur|POS=PRON|Person=3|PronType=Prs",
      "Case=Dat|Gender=Masc|Number=Sing|POS=PRON|PronType=Rel",
      "Gender=Masc|POS=NOUN",
      "Mood=Ind|Number=Sing|POS=VERB|Person=3|Tense=Past|VerbForm=Fin",
      "Case=Nom|Definite=Def|Gender=Fem|Number=Plur|POS=DET|PronType=Art",
      "Case=Nom|Gender=Fem|Number=Sing|POS=DET|PronType=Int",
      "Case=Gen|Gender=Masc|Number=Sing|POS=PROPN",
      "POS=SCONJ|PronType=Int",
      "Case=Acc|Gender=Fem|Number=Plur|POS=DET|Poss=Yes|PronType=Prs",
      "Case=Dat|Degree=Pos|Gender=Masc|Number=Plur|POS=ADJ",
      "Case=Nom|Number=Sing|POS=PRON|PronType=Ind",
      "Case=Gen|Definite=Def|Gender=Fem|Number=Plur|POS=DET|PronType=Art",
      "Case=Gen|Gender=Fem|Number=Plur|POS=NOUN",
      "Case=Dat|Gender=Masc|Number=Sing|POS=PRON|Person=3|PronType=Prs",
      "Case=Dat|Definite=Def|Gender=Fem|Number=Sing|POS=DET|PronType=Art",
      "Case=Nom|Gender=Masc|Number=Sing|POS=DET|PronType=Ind",
      "Case=Dat|Degree=Pos|Gender=Fem|Number=Sing|POS=ADJ",
      "Case=Acc|Gender=Neut|Number=Sing|POS=DET|Poss=Yes|PronType=Prs",
      "Case=Dat|Gender=Neut|Number=Sing|POS=PRON|PronType=Ind",
      "Case=Dat|Degree=Cmp|Gender=Fem|Number=Plur|POS=ADJ",
      "Case=Nom|Degree=Pos|Gender=Masc|Number=Plur|POS=ADJ",
      "Gender=Neut|POS=PRON|PronType=Ind",
      "Case=Acc|Gender=Masc|Number=Sing|POS=PRON|Person=3|PronType=Prs",
      "Case=Dat|Number=Plur|POS=DET|Poss=Yes|PronType=Prs",
      "Case=Dat|Number=Plur|POS=NOUN",
      "Case=Dat|Gender=Masc|Number=Sing|POS=PRON|PronType=Ind",
      "Case=Nom|Gender=Fem|Number=Sing|POS=DET|Poss=Yes|PronType=Prs",
      "Case=Dat|Gender=Masc|Number=Sing|POS=PROPN",
      "Case=Gen|Gender=Masc|Number=Sing|POS=PRON|PronType=Dem",
      "Case=Dat|Gender=Fem|Number=Sing|POS=ADP",
      "Case=Acc|Gender=Fem|Number=Plur|POS=DET|PronType=Int",
      "Case=Gen|Number=Plur|POS=PROPN",
      "Case=Acc|Gender=Fem|Number=Plur|POS=DET|PronType=Dem",
      "Case=Acc|Gender=Neut|Number=Plur|POS=NOUN",
      "Case=Acc|Degree=Pos|Gender=Masc|Number=Sing|POS=ADJ",
      "Case=Nom|Definite=Def|Gender=Neut|Number=Plur|POS=DET|PronType=Art",
      "Case=Gen|Gender=Neut|Number=Sing|POS=DET|Poss=Yes|PronType=Prs",
      "Degree=Cmp|POS=ADV",
      "Case=Nom|Gender=Neut|Number=Plur|POS=PRON|PronType=Dem",
      "Case=Gen|Definite=Ind|Gender=Neut|Number=Sing|POS=DET|PronType=Art",
      "Case=Acc|Gender=Neut|Number=Sing|POS=ADP",
      "Case=Dat|Number=Plur|POS=PRON|Person=1|PronType=Prs",
      "Case=Acc|Gender=Neut|Number=Sing|POS=PRON|PronType=Int",
      "Case=Dat|Definite=Ind|Gender=Neut|Number=Sing|POS=DET|PronType=Art",
      "Mood=Ind|Number=Plur|POS=AUX|Person=3|Tense=Past|VerbForm=Fin",
      "Case=Gen|Definite=Def|Gender=Masc|Number=Plur|POS=DET|PronType=Art",
      "Case=Gen|Gender=Masc|Number=Plur|POS=NOUN",
      "Case=Acc|Gender=Neut|Number=Sing|POS=PRON|Person=3|PronType=Prs",
      "Case=Acc|Degree=Sup|Gender=Masc|Number=Sing|POS=ADJ",
      "Case=Nom|Number=Plur|POS=PRON|Person=3|PronType=Prs",
      "Case=Gen|Gender=Masc|Number=Plur|POS=DET|Poss=Yes|PronType=Prs",
      "Mood=Ind|Number=Sing|POS=AUX|Person=3|Tense=Past|VerbForm=Fin",
      "Case=Gen|Number=Sing|POS=PROPN",
      "Case=Nom|Definite=Def|Gender=Neut|Number=Sing|POS=DET|PronType=Art",
      "Case=Nom|Degree=Pos|Gender=Neut|Number=Sing|POS=ADJ",
      "Case=Dat|Gender=Fem|Number=Plur|POS=PRON|PronType=Rel",
      "Case=Acc|Degree=Pos|Gender=Masc|Number=Plur|POS=ADJ",
      "Case=Nom|Gender=Fem|Number=Plur|POS=DET|PronType=Ind",
      "Case=Gen|Gender=Neut|Number=Sing|POS=PROPN",
      "Case=Gen|Gender=Masc|Number=Sing|POS=DET|PronType=Rel",
      "Case=Nom|Gender=Neut|Number=Sing|POS=PRON|PronType=Int",
      "Case=Acc|Gender=Neut|Number=Sing|POS=DET|PronType=Ind",
      "Case=Gen|Definite=Ind|Gender=Masc|Number=Sing|POS=DET|PronType=Art",
      "POS=X",
      "Case=Dat|Degree=Sup|Gender=Fem|Number=Sing|POS=ADJ",
      "Case=Gen|Number=Plur|POS=NOUN",
      "Case=Gen|Degree=Pos|Gender=Masc|Number=Sing|POS=ADJ",
      "Case=Gen|Number=Plur|POS=DET|Poss=Yes|PronType=Prs",
      "Case=Acc|Number=Plur|POS=PRON|PronType=Rel",
      "Case=Nom|Degree=Pos|Gender=Fem|Number=Plur|POS=ADJ",
      "Case=Gen|Degree=Pos|Gender=Fem|Number=Sing|POS=ADJ",
      "Case=Gen|Definite=Def|Gender=Neut|Number=Plur|POS=DET|PronType=Art",
      "Case=Gen|Degree=Pos|Gender=Neut|Number=Plur|POS=ADJ",
      "Case=Gen|Gender=Neut|Number=Plur|POS=NOUN",
      "Case=Nom|Gender=Fem|Number=Plur|POS=PRON|PronType=Ind",
      "Mood=Sub|Number=Plur|POS=AUX|Person=3|Tense=Past|VerbForm=Fin",
      "Case=Nom|Degree=Pos|Number=Plur|POS=ADJ",
      "Case=Nom|Number=Plur|POS=PRON|PronType=Rel",
      "Case=Nom|Gender=Fem|Number=Sing|POS=PRON|PronType=Rel",
      "Case=Acc|Degree=Pos|Gender=Neut|Number=Plur|POS=ADJ",
      "Case=Dat|Degree=Pos|Gender=Neut|Number=Plur|POS=ADJ",
      "Case=Acc|Definite=Def|Gender=Neut|Number=Plur|POS=DET|PronType=Art",
      "Case=Acc|Degree=Sup|Gender=Neut|Number=Plur|POS=ADJ",
      "Case=Nom|Degree=Sup|Gender=Masc|Number=Sing|POS=ADJ",
      "Case=Nom|Gender=Fem|Number=Plur|POS=PRON|PronType=Rel",
      "POS=DET|PronType=Ind",
      "Case=Gen|Degree=Pos|Gender=Fem|Number=Plur|POS=ADJ",
      "Case=Nom|Gender=Masc|Number=Plur|POS=PRON|Person=3|PronType=Prs",
      "Case=Acc|Gender=Masc|Number=Sing|POS=DET|PronType=Dem",
      "Case=Dat|Gender=Fem|Number=Plur|POS=DET|Poss=Yes|PronType=Prs",
      "Case=Acc|Gender=Neut|Number=Sing|POS=PROPN",
      "Case=Nom|Gender=Fem|Number=Sing|POS=PROPN",
      "Case=Acc|Definite=Def|Gender=Masc|Number=Plur|POS=DET|PronType=Art",
      "Case=Dat|Definite=Def|Gender=Neut|Number=Plur|POS=DET|PronType=Art",
      "Case=Nom|Gender=Neut|Number=Plur|POS=DET|PronType=Ind",
      "Case=Dat|Number=Sing|POS=DET|Poss=Yes|PronType=Prs",
      "Case=Dat|Number=Sing|POS=NOUN",
      "Case=Nom|Definite=Ind|Gender=Neut|Number=Sing|POS=DET|PronType=Art",
      "Degree=Pos|POS=ADJ",
      "Case=Acc|Gender=Fem|Number=Sing|POS=PROPN",
      "Case=Acc|Degree=Pos|Number=Plur|POS=ADJ",
      "Case=Acc|Number=Plur|POS=NOUN",
      "Case=Dat|Number=Plur|POS=PRON|PronType=Rel",
      "Case=Acc|Gender=Neut|Number=Sing|POS=PRON|PronType=Dem",
      "Mood=Sub|Number=Sing|POS=VERB|Person=1|Tense=Past|VerbForm=Fin",
      "Case=Acc|Number=Plur|POS=PRON|Person=3|PronType=Prs",
      "Case=Nom|Degree=Pos|Gender=Neut|Number=Plur|POS=ADJ",
      "Case=Acc|Gender=Neut|Number=Sing|POS=PRON|PronType=Rel",
      "Case=Nom|Gender=Neut|Number=Plur|POS=PRON|PronType=Rel",
      "POS=AUX|VerbForm=Inf",
      "Case=Acc|Gender=Neut|Number=Plur|POS=DET|PronType=Dem",
      "Case=Nom|Gender=Fem|Number=Sing|POS=PRON|Person=3|PronType=Prs",
      "Mood=Ind|Number=Plur|POS=VERB|Person=1|Tense=Pres|VerbForm=Fin",
      "Case=Nom|Number=Plur|POS=PRON|Person=1|PronType=Prs",
      "Case=Acc|Gender=Fem|Number=Plur|POS=DET|PronType=Ind",
      "Case=Nom|Gender=Fem|Number=Plur|POS=PRON|Person=3|PronType=Prs",
      "Case=Acc|POS=PRON|Person=3|PronType=Prs",
      "Case=Gen|Gender=Fem|Number=Sing|POS=DET|Poss=Yes|PronType=Prs",
      "Case=Acc|Definite=Def|Gender=Fem|Number=Plur|POS=DET|PronType=Art",
      "Case=Dat|Gender=Fem|Number=Sing|POS=PROPN",
      "Case=Gen|Degree=Pos|Gender=Neut|Number=Sing|POS=ADJ",
      "Case=Acc|Gender=Fem|Number=Sing|POS=DET|PronType=Ind",
      "Case=Acc|Degree=Pos|Gender=Fem|Number=Plur|POS=ADJ",
      "Case=Nom|Gender=Neut|Number=Sing|POS=PRON|PronType=Rel",
      "Case=Gen|Definite=Ind|Gender=Fem|Number=Sing|POS=DET|PronType=Art",
      "Case=Nom|Gender=Fem|Number=Sing|POS=DET|PronType=Dem",
      "Case=Dat|Gender=Neut|Number=Sing|POS=DET|Poss=Yes|PronType=Prs",
      "Mood=Sub|Number=Plur|POS=AUX|Person=3|Tense=Pres|VerbForm=Fin",
      "POS=ADV|PronType=Int",
      "Case=Nom|Gender=Masc|Number=Sing|POS=PRON|PronType=Int",
      "Case=Dat|Gender=Masc|Number=Sing|POS=PRON|PronType=Int",
      "POS=AUX|VerbForm=Part",
      "Case=Dat|Gender=Neut|Number=Plur|POS=DET|PronType=Ind",
      "Case=Dat|Number=Plur|POS=PRON|PronType=Ind",
      "Case=Nom|Number=Plur|POS=DET|PronType=Dem",
      "Case=Dat|Gender=Neut|Number=Sing|POS=DET|PronType=Dem",
      "Case=Dat|Definite=Def|Gender=Fem|Number=Plur|POS=DET|PronType=Art",
      "Case=Gen|Gender=Fem|Number=Sing|POS=PROPN",
      "Case=Dat|Number=Sing|POS=PRON|Person=3|PronType=Prs|Reflex=Yes",
      "Case=Acc|Number=Plur|POS=PRON|Person=1|PronType=Prs",
      "Case=Acc|Degree=Cmp|Gender=Fem|Number=Sing|POS=ADJ",
      "Case=Gen|Gender=Masc|Number=Sing|POS=DET|PronType=Dem",
      "Mood=Ind|Number=Plur|POS=AUX|Person=1|Tense=Pres|VerbForm=Fin",
      "Case=Dat|Gender=Fem|Number=Plur|POS=DET|PronType=Dem",
      "Case=Nom|Gender=Neut|Number=Sing|POS=DET|PronType=Ind",
      "Case=Dat|Number=Sing|POS=PRON|Person=1|PronType=Prs|Reflex=Yes",
      "Case=Acc|Number=Sing|POS=PRON|Person=1|PronType=Prs",
      "Case=Dat|Degree=Pos|Number=Plur|POS=ADJ",
      "Case=Dat|Number=Sing|POS=PRON|Person=1|PronType=Prs",
      "Case=Nom|Gender=Neut|Number=Sing|POS=PRON|PronType=Ind",
      "Case=Nom|Gender=Neut|Number=Sing|POS=PROPN",
      "Case=Nom|Number=Plur|POS=DET|PronType=Ind",
      "Degree=Sup|POS=ADV",
      "Case=Dat|Gender=Masc|Number=Plur|POS=PRON|PronType=Rel",
      "Case=Nom|Gender=Fem|Number=Sing|POS=PRON|PronType=Ind",
      "Case=Acc|Gender=Fem|Number=Plur|POS=PRON|PronType=Rel",
      "Case=Nom|Number=Sing|POS=NOUN",
      "Case=Acc|Definite=Def|Number=Plur|POS=DET|PronType=Art",
      "Case=Gen|Number=Sing|POS=NOUN",
      "Case=Nom|Gender=Fem|Number=Sing|POS=DET|PronType=Ind",
      "Case=Nom|Degree=Cmp|Gender=Fem|Number=Sing|POS=ADJ",
      "Case=Dat|Gender=Fem|Number=Sing|POS=PRON|Person=3|PronType=Prs",
      "Case=Acc|Gender=Masc|Number=Plur|POS=DET|Poss=Yes|PronType=Prs",
      "Case=Gen|Degree=Cmp|Gender=Masc|Number=Sing|POS=ADJ",
      "Case=Nom|Number=Plur|POS=PRON|PronType=Dem",
      "Case=Nom|Gender=Fem|Number=Sing|POS=PRON|PronType=Dem",
      "Case=Acc|Gender=Masc|Number=Sing|POS=DET|PronType=Ind",
      "Case=Acc|Number=Plur|POS=PRON|PronType=Ind",
      "Case=Dat|Number=Plur|POS=DET|PronType=Ind",
      "Mood=Sub|Number=Sing|POS=VERB|Person=3|Tense=Past|VerbForm=Fin",
      "Case=Dat|Gender=Neut|Number=Sing|POS=PRON|PronType=Rel",
      "Definite=Ind|Gender=Neut|Number=Sing|POS=DET|PronType=Art",
      "Case=Dat|Gender=Neut|Number=Plur|POS=DET|Poss=Yes|PronType=Prs",
      "Case=Dat|Gender=Fem|Number=Sing|POS=DET|PronType=Ind",
      "Case=Acc|Degree=Cmp|Gender=Masc|Number=Plur|POS=ADJ",
      "Gender=Fem|POS=NOUN",
      "Case=Gen|Degree=Sup|Gender=Fem|Number=Plur|POS=ADJ",
      "Case=Dat|Degree=Cmp|Gender=Fem|Number=Sing|POS=ADJ",
      "Case=Dat|Definite=Ind|Gender=Masc|Number=Sing|POS=DET|PronType=Art",
      "Case=Nom|Gender=Masc|Number=Sing|POS=DET|Poss=Yes|PronType=Prs",
      "Case=Dat|Degree=Sup|Gender=Masc|Number=Sing|POS=ADJ",
      "Case=Gen|Gender=Masc|Number=Plur|POS=DET|PronType=Dem",
      "Case=Gen|Gender=Fem|Number=Sing|POS=DET|PronType=Ind",
      "Case=Acc|Gender=Neut|Number=Plur|POS=DET|PronType=Ind",
      "Case=Nom|Gender=Masc|Number=Plur|POS=PRON|PronType=Dem",
      "Case=Gen|Gender=Neut|Number=Plur|POS=DET|PronType=Ind",
      "Case=Nom|Degree=Sup|Gender=Masc|Number=Plur|POS=ADJ",
      "Case=Acc|Gender=Fem|Number=Sing|POS=PRON|PronType=Rel",
      "Case=Nom|Degree=Cmp|Number=Plur|POS=ADJ",
      "Case=Gen|Gender=Fem|Number=Sing|POS=DET|PronType=Rel",
      "Case=Dat|Gender=Fem|Number=Plur|POS=PROPN",
      "Case=Dat|Number=Sing|POS=PROPN",
      "Case=Gen|Degree=Pos|Gender=Masc|Number=Plur|POS=ADJ",
      "Case=Dat|Gender=Masc|Number=Plur|POS=DET|PronType=Ind",
      "Case=Dat|Gender=Masc|Number=Sing|POS=DET|PronType=Dem",
      "Case=Dat|Gender=Neut|Number=Plur|POS=PRON|PronType=Rel",
      "Case=Nom|Gender=Neut|Number=Sing|POS=DET|PronType=Dem",
      "Case=Acc|Gender=Neut|Number=Sing|POS=PRON|PronType=Ind",
      "Case=Nom|Number=Plur|POS=PROPN",
      "Mood=Sub|Number=Plur|POS=VERB|Person=3|Tense=Past|VerbForm=Fin",
      "Case=Acc|Number=Plur|POS=PRON|Person=1|PronType=Prs|Reflex=Yes",
      "Case=Gen|Gender=Fem|Number=Plur|POS=PRON|PronType=Rel",
      "Case=Gen|Gender=Masc|Number=Plur|POS=DET|PronType=Rel",
      "Case=Gen|Gender=Neut|Number=Plur|POS=DET|Poss=Yes|PronType=Prs",
      "Case=Gen|Number=Plur|POS=DET|PronType=Rel",
      "Case=Dat|Degree=Sup|Gender=Fem|Number=Plur|POS=ADJ",
      "Case=Nom|Gender=Neut|Number=Plur|POS=DET|PronType=Dem",
      "Case=Nom|Degree=Cmp|Gender=Neut|Number=Plur|POS=ADJ",
      "Case=Nom|Gender=Fem|Number=Plur|POS=PROPN",
      "Case=Dat|Gender=Fem|Number=Plur|POS=DET|PronType=Ind",
      "Case=Nom|Degree=Sup|Gender=Fem|Number=Sing|POS=ADJ",
      "Case=Gen|Degree=Pos|Number=Plur|POS=ADJ",
      "Case=Acc|Gender=Fem|Number=Sing|POS=PRON|Person=3|PronType=Prs",
      "Case=Acc|Gender=Fem|Number=Sing|POS=DET|PronType=Dem",
      "Case=Gen|Gender=Fem|Number=Sing|POS=DET|PronType=Dem",
      "Case=Dat|Gender=Fem|Number=Plur|POS=PRON|PronType=Ind",
      "Case=Nom|Degree=Cmp|Gender=Fem|Number=Plur|POS=ADJ",
      "Case=Dat|Number=Plur|POS=PRON|PronType=Dem",
      "Case=Nom|Gender=Masc|Number=Sing|POS=PRON|PronType=Dem",
      "Case=Acc|Degree=Cmp|Gender=Masc|Number=Sing|POS=ADJ",
      "Case=Acc|Number=Plur|POS=DET|PronType=Dem",
      "Case=Nom|Gender=Fem|Number=Plur|POS=DET|Poss=Yes|PronType=Prs",
      "Case=Acc|Gender=Masc|Number=Plur|POS=PRON|Person=3|PronType=Prs",
      "Case=Dat|Gender=Fem|Number=Sing|POS=PRON|PronType=Rel",
      "Gender=Masc|Number=Sing|POS=NOUN",
      "Case=Gen|Gender=Neut|Number=Sing|POS=DET|PronType=Dem",
      "Case=Gen|Gender=Masc|Number=Sing|POS=DET|Poss=Yes|PronType=Prs",
      "Case=Nom|Definite=Ind|Number=Sing|POS=DET|PronType=Art",
      "Case=Acc|Number=Plur|POS=PRON|Poss=Yes|PronType=Prs",
      "Mood=Ind|Number=Sing|POS=AUX|Person=1|Tense=Pres|VerbForm=Fin",
      "Case=Dat|Gender=Fem|Number=Sing|POS=DET|PronType=Int",
      "Case=Nom|Gender=Masc|Number=Sing|POS=DET|PronType=Dem",
      "Gender=Fem|Number=Sing|POS=DET|Poss=Yes|PronType=Prs",
      "Gender=Fem|Number=Sing|POS=NOUN",
      "Case=Gen|Gender=Fem|Number=Plur|POS=DET|Poss=Yes|PronType=Prs",
      "Case=Gen|Gender=Fem|Number=Plur|POS=PRON|PronType=Dem",
      "Case=Acc|Gender=Fem|Number=Plur|POS=PRON|Person=3|PronType=Prs",
      "Case=Gen|Gender=Fem|Number=Sing|POS=DET|PronType=Int",
      "Case=Dat|Gender=Fem|Number=Sing|POS=DET|PronType=Dem",
      "Case=Dat|Gender=Masc|Number=Sing|POS=DET|PronType=Ind",
      "Case=Acc|Gender=Neut|Number=Plur|POS=DET|Poss=Yes|PronType=Prs",
      "Case=Nom|Gender=Fem|Number=Sing|POS=DET|PronType=Rel",
      "Case=Gen|Gender=Fem|Number=Plur|POS=DET|PronType=Ind",
      "Case=Dat|Gender=Fem|Number=Plur|POS=PRON|Person=3|PronType=Prs",
      "Case=Acc|Degree=Cmp|Number=Plur|POS=ADJ",
      "Case=Gen|Number=Plur|POS=PRON|PronType=Dem",
      "Case=Nom|Gender=Neut|Number=Plur|POS=PRON|Person=3|PronType=Prs",
      "Case=Acc|Gender=Fem|Number=Sing|POS=PRON|PronType=Ind",
      "Case=Acc|Degree=Sup|Gender=Neut|Number=Sing|POS=ADJ",
      "Case=Acc|Degree=Cmp|Gender=Fem|Number=Plur|POS=ADJ",
      "Case=Dat|Gender=Neut|Number=Plur|POS=DET|PronType=Dem",
      "Case=Acc|Gender=Masc|Number=Plur|POS=PRON|PronType=Ind",
      "Case=Nom|Gender=Masc|Number=Plur|POS=PRON|PronType=Ind",
      "Mood=Sub|Number=Sing|POS=AUX|Person=1|Tense=Past|VerbForm=Fin",
      "Case=Nom|Gender=Fem|Number=Plur|POS=PRON|PronType=Dem",
      "Gender=Masc|Number=Plur|POS=NOUN",
      "Case=Nom|Degree=Cmp|Gender=Neut|Number=Sing|POS=ADJ",
      "Gender=Neut|POS=PROPN",
      "Case=Acc|Gender=Neut|Number=Plur|POS=PROPN",
      "Case=Gen|Degree=Sup|Gender=Neut|Number=Plur|POS=ADJ",
      "Case=Dat|Degree=Sup|Gender=Neut|Number=Plur|POS=ADJ",
      "Degree=Pos|Gender=Fem|Number=Sing|POS=ADJ",
      "Case=Dat|Gender=Neut|Number=Plur|POS=PRON|Person=3|PronType=Prs",
      "Gender=Masc|POS=PROPN",
      "Case=Dat|Gender=Masc|Number=Sing|POS=PRON|PronType=Dem",
      "Case=Nom|POS=PROPN",
      "Case=Acc|Gender=Masc|Number=Plur|POS=DET|PronType=Dem",
      "Case=Nom|Gender=Neut|Number=Plur|POS=PRON|PronType=Ind",
      "Case=Gen|Gender=Neut|Number=Plur|POS=DET|PronType=Dem",
      "Case=Gen|Gender=Masc|Number=Plur|POS=PRON|PronType=Dem",
      "Case=Acc|Gender=Neut|Number=Plur|POS=PRON|Person=3|PronType=Prs",
      "Case=Dat|Gender=Masc|Number=Plur|POS=DET|PronType=Dem",
      "Case=Dat|Gender=Masc|Number=Plur|POS=DET|Poss=Yes|PronType=Prs",
      "Case=Gen|Gender=Masc|Number=Plur|POS=DET|PronType=Ind",
      "Case=Acc|Gender=Masc|Number=Plur|POS=PRON|PronType=Rel",
      "Case=Acc|Gender=Neut|Number=Plur|POS=DET|PronType=Int",
      "Definite=Def|Gender=Fem|Number=Sing|POS=DET|PronType=Art",
      "Case=Acc|Gender=Neut|Number=Sing|POS=DET|PronType=Dem",
      "Case=Gen|Degree=Cmp|Gender=Masc|Number=Plur|POS=ADJ",
      "Case=Gen|Gender=Fem|Number=Sing|POS=PRON|PronType=Dem",
      "Case=Dat|Number=Sing|POS=PRON|Person=3|PronType=Prs",
      "Case=Gen|Degree=Sup|Gender=Masc|Number=Plur|POS=ADJ",
      "Case=Acc|Gender=Fem|Number=Sing|POS=PRON|Person=1|PronType=Prs",
      "Case=Gen|Gender=Neut|Number=Sing|POS=DET|PronType=Rel",
      "Case=Acc|Gender=Fem|Number=Plur|POS=PROPN",
      "Case=Acc|Number=Plur|POS=PROPN",
      "Case=Nom|Gender=Neut|Number=Plur|POS=DET|Poss=Yes|PronType=Prs",
      "Case=Acc|Number=Plur|POS=DET|PronType=Ind",
      "Case=Dat|Definite=Ind|Number=Sing|POS=DET|PronType=Art",
      "Case=Dat|Number=Sing|POS=PRON|PronType=Rel",
      "Case=Gen|Degree=Cmp|Gender=Neut|Number=Plur|POS=ADJ",
      "Case=Dat|Number=Sing|POS=ADP",
      "Case=Gen|Gender=Fem|Number=Plur|POS=DET|PronType=Rel",
      "Mood=Imp|Number=Sing|POS=VERB|Person=2",
      "Case=Nom|Degree=Cmp|Gender=Masc|Number=Plur|POS=ADJ",
      "Case=Nom|Degree=Cmp|Gender=Masc|Number=Sing|POS=ADJ",
      "Case=Gen|Gender=Fem|Number=Plur|POS=PROPN",
      "Case=Acc|Gender=Masc|POS=NOUN",
      "Case=Dat|Degree=Sup|Gender=Neut|Number=Sing|POS=ADJ",
      "Case=Dat|Gender=Fem|Number=Sing|POS=PRON|PronType=Ind",
      "Case=Dat|Degree=Cmp|Gender=Neut|Number=Sing|POS=ADJ",
      "Case=Gen|Gender=Neut|Number=Sing|POS=PRON|PronType=Ind",
      "Case=Acc|Degree=Sup|Gender=Fem|Number=Plur|POS=ADJ",
      "Case=Acc|Degree=Cmp|Gender=Neut|Number=Sing|POS=ADJ",
      "Case=Gen|Degree=Sup|Gender=Masc|Number=Sing|POS=ADJ",
      "Case=Gen|Degree=Sup|Gender=Neut|Number=Sing|POS=ADJ",
      "Gender=Neut|Number=Sing|POS=NOUN",
      "POS=NOUN",
      "Case=Dat|Gender=Neut|Number=Sing|POS=DET|PronType=Int",
      "Case=Nom|Gender=Fem|Number=Sing|POS=PRON|Person=1|PronType=Prs",
      "Case=Nom|Gender=Masc|Number=Plur|POS=DET|PronType=Dem",
      "Case=Gen|Number=Sing|POS=DET|PronType=Rel",
      "Case=Gen|Gender=Fem|Number=Plur|POS=DET|PronType=Dem",
      "Case=Dat|POS=PROPN",
      "Case=Gen|Definite=Def|POS=DET|PronType=Art",
      "Case=Gen|POS=PROPN",
      "Case=Acc|Number=Sing|POS=NOUN",
      "Case=Gen|Degree=Sup|Gender=Fem|Number=Sing|POS=ADJ",
      "Case=Dat|Degree=Cmp|Gender=Masc|Number=Sing|POS=ADJ",
      "Mood=Imp|Number=Plur|POS=VERB|Person=2",
      "Case=Dat|Degree=Cmp|Gender=Masc|Number=Plur|POS=ADJ",
      "Case=Dat|Number=Plur|POS=PRON|Person=1|PronType=Prs|Reflex=Yes",
      "Case=Nom|Gender=Masc|Number=Sing|POS=PRON|Person=1|PronType=Prs",
      "Case=Acc|Gender=Masc|Number=Sing|POS=PRON|PronType=Rel",
      "Case=Nom|Gender=Masc|Number=Plur|POS=PRON|Person=1|PronType=Prs",
      "Case=Gen|Gender=Neut|Number=Sing|POS=PRON|PronType=Dem",
      "Case=Gen|Gender=Fem|Number=Sing|POS=PRON|Person=3|PronType=Prs",
      "Case=Gen|Degree=Cmp|Gender=Fem|Number=Sing|POS=ADJ",
      "Case=Nom|Gender=Masc|Number=Sing|POS=DET|PronType=Int",
      "Case=Gen|POS=PRON|PronType=Dem",
      "Definite=Ind|POS=DET|PronType=Art",
      "Mood=Ind|Number=Sing|POS=AUX|Person=1|Tense=Past|VerbForm=Fin",
      "Case=Nom|Degree=Sup|Gender=Neut|Number=Plur|POS=ADJ",
      "Case=Acc|Gender=Masc|Number=Sing|POS=DET|PronType=Int",
      "Case=Dat|POS=PRON|PronType=Dem",
      "Gender=Masc|Number=Sing|POS=PROPN",
      "Case=Gen|Degree=Cmp|Gender=Neut|Number=Sing|POS=ADJ",
      "Case=Acc|Gender=Neut|Number=Sing|POS=PRON|Poss=Yes|PronType=Prs",
      "Case=Acc|Gender=Fem|Number=Sing|POS=PRON|PronType=Dem",
      "Gender=Neut|Number=Sing|POS=PROPN",
      "Case=Dat|Gender=Neut|Number=Sing|POS=PRON|PronType=Dem",
      "Case=Dat|Number=Sing|POS=PRON|PronType=Dem",
      "Case=Dat|Gender=Neut|Number=Sing|POS=PRON|Person=3|PronType=Prs",
      "Case=Dat|Degree=Cmp|Number=Sing|POS=ADJ",
      "Case=Dat|Degree=Pos|Number=Sing|POS=ADJ",
      "POS=DET|Poss=Yes|PronType=Prs",
      "Case=Gen|Number=Sing|POS=PRON|PronType=Dem",
      "Gender=Fem|Number=Sing|POS=PROPN",
      "Case=Nom|Degree=Sup|Gender=Neut|Number=Sing|POS=ADJ",
      "Mood=Ind|Number=Plur|POS=AUX|Person=1|Tense=Past|VerbForm=Fin",
      "Case=Nom|Gender=Masc|Number=Plur|POS=PROPN",
      "Case=Nom|Degree=Sup|Gender=Fem|Number=Plur|POS=ADJ",
      "Case=Nom|Number=Sing|POS=PRON|Person=2|PronType=Prs",
      "Mood=Ind|Number=Sing|POS=VERB|Person=2|Tense=Pres|VerbForm=Fin",
      "Case=Acc|Number=Plur|POS=PRON|PronType=Dem",
      "Case=Nom|POS=PRON|Person=3|PronType=Prs",
      "Mood=Ind|Number=Sing|POS=AUX|Person=2|Tense=Pres|VerbForm=Fin",
      "Case=Nom|Gender=Fem|Number=Sing|POS=PRON|Person=2|PronType=Prs",
      "Case=Dat|Number=Sing|POS=PRON|Person=2|PronType=Prs",
      "Case=Acc|Number=Sing|POS=PRON|Person=2|PronType=Prs",
      "Case=Nom|Number=Sing|POS=PRON|PronType=Int",
      "Mood=Sub|Number=Sing|POS=AUX|Person=1|Tense=Pres|VerbForm=Fin",
      "Mood=Ind|Number=Sing|POS=VERB|Person=1|Tense=Past|VerbForm=Fin",
      "Mood=Ind|Number=Plur|POS=VERB|Person=1|Tense=Past|VerbForm=Fin",
      "Case=Nom|Gender=Masc|Number=Plur|POS=PRON|PronType=Int",
      "Case=Dat|Gender=Masc|Number=Plur|POS=PRON|PronType=Ind",
      "Case=Nom|Number=Sing|POS=DET|Poss=Yes|PronType=Prs",
      "Case=Gen|Gender=Neut|Number=Plur|POS=DET|PronType=Rel",
      "Case=Acc|Gender=Neut|Number=Sing|POS=DET|PronType=Int",
      "Case=Acc|Gender=Fem|Number=Plur|POS=PRON|PronType=Ind",
      "Case=Dat|Degree=Sup|Gender=Masc|Number=Plur|POS=ADJ",
      "Case=Acc|Number=Plur|POS=DET|Poss=Yes|PronType=Prs",
      "Case=Dat|Gender=Masc|Number=Sing|POS=PRON|Person=1|PronType=Prs",
      "Case=Dat|Gender=Neut|Number=Plur|POS=PRON|PronType=Ind",
      "Case=Dat|Gender=Fem|Number=Plur|POS=PRON|PronType=Dem",
      "Case=Gen|Number=Plur|POS=DET|PronType=Ind",
      "Case=Gen|Gender=Masc|Number=Sing|POS=DET|PronType=Ind",
      "Case=Dat|Gender=Fem|Number=Sing|POS=PRON|PronType=Dem",
      "Case=Dat|Gender=Neut|Number=Sing|POS=DET|PronType=Ind",
      "Case=Gen|Degree=Cmp|Gender=Fem|Number=Plur|POS=ADJ",
      "Case=Acc|Degree=Cmp|Gender=Neut|Number=Plur|POS=ADJ",
      "Case=Acc|Gender=Masc|Number=Sing|POS=PRON|PronType=Dem",
      "Case=Dat|Gender=Masc|Number=Sing|POS=DET|PronType=Int",
      "Case=Nom|Number=Plur|POS=DET|Poss=Yes|PronType=Prs",
      "Case=Acc|Number=Sing|POS=PRON|PronType=Ind",
      "Definite=Ind|Gender=Fem|Number=Sing|POS=DET|PronType=Art",
      "Mood=Sub|Number=Plur|POS=VERB|Person=3|Tense=Pres|VerbForm=Fin",
      "Case=Gen|Number=Plur|POS=DET|PronType=Dem",
      "Gender=Neut|POS=DET|PronType=Ind",
      "Case=Dat|Number=Sing|POS=PRON|PronType=Ind",
      "Case=Nom|Number=Plur|POS=PRON|Person=2|PronType=Prs",
      "Mood=Ind|Number=Plur|POS=AUX|Person=2|Tense=Pres|VerbForm=Fin",
      "Mood=Ind|Number=Plur|POS=VERB|Person=2|Tense=Pres|VerbForm=Fin",
      "Case=Dat|Number=Plur|POS=PRON|Person=2|PronType=Prs",
      "Case=Acc|Number=Sing|POS=PRON|Person=1|PronType=Prs|Reflex=Yes",
      "Case=Nom|Gender=Masc|Number=Sing|POS=PRON|Poss=Yes|PronType=Prs",
      "Case=Nom|Gender=Masc|Number=Sing|POS=PRON|Person=2|PronType=Prs",
      "Case=Acc|Gender=Masc|Number=Sing|POS=PRON|Person=2|PronType=Prs",
      "Case=Nom|Gender=Neut|Number=Sing|POS=DET|PronType=Int",
      "Case=Dat|Gender=Neut|Number=Plur|POS=DET|PronType=Int",
      "Case=Acc|Gender=Fem|Number=Sing|POS=DET|PronType=Int",
      "Case=Gen|Number=Plur|POS=PRON|PronType=Ind",
      "Mood=Sub|Number=Sing|POS=VERB|Person=1|Tense=Pres|VerbForm=Fin",
      "Case=Acc|Number=Sing|POS=PRON|PronType=Int",
      "Case=Nom|Gender=Fem|Number=Plur|POS=PRON|Person=1|PronType=Prs",
      "Case=Acc|POS=PRON|PronType=Dem",
      "Mood=Sub|Number=Plur|POS=AUX|Person=1|Tense=Past|VerbForm=Fin",
      "Mood=Sub|Number=Plur|POS=VERB|Person=1|Tense=Past|VerbForm=Fin",
      "Case=Acc|Degree=Sup|Gender=Masc|Number=Plur|POS=ADJ",
      "Case=Acc|Gender=Masc|Number=Plur|POS=PRON|PronType=Dem",
      "Case=Gen|Degree=Pos|POS=ADJ",
      "Case=Acc|Gender=Fem|Number=Plur|POS=PRON|PronType=Dem",
      "Case=Gen|Number=Plur|POS=PRON|Poss=Yes|PronType=Prs",
      "Case=Dat|Gender=Neut|Number=Plur|POS=PRON|PronType=Dem",
      "Mood=Imp|Number=Plur|POS=AUX|Person=2",
      "Case=Dat|Number=Sing|POS=PRON|PronType=Int",
      "Mood=Sub|Number=Sing|POS=VERB|Person=2|Tense=Past|VerbForm=Fin",
      "Case=Acc|Number=Sing|POS=PRON|Person=2|PronType=Prs|Reflex=Yes",
      "Case=Dat|Gender=Fem|Number=Plur|POS=DET|PronType=Int",
      "Case=Dat|Gender=Masc|Number=Plur|POS=PROPN",
      "Case=Acc|Gender=Neut|Number=Plur|POS=PRON|PronType=Dem",
      "Mood=Sub|Number=Plur|POS=AUX|Person=1|Tense=Pres|VerbForm=Fin",
      "Case=Acc|Number=Sing|POS=PRON|PronType=Rel",
      "Case=Acc|Number=Sing|POS=PRON|PronType=Dem",
      "Case=Nom|Number=Sing|POS=PRON|PronType=Rel",
      "Case=Dat|Degree=Cmp|Gender=Neut|Number=Plur|POS=ADJ",
      "Case=Dat|Definite=Def|Number=Sing|POS=DET|PronType=Art",
      "Gender=Neut|Number=Plur|POS=NOUN",
      "Case=Dat|Degree=Cmp|Number=Plur|POS=ADJ",
      "Gender=Fem|POS=PROPN",
      "Case=Acc|Gender=Neut|Number=Plur|POS=PRON|PronType=Int",
      "Case=Gen|Definite=Def|Number=Sing|POS=DET|PronType=Art",
      "Case=Gen|Degree=Pos|Number=Sing|POS=ADJ",
      "Case=Nom|Number=Sing|POS=PRON|Person=3|PronType=Prs",
      "Case=Nom|Gender=Fem|Number=Plur|POS=DET|PronType=Int",
      "Case=Gen|Gender=Neut|Number=Sing|POS=DET|PronType=Ind",
      "Gender=Fem|Number=Plur|POS=NOUN",
      "Gender=Fem|POS=PRON|PronType=Ind",
      "Case=Nom|Definite=Def|Number=Sing|POS=DET|PronType=Art",
      "Mood=Ind|Number=Plur|POS=VERB|Person=2|Tense=Past|VerbForm=Fin",
      "Case=Nom|Gender=Neut|Number=Sing|POS=DET|PronType=Rel",
      "Case=Dat|Degree=Sup|Number=Plur|POS=ADJ",
      "Case=Nom|Degree=Pos|Number=Sing|POS=ADJ",
      "Case=Acc|Degree=Sup|Number=Plur|POS=ADJ",
      "Case=Nom|Gender=Neut|Number=Plur|POS=PROPN",
      "Case=Dat|Gender=Neut|Number=Plur|POS=PROPN",
      "Case=Acc|Gender=Neut|Number=Plur|POS=PRON|Poss=Yes|PronType=Prs",
      "Case=Acc|Number=Plur|POS=PRON|Person=2|PronType=Prs",
      "Case=Dat|Number=Sing|POS=DET|PronType=Ind",
      "Case=Nom|Gender=Fem|Number=Sing|POS=DET",
      "Case=Nom|Gender=Masc|POS=NOUN",
      "Case=Nom|POS=NOUN",
      "Case=Gen|POS=NOUN",
      "Degree=Cmp|Gender=Fem|Number=Sing|POS=ADJ",
      "Degree=Pos|Gender=Neut|Number=Sing|POS=ADJ",
      "Case=Acc|Definite=Def|POS=DET|PronType=Art",
      "Case=Acc|POS=PROPN",
      "Case=Nom|Number=Plur|POS=DET|PronType=Int",
      "Case=Gen|Degree=Cmp|Number=Plur|POS=ADJ",
      "Case=Acc|Gender=Neut|POS=NOUN",
      "Case=Gen|POS=DET|PronType=Rel",
      "Case=Dat|Number=Sing|POS=PRON|Poss=Yes|PronType=Prs",
      "POS=DET|PronType=Int",
      "Definite=Ind|Gender=Neut|POS=DET|PronType=Art",
      "Case=Dat|POS=NOUN",
      "Case=Acc|Definite=Ind|Number=Sing|POS=DET|PronType=Art",
      "Case=Nom|Gender=Neut|POS=NOUN",
      "Definite=Def|Gender=Masc|Number=Sing|POS=DET|PronType=Art",
      "Degree=Pos|Gender=Masc|Number=Sing|POS=ADJ",
      "Case=Dat|Number=Plur|POS=DET|PronType=Dem",
      "Case=Acc|Gender=Masc|Number=Sing|POS=PRON|PronType=Int",
      "Case=Nom|Gender=Masc|Number=Sing|POS=DET|PronType=Rel",
      "Case=Acc|Gender=Masc|Number=Plur|POS=PROPN",
      "Case=Acc|Number=Sing|POS=PRON|Person=3|PronType=Prs",
      "Case=Acc|Gender=Fem|Number=Plur|POS=PRON|PronType=Int",
      "Case=Acc|Gender=Masc|Number=Plur|POS=DET|PronType=Int",
      "Case=Gen|Number=Sing|POS=PRON|PronType=Ind",
      "Case=Acc|POS=NOUN",
      "Case=Gen|Number=Sing|POS=PRON|Person=3|PronType=Prs",
      "Case=Gen|Gender=Neut|Number=Plur|POS=PRON|PronType=Dem",
      "Case=Gen|Gender=Masc|Number=Sing|POS=PRON|PronType=Ind",
      "Case=Gen|Gender=Neut|Number=Plur|POS=PROPN",
      "Case=Nom|Definite=Def|POS=DET|PronType=Art",
      "Case=Nom|Degree=Pos|POS=ADJ",
      "Gender=Fem|Number=Sing|POS=DET|PronType=Ind",
      "Case=Acc|Gender=Masc|Number=Sing|POS=PRON|Person=1|PronType=Prs",
      "Case=Acc|Gender=Masc|Number=Plur|POS=PRON|Person=1|PronType=Prs",
      "Degree=Pos|Gender=Fem|Number=Plur|POS=ADJ",
      "Case=Nom|Gender=Masc|Number=Plur|POS=DET|PronType=Int",
      "Definite=Def|Gender=Fem|Number=Plur|POS=DET|PronType=Art",
      "Case=Acc|Number=Plur|POS=PRON|Person=2|PronType=Prs|Reflex=Yes",
      "Case=Gen|Number=Plur|POS=PRON|Person=3|PronType=Prs",
      "Case=Gen|Definite=Ind|Number=Sing|POS=DET|PronType=Art",
      "Case=Gen|Gender=Fem|Number=Sing|POS=PRON|PronType=Ind",
      "Case=Gen|Number=Sing|POS=DET|Poss=Yes|PronType=Prs",
      "Case=Dat|Gender=Masc|Number=Plur|POS=PRON|PronType=Dem",
      "Case=Nom|Number=Plur|POS=PRON|PronType=Int",
      "Case=Dat|Gender=Neut|POS=NOUN",
      "Case=Acc|Gender=Neut|Number=Plur|POS=PRON|PronType=Ind",
      "Case=Dat|Gender=Masc|Number=Plur|POS=DET|PronType=Int",
      "Case=Acc|Definite=Def|Number=Sing|POS=DET|PronType=Art",
      "Case=Nom|Gender=Masc|Number=Plur|POS=DET|PronType=Rel",
      "Degree=Cmp|POS=ADJ",
      "Case=Dat|Gender=Neut|Number=Sing|POS=PRON|Poss=Yes|PronType=Prs",
      "Case=Nom|Gender=Fem|Number=Sing|POS=PRON|Poss=Yes|PronType=Prs",
      "Case=Dat|Gender=Fem|Number=Sing|POS=PRON|Poss=Yes|PronType=Prs",
      "Case=Acc|Number=Sing|POS=DET|Poss=Yes|PronType=Prs",
      "POS=ADJ",
      "Case=Nom|Gender=Neut|Number=Plur|POS=DET|PronType=Int",
      "Case=Acc|Degree=Pos|POS=ADJ",
      "Case=Gen|POS=PRON|PronType=Int",
      "Case=Acc|Definite=Ind|Gender=Neut|Number=Plur|POS=DET|PronType=Art",
      "Definite=Def|Number=Plur|POS=DET|PronType=Art",
      "Degree=Pos|Number=Plur|POS=ADJ",
      "Number=Plur|POS=NOUN",
      "POS=PRON|PronType=Int",
      "Case=Gen|Degree=Sup|Number=Plur|POS=ADJ",
      "Case=Dat|Gender=Masc|POS=NOUN",
      "Gender=Fem|Number=Plur|POS=DET|PronType=Ind",
      "Gender=Fem|POS=DET|PronType=Dem",
      "Case=Acc|POS=PRON|PronType=Ind",
      "Case=Gen|Number=Sing|POS=DET|PronType=Int",
      "Case=Gen|Gender=Neut|Number=Plur|POS=PRON|PronType=Rel",
      "Case=Nom|Gender=Fem|POS=NOUN",
      "Case=Nom|Number=Sing|POS=PRON|Person=3|PronType=Prs|Reflex=Yes",
      "Mood=Sub|Number=Sing|POS=AUX|Person=2|Tense=Pres|VerbForm=Fin",
      "Case=Gen|Gender=Neut|Number=Sing|POS=PRON|PronType=Rel",
      "Case=Nom|Gender=Masc|Number=Sing|POS=ADP",
      "Case=Nom|Gender=Masc|POS=PROPN",
      "Definite=Def|POS=DET|PronType=Art",
      "Mood=Ind|Number=Sing|POS=VERB|Person=2|Tense=Past|VerbForm=Fin",
      "Case=Acc|Degree=Pos|Number=Sing|POS=ADJ",
      "Case=Acc|Number=Sing|POS=DET|PronType=Ind",
      "Case=Nom|Number=Sing|POS=PRON|PronType=Dem",
      "Case=Nom|Number=Sing|POS=DET|PronType=Ind",
      "Case=Dat|Gender=Fem|Number=Sing|POS=PRON|Person=1|PronType=Prs",
      "Case=Dat|POS=PRON|Person=3|PronType=Prs",
      "Case=Dat|POS=PRON|Person=3|PronType=Prs|Reflex=Yes",
      "Mood=Imp|Number=Sing|POS=AUX|Person=2",
      "Gender=Fem|Number=Sing|POS=DET|PronType=Dem",
      "Case=Gen|Gender=Masc|Number=Sing|POS=PRON|PronType=Rel",
      "Case=Acc|Gender=Masc|Number=Sing|POS=ADP",
      "Definite=Ind|Gender=Masc|Number=Sing|POS=DET|PronType=Art",
      "Mood=Sub|Number=Sing|POS=VERB|Person=2|Tense=Pres|VerbForm=Fin",
      "Case=Nom|Degree=Sup|Number=Plur|POS=ADJ",
      "Case=Gen|Gender=Masc|Number=Plur|POS=PROPN",
      "Case=Acc|Gender=Fem|Number=Plur|POS=PRON|Person=1|PronType=Prs",
      "Gender=Fem|Number=Plur|POS=DET|Poss=Yes|PronType=Prs",
      "Case=Dat|Gender=Masc|POS=PROPN",
      "Case=Gen|Gender=Fem|Number=Sing|POS=DET",
      "Case=Gen|Gender=Fem|Number=Sing|POS=PRON|PronType=Rel",
      "Case=Acc|Gender=Fem|Number=Sing|POS=PRON|PronType=Int",
      "Case=Nom|POS=PRON|PronType=Ind",
      "Case=Nom|Number=Plur|POS=PRON|Person=3|PronType=Prs|Reflex=Yes",
      "Case=Gen|Definite=Def|Gender=Fem|POS=DET|PronType=Art",
      "Case=Gen|Gender=Masc|Number=Plur|POS=PRON|Person=3|PronType=Prs",
      "Case=Acc|Gender=Masc|Number=Plur|POS=PRON|Person=2|PronType=Prs",
      "Case=Gen|POS=DET|PronType=Dem",
      "Case=Nom|Gender=Masc|Number=Plur|POS=PRON|Poss=Yes|PronType=Prs",
      "Gender=Masc|POS=PRON|PronType=Ind",
      "Gender=Neut|Number=Sing|POS=PRON|Person=3|PronType=Prs",
      "Case=Nom|Gender=Fem|POS=PRON|PronType=Ind",
      "Case=Nom|Gender=Fem|POS=PROPN",
      "Gender=Neut|Number=Plur|POS=PROPN",
      "Gender=Masc|Number=Sing|POS=PRON|PronType=Ind"
    ],
    "parser": [
      "ROOT",
      "ac",
      "adc",
      "ag",
      "ams",
      "app",
      "avc",
      "cc",
      "cd",
      "cj",
      "cm",
      "cp",
      "cvc",
      "da",
      "dep",
      "dm",
      "ep",
      "ju",
      "mnr",
      "mo",
      "ng",
      "nk",
      "nmc",
      "oa",
      "oc",
      "og",
      "op",
      "par",
      "pd",
      "pg",
      "ph",
      "pm",
      "pnc",
      "punct",
      "rc",
      "re",
      "rs",
      "sb",
      "sbp",
      "svp",
      "uc",
      "vo"
    ],
    "attribute_ruler": [],
    "ner": [
      "LOC",
      "MISC",
      "ORG",
      "PER"
    ]
  },
  "pipeline": [
    "tok2vec",
    "tagger",
    "morphologizer",
    "parser",
    "lemmatizer",
    "attribute_ruler",
    "ner"
  ],
  "components": [
    "tok2vec",
    "tagger",
    "morphologizer",
    "parser",
    "lemmatizer",
    "senter",
    "attribute_ruler",
    "ner"
  ],
  "disabled": [
    "senter"
  ],
  "performance": {
    "token_acc": 0.9998017682,
    "token_p": 0.9991808044,
    "token_r": 0.9990356034,
    "token_f": 0.9991081986,
    "tag_acc": 0.979965905,
    "pos_acc": 0.9840955194,
    "morph_acc": 0.9207154704,
    "morph_micro_p": 0.9608576096,
    "morph_micro_r": 0.959853188,
    "morph_micro_f": 0.9603551362,
    "morph_per_feat": {
      "Case": {
        "p": 0.9213943214,
        "r": 0.9229108767,
        "f": 0.9221519755
      },
      "Definite": {
        "p": 0.9955585924,
        "r": 0.9970346715,
        "f": 0.9962960852
      },
      "Gender": {
        "p": 0.9464250652,
        "r": 0.9522747799,
        "f": 0.9493409113
      },
      "Number": {
        "p": 0.9777103269,
        "r": 0.9774611999,
        "f": 0.9775857475
      },
      "PronType": {
        "p": 0.9925227568,
        "r": 0.990188924,
        "f": 0.9913544669
      },
      "Degree": {
        "p": 0.9843557743,
        "r": 0.9774829813,
        "f": 0.9809073393
      },
      "VerbForm": {
        "p": 0.9635701275,
        "r": 0.9656394288,
        "f": 0.9646036683
      },
      "Mood": {
        "p": 0.9762786003,
        "r": 0.9621953242,
        "f": 0.9691858038
      },
      "Person": {
        "p": 0.9843400447,
        "r": 0.9723756906,
        "f": 0.9783212896
      },
      "Tense": {
        "p": 0.9812658228,
        "r": 0.967226751,
        "f": 0.9741957105
      },
      "Reflex": {
        "p": 1.0,
        "r": 0.9928909953,
        "f": 0.9964328181
      },
      "Poss": {
        "p": 0.9958762887,
        "r": 0.9979338843,
        "f": 0.9969040248
      },
      "Foreign": {
        "p": 0.6530612245,
        "r": 0.1608040201,
        "f": 0.2580645161
      }
    },
    "sents_p": 0.956512649,
    "sents_r": 0.9623963638,
    "sents_f": 0.9517021808,
    "dep_uas": 0.9262392379,
    "dep_las": 0.9070296829,
    "dep_las_per_type": {
      "cp": {
        "p": 0.9545454545,
        "r": 0.9597806216,
        "f": 0.9571558797
      },
      "nk": {
        "p": 0.977915804,
        "r": 0.9809822447,
        "f": 0.9794466242
      },
      "sb": {
        "p": 0.9179788891,
        "r": 0.930538502,
        "f": 0.9242160279
      },
      "ag": {
        "p": 0.9493739793,
        "r": 0.9640685462,
        "f": 0.9566648382
      },
      "mnr": {
        "p": 0.7619453925,
        "r": 0.7507356032,
        "f": 0.7562989625
      },
      "mo": {
        "p": 0.7870752308,
        "r": 0.8106413109,
        "f": 0.7986844728
      },
      "oc": {
        "p": 0.9251639833,
        "r": 0.9340758579,
        "f": 0.929598562
      },
      "root": {
        "p": 0.9761755486,
        "r": 0.9652820831,
        "f": 0.9706982544
      },
      "rc": {
        "p": 0.6879271071,
        "r": 0.6771300448,
        "f": 0.6824858757
      },
      "op": {
        "p": 0.7566037736,
        "r": 0.5976154993,
        "f": 0.6677768526
      },
      "pm": {
        "p": 0.994269341,
        "r": 0.9971264368,
        "f": 0.9956958393
      },
      "nmc": {
        "p": 0.9811023622,
        "r": 0.9842022117,
        "f": 0.9826498423
      },
      "oa": {
        "p": 0.862335156,
        "r": 0.8842348285,
        "f": 0.8731476958
      },
      "pd": {
        "p": 0.8481421648,
        "r": 0.7720588235,
        "f": 0.8083140878
      },
      "ep": {
        "p": 0.8888888889,
        "r": 0.8421052632,
        "f": 0.8648648649
      },
      "cd": {
        "p": 0.8728098637,
        "r": 0.8688630491,
        "f": 0.8708319845
      },
      "cj": {
        "p": 0.8668975755,
        "r": 0.8639053254,
        "f": 0.8653988639
      },
      "svp": {
        "p": 0.9489194499,
        "r": 0.9288461538,
        "f": 0.9387755102
      },
      "pg": {
        "p": 0.8641975309,
        "r": 0.8917197452,
        "f": 0.8777429467
      },
      "da": {
        "p": 0.7965517241,
        "r": 0.5877862595,
        "f": 0.6764275256
      },
      "app": {
        "p": 0.6979865772,
        "r": 0.7003367003,
        "f": 0.6991596639
      },
      "ac": {
        "p": 0.8910891089,
        "r": 0.7692307692,
        "f": 0.8256880734
      },
      "pnc": {
        "p": 0.8424566088,
        "r": 0.8194805195,
        "f": 0.8308097433
      },
      "ju": {
        "p": 0.93,
        "r": 0.9393939394,
        "f": 0.9346733668
      },
      "ng": {
        "p": 0.8333333333,
        "r": 0.8377659574,
        "f": 0.8355437666
      },
      "re": {
        "p": 0.7210884354,
        "r": 0.630952381,
        "f": 0.673015873
      },
      "par": {
        "p": 0.6068376068,
        "r": 0.3480392157,
        "f": 0.4423676012
      },
      "cm": {
        "p": 0.8803827751,
        "r": 0.8846153846,
        "f": 0.8824940048
      },
      "cc": {
        "p": 0.7283236994,
        "r": 0.6331658291,
        "f": 0.6774193548
      },
      "sbp": {
        "p": 0.8584070796,
        "r": 0.8362068966,
        "f": 0.8471615721
      },
      "uc": {
        "p": 0.7272727273,
        "r": 0.2666666667,
        "f": 0.3902439024
      },
      "cvc": {
        "p": 0.9038461538,
        "r": 0.5949367089,
        "f": 0.7175572519
      },
      "ams": {
        "p": 0.7222222222,
        "r": 0.7647058824,
        "f": 0.7428571429
      },
      "rs": {
        "p": 0.6666666667,
        "r": 0.3225806452,
        "f": 0.4347826087
      },
      "dep": {
        "p": 0.0,
        "r": 0.0,
        "f": 0.0
      },
      "ph": {
        "p": 1.0,
        "r": 0.5714285714,
        "f": 0.7272727273
      },
      "dm": {
        "p": 0.0,
        "r": 0.0,
        "f": 0.0
      },
      "oa2": {
        "p": 0.0,
        "r": 0.0,
        "f": 0.0
      },
      "vo": {
        "p": 0.0,
        "r": 0.0,
        "f": 0.0
      },
      "og": {
        "p": 0.3333333333,
        "r": 0.2857142857,
        "f": 0.3076923077
      },
      "adc": {
        "p": 0.75,
        "r": 1.0,
        "f": 0.8571428571
      },
      "avc": {
        "p": 0.0,
        "r": 0.0,
        "f": 0.0
      }
    },
    "lemma_acc": 0.9794580737,
    "speed": 10448.944602725,
    "ents_p": 0.8529898059,
    "ents_r": 0.8446292461,
    "ents_f": 0.8487889386,
    "ents_per_type": {
      "LOC": {
        "p": 0.8690442495,
        "r": 0.8823853431,
        "f": 0.875663985
      },
      "PER": {
        "p": 0.8935104329,
        "r": 0.9190658535,
        "f": 0.906107991
      },
      "MISC": {
        "p": 0.7976545694,
        "r": 0.7175853674,
        "f": 0.7555044364
      },
      "ORG": {
        "p": 0.7930575145,
        "r": 0.760748647,
        "f": 0.7765671756
      }
    }
  },
  "sources": [
    {
      "name": "TIGER Corpus",
      "author": "Brants, Sabine, Stefanie Dipper, Peter Eisenberg, Silvia Hansen, Esther K\u00f6nig, Wolfgang Lezius, Christian Rohrer, George Smith, and Hans Uszkoreit",
      "url": "https://www.ims.uni-stuttgart.de/forschung/ressourcen/korpora/tiger.html",
      "license": "commercial (licensed by Explosion)"
    },
    {
      "name": "Tiger2Dep",
      "url": "https://www.ims.uni-stuttgart.de/forschung/ressourcen/werkzeuge/tiger2dep/",
      "license": "Citation provided for reference, no code packaged with model",
      "author": "Wolfgang Seeker"
    },
    {
      "name": "WikiNER",
      "url": "https://figshare.com/articles/Learning_multilingual_named_entity_recognition_from_Wikipedia/5462500",
      "license": "CC BY 4.0",
      "author": "Joel Nothman, Nicky Ringland, Will Radford, Tara Murphy, James R Curran"
    },
    {
      "name": "Explosion fastText Vectors (cbow, OSCAR Common Crawl + Wikipedia)",
      "url": "https://spacy.io",
      "license": "CC0",
      "author": "Explosion"
    }
  ],
  "requirements": [],
  "size": "541 MB",
  "checksum": "0e2cac97bde15485412ee5c1f4d3e25fc32f74c4c12f60fea98747f70aae00cd",
  "checksum_whl": "f66fe4b319a32365e21a669cb594a35ce35b79b2e2c6a73ace33367084f3a781"
}