{
  "lang": "de",
  "name": "dep_news_trf",
  "version": "3.3.0",
  "description": "German transformer pipeline (bert-base-german-cased). Components: transformer, tagger, morphologizer, parser, lemmatizer (trainable_lemmatizer).",
  "author": "Explosion",
  "email": "contact@explosion.ai",
  "url": "https://explosion.ai",
  "license": "MIT",
  "spacy_version": ">=3.3.0.dev0,<3.4.0",
  "spacy_git_version": "849bef2de",
  "vectors": {
    "width": 0,
    "vectors": 0,
    "keys": 0,
    "name": null
  },
  "labels": {
    "transformer": [],
    "tagger": [
      "$(",
      "$,",
      "$.",
      "ADJA",
      "ADJD",
      "ADV",
      "APPO",
      "APPR",
      "APPRART",
      "APZR",
      "ART",
      "CARD",
      "FM",
      "ITJ",
      "KOKOM",
      "KON",
      "KOUI",
      "KOUS",
      "NE",
      "NN",
      "NNE",
      "PDAT",
      "PDS",
      "PIAT",
      "PIS",
      "PPER",
      "PPOSAT",
      "PPOSS",
      "PRELAT",
      "PRELS",
      "PRF",
      "PROAV",
      "PTKA",
      "PTKANT",
      "PTKNEG",
      "PTKVZ",
      "PTKZU",
      "PWAT",
      "PWAV",
      "PWS",
      "TRUNC",
      "VAFIN",
      "VAIMP",
      "VAINF",
      "VAPP",
      "VMFIN",
      "VMINF",
      "VMPP",
      "VVFIN",
      "VVIMP",
      "VVINF",
      "VVIZU",
      "VVPP",
      "XY"
    ],
    "morphologizer": [
      "POS=PUNCT",
      "Case=Nom|Gender=Masc|Number=Sing|POS=PROPN",
      "Mood=Sub|Number=Sing|POS=AUX|Person=3|Tense=Past|VerbForm=Fin",
      "POS=ADV",
      "Case=Nom|Definite=Ind|Gender=Masc|Number=Sing|POS=DET|PronType=Art",
      "Case=Nom|Degree=Pos|Gender=Masc|Number=Sing|POS=ADJ",
      "Case=Nom|Gender=Masc|Number=Sing|POS=NOUN",
      "Case=Nom|Gender=Masc|Number=Plur|POS=NOUN",
      "Mood=Ind|Number=Plur|POS=VERB|Person=3|Tense=Pres|VerbForm=Fin",
      "Case=Acc|Definite=Def|Gender=Masc|Number=Sing|POS=DET|PronType=Art",
      "Case=Acc|Gender=Masc|Number=Sing|POS=NOUN",
      "POS=ADP",
      "Mood=Ind|Number=Sing|POS=VERB|Person=3|Tense=Pres|VerbForm=Fin",
      "Case=Acc|Degree=Pos|Gender=Fem|Number=Sing|POS=ADJ",
      "Case=Acc|Gender=Fem|Number=Sing|POS=NOUN",
      "Case=Acc|Gender=Fem|Number=Sing|POS=DET|Poss=Yes|PronType=Prs",
      "Case=Nom|Definite=Def|Gender=Masc|Number=Sing|POS=DET|PronType=Art",
      "Mood=Ind|Number=Sing|POS=AUX|Person=3|Tense=Pres|VerbForm=Fin",
      "Case=Acc|Definite=Def|Gender=Neut|Number=Sing|POS=DET|PronType=Art",
      "Case=Acc|Degree=Pos|Gender=Neut|Number=Sing|POS=ADJ",
      "Case=Acc|Gender=Neut|Number=Sing|POS=NOUN",
      "Case=Dat|Gender=Neut|Number=Sing|POS=PROPN",
      "POS=VERB|VerbForm=Part",
      "Case=Dat|Gender=Fem|Number=Plur|POS=NOUN",
      "Foreign=Yes|POS=X",
      "Degree=Pos|POS=ADV",
      "Case=Dat|Gender=Neut|Number=Sing|POS=ADP",
      "Case=Dat|Gender=Neut|Number=Sing|POS=NOUN",
      "Case=Dat|Degree=Pos|Gender=Neut|Number=Sing|POS=ADJ",
      "Case=Dat|Definite=Def|Gender=Masc|Number=Sing|POS=DET|PronType=Art",
      "Case=Dat|Degree=Pos|Gender=Masc|Number=Sing|POS=ADJ",
      "Case=Dat|Gender=Masc|Number=Sing|POS=NOUN",
      "POS=CCONJ",
      "POS=SCONJ",
      "Case=Acc|Definite=Ind|Gender=Neut|Number=Sing|POS=DET|PronType=Art",
      "POS=VERB|VerbForm=Inf",
      "Mood=Ind|Number=Plur|POS=AUX|Person=3|Tense=Pres|VerbForm=Fin",
      "Case=Nom|Gender=Masc|Number=Plur|POS=DET|Poss=Yes|PronType=Prs",
      "Case=Nom|Gender=Fem|Number=Plur|POS=DET|PronType=Dem",
      "Case=Nom|Gender=Fem|Number=Plur|POS=NOUN",
      "Case=Acc|Definite=Def|Gender=Fem|Number=Sing|POS=DET|PronType=Art",
      "Case=Acc|Degree=Sup|Gender=Fem|Number=Sing|POS=ADJ",
      "Case=Gen|Definite=Def|Gender=Fem|Number=Sing|POS=DET|PronType=Art",
      "Case=Gen|Gender=Fem|Number=Sing|POS=NOUN",
      "Case=Dat|Gender=Fem|Number=Sing|POS=DET|Poss=Yes|PronType=Prs",
      "Case=Dat|Gender=Fem|Number=Sing|POS=NOUN",
      "POS=PART",
      "Case=Nom|Gender=Masc|Number=Plur|POS=DET|PronType=Ind",
      "Case=Nom|Definite=Def|Gender=Masc|Number=Plur|POS=DET|PronType=Art",
      "Case=Dat|Definite=Def|Number=Plur|POS=DET|PronType=Art",
      "Case=Dat|Number=Plur|POS=PROPN",
      "POS=PRON|PronType=Ind",
      "Case=Dat|Number=Plur|POS=PRON|Person=3|PronType=Prs|Reflex=Yes",
      "Case=Acc|Definite=Ind|Gender=Masc|Number=Sing|POS=DET|PronType=Art",
      "Case=Acc|Gender=Masc|Number=Sing|POS=PROPN",
      "Case=Dat|Definite=Ind|Gender=Fem|Number=Sing|POS=DET|PronType=Art",
      "Case=Gen|Definite=Def|Gender=Neut|Number=Sing|POS=DET|PronType=Art",
      "Case=Gen|Gender=Neut|Number=Sing|POS=NOUN",
      "Case=Nom|Number=Sing|POS=PROPN",
      "Case=Dat|Definite=Def|Gender=Masc|Number=Plur|POS=DET|PronType=Art",
      "Case=Dat|Gender=Masc|Number=Plur|POS=NOUN",
      "POS=NUM",
      "Case=Dat|Gender=Neut|Number=Plur|POS=NOUN",
      "Mood=Ind|Number=Plur|POS=VERB|Person=3|Tense=Past|VerbForm=Fin",
      "Case=Dat|Gender=Masc|Number=Sing|POS=ADP",
      "Gender=Neut|POS=NOUN",
      "Case=Acc|Number=Sing|POS=PROPN",
      "Case=Acc|Number=Plur|POS=PRON|Person=3|PronType=Prs|Reflex=Yes",
      "Case=Nom|Definite=Def|Gender=Fem|Number=Sing|POS=DET|PronType=Art",
      "Case=Nom|Gender=Fem|Number=Sing|POS=NOUN",
      "Case=Gen|Definite=Def|Number=Plur|POS=DET|PronType=Art",
      "Case=Acc|Gender=Fem|Number=Plur|POS=NOUN",
      "Mood=Sub|Number=Sing|POS=VERB|Person=3|Tense=Pres|VerbForm=Fin",
      "Case=Nom|Gender=Masc|Number=Sing|POS=PRON|Person=3|PronType=Prs",
      "Case=Gen|Definite=Def|Gender=Masc|Number=Sing|POS=DET|PronType=Art",
      "Case=Gen|Gender=Masc|Number=Sing|POS=NOUN",
      "Case=Nom|Definite=Def|Number=Plur|POS=DET|PronType=Art",
      "Case=Nom|Number=Plur|POS=NOUN",
      "Case=Acc|Gender=Masc|Number=Sing|POS=DET|Poss=Yes|PronType=Prs",
      "Case=Dat|Definite=Def|Gender=Neut|Number=Sing|POS=DET|PronType=Art",
      "Case=Nom|Number=Plur|POS=PRON|PronType=Ind",
      "Case=Dat|Gender=Masc|Number=Sing|POS=DET|Poss=Yes|PronType=Prs",
      "Case=Acc|Definite=Ind|Gender=Fem|Number=Sing|POS=DET|PronType=Art",
      "POS=PROPN",
      "Case=Nom|Number=Sing|POS=PRON|Person=1|PronType=Prs",
      "Mood=Ind|Number=Sing|POS=VERB|Person=1|Tense=Pres|VerbForm=Fin",
      "POS=INTJ",
      "Case=Nom|Gender=Neut|Number=Sing|POS=PRON|PronType=Dem",
      "Case=Nom|Gender=Neut|Number=Sing|POS=DET|Poss=Yes|PronType=Prs",
      "Case=Nom|Gender=Neut|Number=Sing|POS=NOUN",
      "Case=Acc|Number=Sing|POS=PRON|Person=3|PronType=Prs|Reflex=Yes",
      "Case=Nom|Gender=Neut|Number=Sing|POS=PRON|Person=3|PronType=Prs",
      "Mood=Sub|Number=Sing|POS=AUX|Person=3|Tense=Pres|VerbForm=Fin",
      "Case=Nom|Gender=Masc|Number=Sing|POS=PRON|PronType=Rel",
      "Case=Acc|Gender=Masc|Number=Sing|POS=PRON|PronType=Ind",
      "Case=Nom|Definite=Ind|Gender=Fem|Number=Sing|POS=DET|PronType=Art",
      "Case=Nom|Degree=Pos|Gender=Fem|Number=Sing|POS=ADJ",
      "Case=Dat|Degree=Pos|Gender=Fem|Number=Plur|POS=ADJ",
      "Case=Acc|Gender=Masc|Number=Plur|POS=DET|PronType=Ind",
      "Case=Acc|Gender=Masc|Number=Plur|POS=NOUN",
      "Case=Nom|Gender=Masc|Number=Plur|POS=PRON|PronType=Rel",
      "Case=Nom|Gender=Masc|Number=Sing|POS=PRON|PronType=Ind",
      "Case=Dat|Gender=Masc|Number=Plur|POS=PRON|Person=3|PronType=Prs",
      "Case=Nom|Gender=Neut|Number=Plur|POS=NOUN",
      "Case=Acc|Gender=Neut|Number=Plur|POS=PRON|PronType=Rel",
      "Case=Dat|Number=Plur|POS=PRON|Person=3|PronType=Prs",
      "Case=Dat|Gender=Masc|Number=Sing|POS=PRON|PronType=Rel",
      "Gender=Masc|POS=NOUN",
      "Mood=Ind|Number=Sing|POS=VERB|Person=3|Tense=Past|VerbForm=Fin",
      "Case=Nom|Definite=Def|Gender=Fem|Number=Plur|POS=DET|PronType=Art",
      "Case=Nom|Gender=Fem|Number=Sing|POS=DET|PronType=Int",
      "Case=Gen|Gender=Masc|Number=Sing|POS=PROPN",
      "POS=SCONJ|PronType=Int",
      "Case=Acc|Gender=Fem|Number=Plur|POS=DET|Poss=Yes|PronType=Prs",
      "Case=Dat|Degree=Pos|Gender=Masc|Number=Plur|POS=ADJ",
      "Case=Nom|Number=Sing|POS=PRON|PronType=Ind",
      "Case=Gen|Definite=Def|Gender=Fem|Number=Plur|POS=DET|PronType=Art",
      "Case=Gen|Gender=Fem|Number=Plur|POS=NOUN",
      "Case=Dat|Gender=Masc|Number=Sing|POS=PRON|Person=3|PronType=Prs",
      "Case=Dat|Definite=Def|Gender=Fem|Number=Sing|POS=DET|PronType=Art",
      "Case=Nom|Gender=Masc|Number=Sing|POS=DET|PronType=Ind",
      "Case=Dat|Degree=Pos|Gender=Fem|Number=Sing|POS=ADJ",
      "Case=Acc|Gender=Neut|Number=Sing|POS=DET|Poss=Yes|PronType=Prs",
      "Case=Dat|Gender=Neut|Number=Sing|POS=PRON|PronType=Ind",
      "Case=Dat|Degree=Cmp|Gender=Fem|Number=Plur|POS=ADJ",
      "Case=Nom|Degree=Pos|Gender=Masc|Number=Plur|POS=ADJ",
      "Gender=Neut|POS=PRON|PronType=Ind",
      "Case=Acc|Gender=Masc|Number=Sing|POS=PRON|Person=3|PronType=Prs",
      "Case=Dat|Number=Plur|POS=DET|Poss=Yes|PronType=Prs",
      "Case=Dat|Number=Plur|POS=NOUN",
      "Case=Dat|Gender=Masc|Number=Sing|POS=PRON|PronType=Ind",
      "Case=Nom|Gender=Fem|Number=Sing|POS=DET|Poss=Yes|PronType=Prs",
      "Case=Dat|Gender=Masc|Number=Sing|POS=PROPN",
      "Case=Gen|Gender=Masc|Number=Sing|POS=PRON|PronType=Dem",
      "Case=Dat|Gender=Fem|Number=Sing|POS=ADP",
      "Case=Acc|Gender=Fem|Number=Plur|POS=DET|PronType=Int",
      "Case=Gen|Number=Plur|POS=PROPN",
      "Case=Acc|Gender=Fem|Number=Plur|POS=DET|PronType=Dem",
      "Case=Acc|Gender=Neut|Number=Plur|POS=NOUN",
      "Case=Acc|Degree=Pos|Gender=Masc|Number=Sing|POS=ADJ",
      "Case=Nom|Definite=Def|Gender=Neut|Number=Plur|POS=DET|PronType=Art",
      "Case=Gen|Gender=Neut|Number=Sing|POS=DET|Poss=Yes|PronType=Prs",
      "Degree=Cmp|POS=ADV",
      "Case=Nom|Gender=Neut|Number=Plur|POS=PRON|PronType=Dem",
      "Case=Gen|Definite=Ind|Gender=Neut|Number=Sing|POS=DET|PronType=Art",
      "Case=Acc|Gender=Neut|Number=Sing|POS=ADP",
      "Case=Dat|Number=Plur|POS=PRON|Person=1|PronType=Prs",
      "Case=Acc|Gender=Neut|Number=Sing|POS=PRON|PronType=Int",
      "Case=Dat|Definite=Ind|Gender=Neut|Number=Sing|POS=DET|PronType=Art",
      "Mood=Ind|Number=Plur|POS=AUX|Person=3|Tense=Past|VerbForm=Fin",
      "Case=Gen|Definite=Def|Gender=Masc|Number=Plur|POS=DET|PronType=Art",
      "Case=Gen|Gender=Masc|Number=Plur|POS=NOUN",
      "Case=Acc|Gender=Neut|Number=Sing|POS=PRON|Person=3|PronType=Prs",
      "Case=Acc|Degree=Sup|Gender=Masc|Number=Sing|POS=ADJ",
      "Case=Nom|Number=Plur|POS=PRON|Person=3|PronType=Prs",
      "Case=Gen|Gender=Masc|Number=Plur|POS=DET|Poss=Yes|PronType=Prs",
      "Mood=Ind|Number=Sing|POS=AUX|Person=3|Tense=Past|VerbForm=Fin",
      "Case=Gen|Number=Sing|POS=PROPN",
      "Case=Nom|Definite=Def|Gender=Neut|Number=Sing|POS=DET|PronType=Art",
      "Case=Nom|Degree=Pos|Gender=Neut|Number=Sing|POS=ADJ",
      "Case=Dat|Gender=Fem|Number=Plur|POS=PRON|PronType=Rel",
      "Case=Acc|Degree=Pos|Gender=Masc|Number=Plur|POS=ADJ",
      "Case=Nom|Gender=Fem|Number=Plur|POS=DET|PronType=Ind",
      "Case=Gen|Gender=Neut|Number=Sing|POS=PROPN",
      "Case=Gen|Gender=Masc|Number=Sing|POS=DET|PronType=Rel",
      "Case=Nom|Gender=Neut|Number=Sing|POS=PRON|PronType=Int",
      "Case=Acc|Gender=Neut|Number=Sing|POS=DET|PronType=Ind",
      "Case=Gen|Definite=Ind|Gender=Masc|Number=Sing|POS=DET|PronType=Art",
      "POS=X",
      "Case=Dat|Degree=Sup|Gender=Fem|Number=Sing|POS=ADJ",
      "Case=Gen|Number=Plur|POS=NOUN",
      "Case=Gen|Degree=Pos|Gender=Masc|Number=Sing|POS=ADJ",
      "Case=Gen|Number=Plur|POS=DET|Poss=Yes|PronType=Prs",
      "Case=Acc|Number=Plur|POS=PRON|PronType=Rel",
      "Case=Nom|Degree=Pos|Gender=Fem|Number=Plur|POS=ADJ",
      "Case=Gen|Degree=Pos|Gender=Fem|Number=Sing|POS=ADJ",
      "Case=Gen|Definite=Def|Gender=Neut|Number=Plur|POS=DET|PronType=Art",
      "Case=Gen|Degree=Pos|Gender=Neut|Number=Plur|POS=ADJ",
      "Case=Gen|Gender=Neut|Number=Plur|POS=NOUN",
      "Case=Nom|Gender=Fem|Number=Plur|POS=PRON|PronType=Ind",
      "Mood=Sub|Number=Plur|POS=AUX|Person=3|Tense=Past|VerbForm=Fin",
      "Case=Nom|Degree=Pos|Number=Plur|POS=ADJ",
      "Case=Nom|Number=Plur|POS=PRON|PronType=Rel",
      "Case=Nom|Gender=Fem|Number=Sing|POS=PRON|PronType=Rel",
      "Case=Acc|Degree=Pos|Gender=Neut|Number=Plur|POS=ADJ",
      "Case=Dat|Degree=Pos|Gender=Neut|Number=Plur|POS=ADJ",
      "Case=Acc|Definite=Def|Gender=Neut|Number=Plur|POS=DET|PronType=Art",
      "Case=Acc|Degree=Sup|Gender=Neut|Number=Plur|POS=ADJ",
      "Case=Nom|Degree=Sup|Gender=Masc|Number=Sing|POS=ADJ",
      "Case=Nom|Gender=Fem|Number=Plur|POS=PRON|PronType=Rel",
      "POS=DET|PronType=Ind",
      "Case=Gen|Degree=Pos|Gender=Fem|Number=Plur|POS=ADJ",
      "Case=Nom|Gender=Masc|Number=Plur|POS=PRON|Person=3|PronType=Prs",
      "Case=Acc|Gender=Masc|Number=Sing|POS=DET|PronType=Dem",
      "Case=Dat|Gender=Fem|Number=Plur|POS=DET|Poss=Yes|PronType=Prs",
      "Case=Acc|Gender=Neut|Number=Sing|POS=PROPN",
      "Case=Nom|Gender=Fem|Number=Sing|POS=PROPN",
      "Case=Acc|Definite=Def|Gender=Masc|Number=Plur|POS=DET|PronType=Art",
      "Case=Dat|Definite=Def|Gender=Neut|Number=Plur|POS=DET|PronType=Art",
      "Case=Nom|Gender=Neut|Number=Plur|POS=DET|PronType=Ind",
      "Case=Dat|Number=Sing|POS=DET|Poss=Yes|PronType=Prs",
      "Case=Dat|Number=Sing|POS=NOUN",
      "Case=Nom|Definite=Ind|Gender=Neut|Number=Sing|POS=DET|PronType=Art",
      "Degree=Pos|POS=ADJ",
      "Case=Acc|Gender=Fem|Number=Sing|POS=PROPN",
      "Case=Acc|Degree=Pos|Number=Plur|POS=ADJ",
      "Case=Acc|Number=Plur|POS=NOUN",
      "Case=Dat|Number=Plur|POS=PRON|PronType=Rel",
      "Case=Acc|Gender=Neut|Number=Sing|POS=PRON|PronType=Dem",
      "Mood=Sub|Number=Sing|POS=VERB|Person=1|Tense=Past|VerbForm=Fin",
      "Case=Acc|Number=Plur|POS=PRON|Person=3|PronType=Prs",
      "Case=Nom|Degree=Pos|Gender=Neut|Number=Plur|POS=ADJ",
      "Case=Acc|Gender=Neut|Number=Sing|POS=PRON|PronType=Rel",
      "Case=Nom|Gender=Neut|Number=Plur|POS=PRON|PronType=Rel",
      "POS=AUX|VerbForm=Inf",
      "Case=Acc|Gender=Neut|Number=Plur|POS=DET|PronType=Dem",
      "Case=Nom|Gender=Fem|Number=Sing|POS=PRON|Person=3|PronType=Prs",
      "Mood=Ind|Number=Plur|POS=VERB|Person=1|Tense=Pres|VerbForm=Fin",
      "Case=Nom|Number=Plur|POS=PRON|Person=1|PronType=Prs",
      "Case=Acc|Gender=Fem|Number=Plur|POS=DET|PronType=Ind",
      "Case=Nom|Gender=Fem|Number=Plur|POS=PRON|Person=3|PronType=Prs",
      "Case=Acc|POS=PRON|Person=3|PronType=Prs",
      "Case=Gen|Gender=Fem|Number=Sing|POS=DET|Poss=Yes|PronType=Prs",
      "Case=Acc|Definite=Def|Gender=Fem|Number=Plur|POS=DET|PronType=Art",
      "Case=Dat|Gender=Fem|Number=Sing|POS=PROPN",
      "Case=Gen|Degree=Pos|Gender=Neut|Number=Sing|POS=ADJ",
      "Case=Acc|Gender=Fem|Number=Sing|POS=DET|PronType=Ind",
      "Case=Acc|Degree=Pos|Gender=Fem|Number=Plur|POS=ADJ",
      "Case=Nom|Gender=Neut|Number=Sing|POS=PRON|PronType=Rel",
      "Case=Gen|Definite=Ind|Gender=Fem|Number=Sing|POS=DET|PronType=Art",
      "Case=Nom|Gender=Fem|Number=Sing|POS=DET|PronType=Dem",
      "Case=Dat|Gender=Neut|Number=Sing|POS=DET|Poss=Yes|PronType=Prs",
      "Mood=Sub|Number=Plur|POS=AUX|Person=3|Tense=Pres|VerbForm=Fin",
      "POS=ADV|PronType=Int",
      "Case=Nom|Gender=Masc|Number=Sing|POS=PRON|PronType=Int",
      "Case=Dat|Gender=Masc|Number=Sing|POS=PRON|PronType=Int",
      "POS=AUX|VerbForm=Part",
      "Case=Dat|Gender=Neut|Number=Plur|POS=DET|PronType=Ind",
      "Case=Dat|Number=Plur|POS=PRON|PronType=Ind",
      "Case=Nom|Number=Plur|POS=DET|PronType=Dem",
      "Case=Dat|Gender=Neut|Number=Sing|POS=DET|PronType=Dem",
      "Case=Dat|Definite=Def|Gender=Fem|Number=Plur|POS=DET|PronType=Art",
      "Case=Gen|Gender=Fem|Number=Sing|POS=PROPN",
      "Case=Dat|Number=Sing|POS=PRON|Person=3|PronType=Prs|Reflex=Yes",
      "Case=Acc|Number=Plur|POS=PRON|Person=1|PronType=Prs",
      "Case=Acc|Degree=Cmp|Gender=Fem|Number=Sing|POS=ADJ",
      "Case=Gen|Gender=Masc|Number=Sing|POS=DET|PronType=Dem",
      "Mood=Ind|Number=Plur|POS=AUX|Person=1|Tense=Pres|VerbForm=Fin",
      "Case=Dat|Gender=Fem|Number=Plur|POS=DET|PronType=Dem",
      "Case=Nom|Gender=Neut|Number=Sing|POS=DET|PronType=Ind",
      "Case=Dat|Number=Sing|POS=PRON|Person=1|PronType=Prs|Reflex=Yes",
      "Case=Acc|Number=Sing|POS=PRON|Person=1|PronType=Prs",
      "Case=Dat|Degree=Pos|Number=Plur|POS=ADJ",
      "Case=Dat|Number=Sing|POS=PRON|Person=1|PronType=Prs",
      "Case=Nom|Gender=Neut|Number=Sing|POS=PRON|PronType=Ind",
      "Case=Nom|Gender=Neut|Number=Sing|POS=PROPN",
      "Case=Nom|Number=Plur|POS=DET|PronType=Ind",
      "Degree=Sup|POS=ADV",
      "Case=Dat|Gender=Masc|Number=Plur|POS=PRON|PronType=Rel",
      "Case=Nom|Gender=Fem|Number=Sing|POS=PRON|PronType=Ind",
      "Case=Acc|Gender=Fem|Number=Plur|POS=PRON|PronType=Rel",
      "Case=Nom|Number=Sing|POS=NOUN",
      "Case=Acc|Definite=Def|Number=Plur|POS=DET|PronType=Art",
      "Case=Gen|Number=Sing|POS=NOUN",
      "Case=Nom|Gender=Fem|Number=Sing|POS=DET|PronType=Ind",
      "Case=Nom|Degree=Cmp|Gender=Fem|Number=Sing|POS=ADJ",
      "Case=Dat|Gender=Fem|Number=Sing|POS=PRON|Person=3|PronType=Prs",
      "Case=Acc|Gender=Masc|Number=Plur|POS=DET|Poss=Yes|PronType=Prs",
      "Case=Gen|Degree=Cmp|Gender=Masc|Number=Sing|POS=ADJ",
      "Case=Nom|Number=Plur|POS=PRON|PronType=Dem",
      "Case=Nom|Gender=Fem|Number=Sing|POS=PRON|PronType=Dem",
      "Case=Acc|Gender=Masc|Number=Sing|POS=DET|PronType=Ind",
      "Case=Acc|Number=Plur|POS=PRON|PronType=Ind",
      "Case=Dat|Number=Plur|POS=DET|PronType=Ind",
      "Mood=Sub|Number=Sing|POS=VERB|Person=3|Tense=Past|VerbForm=Fin",
      "Case=Dat|Gender=Neut|Number=Sing|POS=PRON|PronType=Rel",
      "Definite=Ind|Gender=Neut|Number=Sing|POS=DET|PronType=Art",
      "Case=Dat|Gender=Neut|Number=Plur|POS=DET|Poss=Yes|PronType=Prs",
      "Case=Dat|Gender=Fem|Number=Sing|POS=DET|PronType=Ind",
      "Case=Acc|Degree=Cmp|Gender=Masc|Number=Plur|POS=ADJ",
      "Gender=Fem|POS=NOUN",
      "Case=Gen|Degree=Sup|Gender=Fem|Number=Plur|POS=ADJ",
      "Case=Dat|Degree=Cmp|Gender=Fem|Number=Sing|POS=ADJ",
      "Case=Dat|Definite=Ind|Gender=Masc|Number=Sing|POS=DET|PronType=Art",
      "Case=Nom|Gender=Masc|Number=Sing|POS=DET|Poss=Yes|PronType=Prs",
      "Case=Dat|Degree=Sup|Gender=Masc|Number=Sing|POS=ADJ",
      "Case=Gen|Gender=Masc|Number=Plur|POS=DET|PronType=Dem",
      "Case=Gen|Gender=Fem|Number=Sing|POS=DET|PronType=Ind",
      "Case=Acc|Gender=Neut|Number=Plur|POS=DET|PronType=Ind",
      "Case=Nom|Gender=Masc|Number=Plur|POS=PRON|PronType=Dem",
      "Case=Gen|Gender=Neut|Number=Plur|POS=DET|PronType=Ind",
      "Case=Nom|Degree=Sup|Gender=Masc|Number=Plur|POS=ADJ",
      "Case=Acc|Gender=Fem|Number=Sing|POS=PRON|PronType=Rel",
      "Case=Nom|Degree=Cmp|Number=Plur|POS=ADJ",
      "Case=Gen|Gender=Fem|Number=Sing|POS=DET|PronType=Rel",
      "Case=Dat|Gender=Fem|Number=Plur|POS=PROPN",
      "Case=Dat|Number=Sing|POS=PROPN",
      "Case=Gen|Degree=Pos|Gender=Masc|Number=Plur|POS=ADJ",
      "Case=Dat|Gender=Masc|Number=Plur|POS=DET|PronType=Ind",
      "Case=Dat|Gender=Masc|Number=Sing|POS=DET|PronType=Dem",
      "Case=Dat|Gender=Neut|Number=Plur|POS=PRON|PronType=Rel",
      "Case=Nom|Gender=Neut|Number=Sing|POS=DET|PronType=Dem",
      "Case=Acc|Gender=Neut|Number=Sing|POS=PRON|PronType=Ind",
      "Case=Nom|Number=Plur|POS=PROPN",
      "Mood=Sub|Number=Plur|POS=VERB|Person=3|Tense=Past|VerbForm=Fin",
      "Case=Acc|Number=Plur|POS=PRON|Person=1|PronType=Prs|Reflex=Yes",
      "Case=Gen|Gender=Fem|Number=Plur|POS=PRON|PronType=Rel",
      "Case=Gen|Gender=Masc|Number=Plur|POS=DET|PronType=Rel",
      "Case=Gen|Gender=Neut|Number=Plur|POS=DET|Poss=Yes|PronType=Prs",
      "Case=Gen|Number=Plur|POS=DET|PronType=Rel",
      "Case=Dat|Degree=Sup|Gender=Fem|Number=Plur|POS=ADJ",
      "Case=Nom|Gender=Neut|Number=Plur|POS=DET|PronType=Dem",
      "Case=Nom|Degree=Cmp|Gender=Neut|Number=Plur|POS=ADJ",
      "Case=Nom|Gender=Fem|Number=Plur|POS=PROPN",
      "Case=Dat|Gender=Fem|Number=Plur|POS=DET|PronType=Ind",
      "Case=Nom|Degree=Sup|Gender=Fem|Number=Sing|POS=ADJ",
      "Case=Gen|Degree=Pos|Number=Plur|POS=ADJ",
      "Case=Acc|Gender=Fem|Number=Sing|POS=PRON|Person=3|PronType=Prs",
      "Case=Acc|Gender=Fem|Number=Sing|POS=DET|PronType=Dem",
      "Case=Gen|Gender=Fem|Number=Sing|POS=DET|PronType=Dem",
      "Case=Dat|Gender=Fem|Number=Plur|POS=PRON|PronType=Ind",
      "Case=Nom|Degree=Cmp|Gender=Fem|Number=Plur|POS=ADJ",
      "Case=Dat|Number=Plur|POS=PRON|PronType=Dem",
      "Case=Nom|Gender=Masc|Number=Sing|POS=PRON|PronType=Dem",
      "Case=Acc|Degree=Cmp|Gender=Masc|Number=Sing|POS=ADJ",
      "Case=Acc|Number=Plur|POS=DET|PronType=Dem",
      "Case=Nom|Gender=Fem|Number=Plur|POS=DET|Poss=Yes|PronType=Prs",
      "Case=Acc|Gender=Masc|Number=Plur|POS=PRON|Person=3|PronType=Prs",
      "Case=Dat|Gender=Fem|Number=Sing|POS=PRON|PronType=Rel",
      "Gender=Masc|Number=Sing|POS=NOUN",
      "Case=Gen|Gender=Neut|Number=Sing|POS=DET|PronType=Dem",
      "Case=Gen|Gender=Masc|Number=Sing|POS=DET|Poss=Yes|PronType=Prs",
      "Case=Nom|Definite=Ind|Number=Sing|POS=DET|PronType=Art",
      "Case=Acc|Number=Plur|POS=PRON|Poss=Yes|PronType=Prs",
      "Mood=Ind|Number=Sing|POS=AUX|Person=1|Tense=Pres|VerbForm=Fin",
      "Case=Dat|Gender=Fem|Number=Sing|POS=DET|PronType=Int",
      "Case=Nom|Gender=Masc|Number=Sing|POS=DET|PronType=Dem",
      "Gender=Fem|Number=Sing|POS=DET|Poss=Yes|PronType=Prs",
      "Gender=Fem|Number=Sing|POS=NOUN",
      "Case=Gen|Gender=Fem|Number=Plur|POS=DET|Poss=Yes|PronType=Prs",
      "Case=Gen|Gender=Fem|Number=Plur|POS=PRON|PronType=Dem",
      "Case=Acc|Gender=Fem|Number=Plur|POS=PRON|Person=3|PronType=Prs",
      "Case=Gen|Gender=Fem|Number=Sing|POS=DET|PronType=Int",
      "Case=Dat|Gender=Fem|Number=Sing|POS=DET|PronType=Dem",
      "Case=Dat|Gender=Masc|Number=Sing|POS=DET|PronType=Ind",
      "Case=Acc|Gender=Neut|Number=Plur|POS=DET|Poss=Yes|PronType=Prs",
      "Case=Nom|Gender=Fem|Number=Sing|POS=DET|PronType=Rel",
      "Case=Gen|Gender=Fem|Number=Plur|POS=DET|PronType=Ind",
      "Case=Dat|Gender=Fem|Number=Plur|POS=PRON|Person=3|PronType=Prs",
      "Case=Acc|Degree=Cmp|Number=Plur|POS=ADJ",
      "Case=Gen|Number=Plur|POS=PRON|PronType=Dem",
      "Case=Nom|Gender=Neut|Number=Plur|POS=PRON|Person=3|PronType=Prs",
      "Case=Acc|Gender=Fem|Number=Sing|POS=PRON|PronType=Ind",
      "Case=Acc|Degree=Sup|Gender=Neut|Number=Sing|POS=ADJ",
      "Case=Acc|Degree=Cmp|Gender=Fem|Number=Plur|POS=ADJ",
      "Case=Dat|Gender=Neut|Number=Plur|POS=DET|PronType=Dem",
      "Case=Acc|Gender=Masc|Number=Plur|POS=PRON|PronType=Ind",
      "Case=Nom|Gender=Masc|Number=Plur|POS=PRON|PronType=Ind",
      "Mood=Sub|Number=Sing|POS=AUX|Person=1|Tense=Past|VerbForm=Fin",
      "Case=Nom|Gender=Fem|Number=Plur|POS=PRON|PronType=Dem",
      "Gender=Masc|Number=Plur|POS=NOUN",
      "Case=Nom|Degree=Cmp|Gender=Neut|Number=Sing|POS=ADJ",
      "Gender=Neut|POS=PROPN",
      "Case=Acc|Gender=Neut|Number=Plur|POS=PROPN",
      "Case=Gen|Degree=Sup|Gender=Neut|Number=Plur|POS=ADJ",
      "Case=Dat|Degree=Sup|Gender=Neut|Number=Plur|POS=ADJ",
      "Degree=Pos|Gender=Fem|Number=Sing|POS=ADJ",
      "Case=Dat|Gender=Neut|Number=Plur|POS=PRON|Person=3|PronType=Prs",
      "Gender=Masc|POS=PROPN",
      "Case=Dat|Gender=Masc|Number=Sing|POS=PRON|PronType=Dem",
      "Case=Nom|POS=PROPN",
      "Case=Acc|Gender=Masc|Number=Plur|POS=DET|PronType=Dem",
      "Case=Nom|Gender=Neut|Number=Plur|POS=PRON|PronType=Ind",
      "Case=Gen|Gender=Neut|Number=Plur|POS=DET|PronType=Dem",
      "Case=Gen|Gender=Masc|Number=Plur|POS=PRON|PronType=Dem",
      "Case=Acc|Gender=Neut|Number=Plur|POS=PRON|Person=3|PronType=Prs",
      "Case=Dat|Gender=Masc|Number=Plur|POS=DET|PronType=Dem",
      "Case=Dat|Gender=Masc|Number=Plur|POS=DET|Poss=Yes|PronType=Prs",
      "Case=Gen|Gender=Masc|Number=Plur|POS=DET|PronType=Ind",
      "Case=Acc|Gender=Masc|Number=Plur|POS=PRON|PronType=Rel",
      "Case=Acc|Gender=Neut|Number=Plur|POS=DET|PronType=Int",
      "Definite=Def|Gender=Fem|Number=Sing|POS=DET|PronType=Art",
      "Case=Acc|Gender=Neut|Number=Sing|POS=DET|PronType=Dem",
      "Case=Gen|Degree=Cmp|Gender=Masc|Number=Plur|POS=ADJ",
      "Case=Gen|Gender=Fem|Number=Sing|POS=PRON|PronType=Dem",
      "Case=Dat|Number=Sing|POS=PRON|Person=3|PronType=Prs",
      "Case=Gen|Degree=Sup|Gender=Masc|Number=Plur|POS=ADJ",
      "Case=Acc|Gender=Fem|Number=Sing|POS=PRON|Person=1|PronType=Prs",
      "Case=Gen|Gender=Neut|Number=Sing|POS=DET|PronType=Rel",
      "Case=Acc|Gender=Fem|Number=Plur|POS=PROPN",
      "Case=Acc|Number=Plur|POS=PROPN",
      "Case=Nom|Gender=Neut|Number=Plur|POS=DET|Poss=Yes|PronType=Prs",
      "Case=Acc|Number=Plur|POS=DET|PronType=Ind",
      "Case=Dat|Definite=Ind|Number=Sing|POS=DET|PronType=Art",
      "Case=Dat|Number=Sing|POS=PRON|PronType=Rel",
      "Case=Gen|Degree=Cmp|Gender=Neut|Number=Plur|POS=ADJ",
      "Case=Dat|Number=Sing|POS=ADP",
      "Case=Gen|Gender=Fem|Number=Plur|POS=DET|PronType=Rel",
      "Mood=Imp|Number=Sing|POS=VERB|Person=2",
      "Case=Nom|Degree=Cmp|Gender=Masc|Number=Plur|POS=ADJ",
      "Case=Nom|Degree=Cmp|Gender=Masc|Number=Sing|POS=ADJ",
      "Case=Gen|Gender=Fem|Number=Plur|POS=PROPN",
      "Case=Acc|Gender=Masc|POS=NOUN",
      "Case=Dat|Degree=Sup|Gender=Neut|Number=Sing|POS=ADJ",
      "Case=Dat|Gender=Fem|Number=Sing|POS=PRON|PronType=Ind",
      "Case=Dat|Degree=Cmp|Gender=Neut|Number=Sing|POS=ADJ",
      "Case=Gen|Gender=Neut|Number=Sing|POS=PRON|PronType=Ind",
      "Case=Acc|Degree=Sup|Gender=Fem|Number=Plur|POS=ADJ",
      "Case=Acc|Degree=Cmp|Gender=Neut|Number=Sing|POS=ADJ",
      "Case=Gen|Degree=Sup|Gender=Masc|Number=Sing|POS=ADJ",
      "Case=Gen|Degree=Sup|Gender=Neut|Number=Sing|POS=ADJ",
      "Gender=Neut|Number=Sing|POS=NOUN",
      "POS=NOUN",
      "Case=Dat|Gender=Neut|Number=Sing|POS=DET|PronType=Int",
      "Case=Nom|Gender=Fem|Number=Sing|POS=PRON|Person=1|PronType=Prs",
      "Case=Nom|Gender=Masc|Number=Plur|POS=DET|PronType=Dem",
      "Case=Gen|Number=Sing|POS=DET|PronType=Rel",
      "Case=Gen|Gender=Fem|Number=Plur|POS=DET|PronType=Dem",
      "Case=Dat|POS=PROPN",
      "Case=Gen|Definite=Def|POS=DET|PronType=Art",
      "Case=Gen|POS=PROPN",
      "Case=Acc|Number=Sing|POS=NOUN",
      "Case=Gen|Degree=Sup|Gender=Fem|Number=Sing|POS=ADJ",
      "Case=Dat|Degree=Cmp|Gender=Masc|Number=Sing|POS=ADJ",
      "Mood=Imp|Number=Plur|POS=VERB|Person=2",
      "Case=Dat|Degree=Cmp|Gender=Masc|Number=Plur|POS=ADJ",
      "Case=Dat|Number=Plur|POS=PRON|Person=1|PronType=Prs|Reflex=Yes",
      "Case=Nom|Gender=Masc|Number=Sing|POS=PRON|Person=1|PronType=Prs",
      "Case=Acc|Gender=Masc|Number=Sing|POS=PRON|PronType=Rel",
      "Case=Nom|Gender=Masc|Number=Plur|POS=PRON|Person=1|PronType=Prs",
      "Case=Gen|Gender=Neut|Number=Sing|POS=PRON|PronType=Dem",
      "Case=Gen|Gender=Fem|Number=Sing|POS=PRON|Person=3|PronType=Prs",
      "Case=Gen|Degree=Cmp|Gender=Fem|Number=Sing|POS=ADJ",
      "Case=Nom|Gender=Masc|Number=Sing|POS=DET|PronType=Int",
      "Case=Gen|POS=PRON|PronType=Dem",
      "Definite=Ind|POS=DET|PronType=Art",
      "Mood=Ind|Number=Sing|POS=AUX|Person=1|Tense=Past|VerbForm=Fin",
      "Case=Nom|Degree=Sup|Gender=Neut|Number=Plur|POS=ADJ",
      "Case=Acc|Gender=Masc|Number=Sing|POS=DET|PronType=Int",
      "Case=Dat|POS=PRON|PronType=Dem",
      "Gender=Masc|Number=Sing|POS=PROPN",
      "Case=Gen|Degree=Cmp|Gender=Neut|Number=Sing|POS=ADJ",
      "Case=Acc|Gender=Neut|Number=Sing|POS=PRON|Poss=Yes|PronType=Prs",
      "Case=Acc|Gender=Fem|Number=Sing|POS=PRON|PronType=Dem",
      "Gender=Neut|Number=Sing|POS=PROPN",
      "Case=Dat|Gender=Neut|Number=Sing|POS=PRON|PronType=Dem",
      "Case=Dat|Number=Sing|POS=PRON|PronType=Dem",
      "Case=Dat|Gender=Neut|Number=Sing|POS=PRON|Person=3|PronType=Prs",
      "Case=Dat|Degree=Cmp|Number=Sing|POS=ADJ",
      "Case=Dat|Degree=Pos|Number=Sing|POS=ADJ",
      "POS=DET|Poss=Yes|PronType=Prs",
      "Case=Gen|Number=Sing|POS=PRON|PronType=Dem",
      "Gender=Fem|Number=Sing|POS=PROPN",
      "Case=Nom|Degree=Sup|Gender=Neut|Number=Sing|POS=ADJ",
      "Mood=Ind|Number=Plur|POS=AUX|Person=1|Tense=Past|VerbForm=Fin",
      "Case=Nom|Gender=Masc|Number=Plur|POS=PROPN",
      "Case=Nom|Degree=Sup|Gender=Fem|Number=Plur|POS=ADJ",
      "Case=Nom|Number=Sing|POS=PRON|Person=2|PronType=Prs",
      "Mood=Ind|Number=Sing|POS=VERB|Person=2|Tense=Pres|VerbForm=Fin",
      "Case=Acc|Number=Plur|POS=PRON|PronType=Dem",
      "Case=Nom|POS=PRON|Person=3|PronType=Prs",
      "Mood=Ind|Number=Sing|POS=AUX|Person=2|Tense=Pres|VerbForm=Fin",
      "Case=Nom|Gender=Fem|Number=Sing|POS=PRON|Person=2|PronType=Prs",
      "Case=Dat|Number=Sing|POS=PRON|Person=2|PronType=Prs",
      "Case=Acc|Number=Sing|POS=PRON|Person=2|PronType=Prs",
      "Case=Nom|Number=Sing|POS=PRON|PronType=Int",
      "Mood=Sub|Number=Sing|POS=AUX|Person=1|Tense=Pres|VerbForm=Fin",
      "Mood=Ind|Number=Sing|POS=VERB|Person=1|Tense=Past|VerbForm=Fin",
      "Mood=Ind|Number=Plur|POS=VERB|Person=1|Tense=Past|VerbForm=Fin",
      "Case=Nom|Gender=Masc|Number=Plur|POS=PRON|PronType=Int",
      "Case=Dat|Gender=Masc|Number=Plur|POS=PRON|PronType=Ind",
      "Case=Nom|Number=Sing|POS=DET|Poss=Yes|PronType=Prs",
      "Case=Gen|Gender=Neut|Number=Plur|POS=DET|PronType=Rel",
      "Case=Acc|Gender=Neut|Number=Sing|POS=DET|PronType=Int",
      "Case=Acc|Gender=Fem|Number=Plur|POS=PRON|PronType=Ind",
      "Case=Dat|Degree=Sup|Gender=Masc|Number=Plur|POS=ADJ",
      "Case=Acc|Number=Plur|POS=DET|Poss=Yes|PronType=Prs",
      "Case=Dat|Gender=Masc|Number=Sing|POS=PRON|Person=1|PronType=Prs",
      "Case=Dat|Gender=Neut|Number=Plur|POS=PRON|PronType=Ind",
      "Case=Dat|Gender=Fem|Number=Plur|POS=PRON|PronType=Dem",
      "Case=Gen|Number=Plur|POS=DET|PronType=Ind",
      "Case=Gen|Gender=Masc|Number=Sing|POS=DET|PronType=Ind",
      "Case=Dat|Gender=Fem|Number=Sing|POS=PRON|PronType=Dem",
      "Case=Dat|Gender=Neut|Number=Sing|POS=DET|PronType=Ind",
      "Case=Gen|Degree=Cmp|Gender=Fem|Number=Plur|POS=ADJ",
      "Case=Acc|Degree=Cmp|Gender=Neut|Number=Plur|POS=ADJ",
      "Case=Acc|Gender=Masc|Number=Sing|POS=PRON|PronType=Dem",
      "Case=Dat|Gender=Masc|Number=Sing|POS=DET|PronType=Int",
      "Case=Nom|Number=Plur|POS=DET|Poss=Yes|PronType=Prs",
      "Case=Acc|Number=Sing|POS=PRON|PronType=Ind",
      "Definite=Ind|Gender=Fem|Number=Sing|POS=DET|PronType=Art",
      "Mood=Sub|Number=Plur|POS=VERB|Person=3|Tense=Pres|VerbForm=Fin",
      "Case=Gen|Number=Plur|POS=DET|PronType=Dem",
      "Gender=Neut|POS=DET|PronType=Ind",
      "Case=Dat|Number=Sing|POS=PRON|PronType=Ind",
      "Case=Nom|Number=Plur|POS=PRON|Person=2|PronType=Prs",
      "Mood=Ind|Number=Plur|POS=AUX|Person=2|Tense=Pres|VerbForm=Fin",
      "Mood=Ind|Number=Plur|POS=VERB|Person=2|Tense=Pres|VerbForm=Fin",
      "Case=Dat|Number=Plur|POS=PRON|Person=2|PronType=Prs",
      "Case=Acc|Number=Sing|POS=PRON|Person=1|PronType=Prs|Reflex=Yes",
      "Case=Nom|Gender=Masc|Number=Sing|POS=PRON|Poss=Yes|PronType=Prs",
      "Case=Nom|Gender=Masc|Number=Sing|POS=PRON|Person=2|PronType=Prs",
      "Case=Acc|Gender=Masc|Number=Sing|POS=PRON|Person=2|PronType=Prs",
      "Case=Nom|Gender=Neut|Number=Sing|POS=DET|PronType=Int",
      "Case=Dat|Gender=Neut|Number=Plur|POS=DET|PronType=Int",
      "Case=Acc|Gender=Fem|Number=Sing|POS=DET|PronType=Int",
      "Case=Gen|Number=Plur|POS=PRON|PronType=Ind",
      "Mood=Sub|Number=Sing|POS=VERB|Person=1|Tense=Pres|VerbForm=Fin",
      "Case=Acc|Number=Sing|POS=PRON|PronType=Int",
      "Case=Nom|Gender=Fem|Number=Plur|POS=PRON|Person=1|PronType=Prs",
      "Case=Acc|POS=PRON|PronType=Dem",
      "Mood=Sub|Number=Plur|POS=AUX|Person=1|Tense=Past|VerbForm=Fin",
      "Mood=Sub|Number=Plur|POS=VERB|Person=1|Tense=Past|VerbForm=Fin",
      "Case=Acc|Degree=Sup|Gender=Masc|Number=Plur|POS=ADJ",
      "Case=Acc|Gender=Masc|Number=Plur|POS=PRON|PronType=Dem",
      "Case=Gen|Degree=Pos|POS=ADJ",
      "Case=Acc|Gender=Fem|Number=Plur|POS=PRON|PronType=Dem",
      "Case=Gen|Number=Plur|POS=PRON|Poss=Yes|PronType=Prs",
      "Case=Dat|Gender=Neut|Number=Plur|POS=PRON|PronType=Dem",
      "Mood=Imp|Number=Plur|POS=AUX|Person=2",
      "Case=Dat|Number=Sing|POS=PRON|PronType=Int",
      "Mood=Sub|Number=Sing|POS=VERB|Person=2|Tense=Past|VerbForm=Fin",
      "Case=Acc|Number=Sing|POS=PRON|Person=2|PronType=Prs|Reflex=Yes",
      "Case=Dat|Gender=Fem|Number=Plur|POS=DET|PronType=Int",
      "Case=Dat|Gender=Masc|Number=Plur|POS=PROPN",
      "Case=Acc|Gender=Neut|Number=Plur|POS=PRON|PronType=Dem",
      "Mood=Sub|Number=Plur|POS=AUX|Person=1|Tense=Pres|VerbForm=Fin",
      "Case=Acc|Number=Sing|POS=PRON|PronType=Rel",
      "Case=Acc|Number=Sing|POS=PRON|PronType=Dem",
      "Case=Nom|Number=Sing|POS=PRON|PronType=Rel",
      "Case=Dat|Degree=Cmp|Gender=Neut|Number=Plur|POS=ADJ",
      "Case=Dat|Definite=Def|Number=Sing|POS=DET|PronType=Art",
      "Gender=Neut|Number=Plur|POS=NOUN",
      "Case=Dat|Degree=Cmp|Number=Plur|POS=ADJ",
      "Gender=Fem|POS=PROPN",
      "Case=Acc|Gender=Neut|Number=Plur|POS=PRON|PronType=Int",
      "Case=Gen|Definite=Def|Number=Sing|POS=DET|PronType=Art",
      "Case=Gen|Degree=Pos|Number=Sing|POS=ADJ",
      "Case=Nom|Number=Sing|POS=PRON|Person=3|PronType=Prs",
      "Case=Nom|Gender=Fem|Number=Plur|POS=DET|PronType=Int",
      "Case=Gen|Gender=Neut|Number=Sing|POS=DET|PronType=Ind",
      "Gender=Fem|Number=Plur|POS=NOUN",
      "Gender=Fem|POS=PRON|PronType=Ind",
      "Case=Nom|Definite=Def|Number=Sing|POS=DET|PronType=Art",
      "Mood=Ind|Number=Plur|POS=VERB|Person=2|Tense=Past|VerbForm=Fin",
      "Case=Nom|Gender=Neut|Number=Sing|POS=DET|PronType=Rel",
      "Case=Dat|Degree=Sup|Number=Plur|POS=ADJ",
      "Case=Nom|Degree=Pos|Number=Sing|POS=ADJ",
      "Case=Acc|Degree=Sup|Number=Plur|POS=ADJ",
      "Case=Nom|Gender=Neut|Number=Plur|POS=PROPN",
      "Case=Dat|Gender=Neut|Number=Plur|POS=PROPN",
      "Case=Acc|Gender=Neut|Number=Plur|POS=PRON|Poss=Yes|PronType=Prs",
      "Case=Acc|Number=Plur|POS=PRON|Person=2|PronType=Prs",
      "Case=Dat|Number=Sing|POS=DET|PronType=Ind",
      "Case=Nom|Gender=Fem|Number=Sing|POS=DET",
      "Case=Nom|Gender=Masc|POS=NOUN",
      "Case=Nom|POS=NOUN",
      "Case=Gen|POS=NOUN",
      "Degree=Cmp|Gender=Fem|Number=Sing|POS=ADJ",
      "Degree=Pos|Gender=Neut|Number=Sing|POS=ADJ",
      "Case=Acc|Definite=Def|POS=DET|PronType=Art",
      "Case=Acc|POS=PROPN",
      "Case=Nom|Number=Plur|POS=DET|PronType=Int",
      "Case=Gen|Degree=Cmp|Number=Plur|POS=ADJ",
      "Case=Acc|Gender=Neut|POS=NOUN",
      "Case=Gen|POS=DET|PronType=Rel",
      "Case=Dat|Number=Sing|POS=PRON|Poss=Yes|PronType=Prs",
      "POS=DET|PronType=Int",
      "Definite=Ind|Gender=Neut|POS=DET|PronType=Art",
      "Case=Dat|POS=NOUN",
      "Case=Acc|Definite=Ind|Number=Sing|POS=DET|PronType=Art",
      "Case=Nom|Gender=Neut|POS=NOUN",
      "Definite=Def|Gender=Masc|Number=Sing|POS=DET|PronType=Art",
      "Degree=Pos|Gender=Masc|Number=Sing|POS=ADJ",
      "Case=Dat|Number=Plur|POS=DET|PronType=Dem",
      "Case=Acc|Gender=Masc|Number=Sing|POS=PRON|PronType=Int",
      "Case=Nom|Gender=Masc|Number=Sing|POS=DET|PronType=Rel",
      "Case=Acc|Gender=Masc|Number=Plur|POS=PROPN",
      "Case=Acc|Number=Sing|POS=PRON|Person=3|PronType=Prs",
      "Case=Acc|Gender=Fem|Number=Plur|POS=PRON|PronType=Int",
      "Case=Acc|Gender=Masc|Number=Plur|POS=DET|PronType=Int",
      "Case=Gen|Number=Sing|POS=PRON|PronType=Ind",
      "Case=Acc|POS=NOUN",
      "Case=Gen|Number=Sing|POS=PRON|Person=3|PronType=Prs",
      "Case=Gen|Gender=Neut|Number=Plur|POS=PRON|PronType=Dem",
      "Case=Gen|Gender=Masc|Number=Sing|POS=PRON|PronType=Ind",
      "Case=Gen|Gender=Neut|Number=Plur|POS=PROPN",
      "Case=Nom|Definite=Def|POS=DET|PronType=Art",
      "Case=Nom|Degree=Pos|POS=ADJ",
      "Gender=Fem|Number=Sing|POS=DET|PronType=Ind",
      "Case=Acc|Gender=Masc|Number=Sing|POS=PRON|Person=1|PronType=Prs",
      "Case=Acc|Gender=Masc|Number=Plur|POS=PRON|Person=1|PronType=Prs",
      "Degree=Pos|Gender=Fem|Number=Plur|POS=ADJ",
      "Case=Nom|Gender=Masc|Number=Plur|POS=DET|PronType=Int",
      "Definite=Def|Gender=Fem|Number=Plur|POS=DET|PronType=Art",
      "Case=Acc|Number=Plur|POS=PRON|Person=2|PronType=Prs|Reflex=Yes",
      "Case=Gen|Number=Plur|POS=PRON|Person=3|PronType=Prs",
      "Case=Gen|Definite=Ind|Number=Sing|POS=DET|PronType=Art",
      "Case=Gen|Gender=Fem|Number=Sing|POS=PRON|PronType=Ind",
      "Case=Gen|Number=Sing|POS=DET|Poss=Yes|PronType=Prs",
      "Case=Dat|Gender=Masc|Number=Plur|POS=PRON|PronType=Dem",
      "Case=Nom|Number=Plur|POS=PRON|PronType=Int",
      "Case=Dat|Gender=Neut|POS=NOUN",
      "Case=Acc|Gender=Neut|Number=Plur|POS=PRON|PronType=Ind",
      "Case=Dat|Gender=Masc|Number=Plur|POS=DET|PronType=Int",
      "Case=Acc|Definite=Def|Number=Sing|POS=DET|PronType=Art",
      "Case=Nom|Gender=Masc|Number=Plur|POS=DET|PronType=Rel",
      "Degree=Cmp|POS=ADJ",
      "Case=Dat|Gender=Neut|Number=Sing|POS=PRON|Poss=Yes|PronType=Prs",
      "Case=Nom|Gender=Fem|Number=Sing|POS=PRON|Poss=Yes|PronType=Prs",
      "Case=Dat|Gender=Fem|Number=Sing|POS=PRON|Poss=Yes|PronType=Prs",
      "Case=Acc|Number=Sing|POS=DET|Poss=Yes|PronType=Prs",
      "POS=ADJ",
      "Case=Nom|Gender=Neut|Number=Plur|POS=DET|PronType=Int",
      "Case=Acc|Degree=Pos|POS=ADJ",
      "Case=Gen|POS=PRON|PronType=Int",
      "Case=Acc|Definite=Ind|Gender=Neut|Number=Plur|POS=DET|PronType=Art",
      "Definite=Def|Number=Plur|POS=DET|PronType=Art",
      "Degree=Pos|Number=Plur|POS=ADJ",
      "Number=Plur|POS=NOUN",
      "POS=PRON|PronType=Int",
      "Case=Gen|Degree=Sup|Number=Plur|POS=ADJ",
      "Case=Dat|Gender=Masc|POS=NOUN",
      "Gender=Fem|Number=Plur|POS=DET|PronType=Ind",
      "Gender=Fem|POS=DET|PronType=Dem",
      "Case=Acc|POS=PRON|PronType=Ind",
      "Case=Gen|Number=Sing|POS=DET|PronType=Int",
      "Case=Gen|Gender=Neut|Number=Plur|POS=PRON|PronType=Rel",
      "Case=Nom|Gender=Fem|POS=NOUN",
      "Case=Nom|Number=Sing|POS=PRON|Person=3|PronType=Prs|Reflex=Yes",
      "Mood=Sub|Number=Sing|POS=AUX|Person=2|Tense=Pres|VerbForm=Fin",
      "Case=Gen|Gender=Neut|Number=Sing|POS=PRON|PronType=Rel",
      "Case=Nom|Gender=Masc|Number=Sing|POS=ADP",
      "Case=Nom|Gender=Masc|POS=PROPN",
      "Definite=Def|POS=DET|PronType=Art",
      "Mood=Ind|Number=Sing|POS=VERB|Person=2|Tense=Past|VerbForm=Fin",
      "Case=Acc|Degree=Pos|Number=Sing|POS=ADJ",
      "Case=Acc|Number=Sing|POS=DET|PronType=Ind",
      "Case=Nom|Number=Sing|POS=PRON|PronType=Dem",
      "Case=Nom|Number=Sing|POS=DET|PronType=Ind",
      "Case=Dat|Gender=Fem|Number=Sing|POS=PRON|Person=1|PronType=Prs",
      "Case=Dat|POS=PRON|Person=3|PronType=Prs",
      "Case=Dat|POS=PRON|Person=3|PronType=Prs|Reflex=Yes",
      "Mood=Imp|Number=Sing|POS=AUX|Person=2",
      "Gender=Fem|Number=Sing|POS=DET|PronType=Dem",
      "Case=Gen|Gender=Masc|Number=Sing|POS=PRON|PronType=Rel",
      "Case=Acc|Gender=Masc|Number=Sing|POS=ADP",
      "Definite=Ind|Gender=Masc|Number=Sing|POS=DET|PronType=Art",
      "Mood=Sub|Number=Sing|POS=VERB|Person=2|Tense=Pres|VerbForm=Fin",
      "Case=Nom|Degree=Sup|Number=Plur|POS=ADJ",
      "Case=Gen|Gender=Masc|Number=Plur|POS=PROPN",
      "Case=Acc|Gender=Fem|Number=Plur|POS=PRON|Person=1|PronType=Prs",
      "Gender=Fem|Number=Plur|POS=DET|Poss=Yes|PronType=Prs",
      "Case=Dat|Gender=Masc|POS=PROPN",
      "Case=Gen|Gender=Fem|Number=Sing|POS=DET",
      "Case=Gen|Gender=Fem|Number=Sing|POS=PRON|PronType=Rel",
      "Case=Acc|Gender=Fem|Number=Sing|POS=PRON|PronType=Int",
      "Case=Nom|POS=PRON|PronType=Ind",
      "Case=Nom|Number=Plur|POS=PRON|Person=3|PronType=Prs|Reflex=Yes",
      "Case=Gen|Definite=Def|Gender=Fem|POS=DET|PronType=Art",
      "Case=Gen|Gender=Masc|Number=Plur|POS=PRON|Person=3|PronType=Prs",
      "Case=Acc|Gender=Masc|Number=Plur|POS=PRON|Person=2|PronType=Prs",
      "Case=Gen|POS=DET|PronType=Dem",
      "Case=Nom|Gender=Masc|Number=Plur|POS=PRON|Poss=Yes|PronType=Prs",
      "Gender=Masc|POS=PRON|PronType=Ind",
      "Gender=Neut|Number=Sing|POS=PRON|Person=3|PronType=Prs",
      "Case=Nom|Gender=Fem|POS=PRON|PronType=Ind",
      "Case=Nom|Gender=Fem|POS=PROPN",
      "Gender=Neut|Number=Plur|POS=PROPN",
      "Gender=Masc|Number=Sing|POS=PRON|PronType=Ind"
    ],
    "parser": [
      "ROOT",
      "ac",
      "adc",
      "ag",
      "ams",
      "app",
      "avc",
      "cc",
      "cd",
      "cj",
      "cm",
      "cp",
      "cvc",
      "da",
      "dep",
      "dm",
      "ep",
      "ju",
      "mnr",
      "mo",
      "ng",
      "nk",
      "nmc",
      "oa",
      "oc",
      "og",
      "op",
      "par",
      "pd",
      "pg",
      "ph",
      "pm",
      "pnc",
      "punct",
      "rc",
      "re",
      "rs",
      "sb",
      "sbp",
      "svp",
      "uc",
      "vo"
    ],
    "attribute_ruler": []
  },
  "pipeline": [
    "transformer",
    "tagger",
    "morphologizer",
    "parser",
    "lemmatizer",
    "attribute_ruler"
  ],
  "components": [
    "transformer",
    "tagger",
    "morphologizer",
    "parser",
    "lemmatizer",
    "attribute_ruler"
  ],
  "disabled": [],
  "performance": {
    "token_acc": 0.9998017682,
    "token_p": 0.9991808044,
    "token_r": 0.9990356034,
    "token_f": 0.9991081986,
    "tag_acc": 0.9902998586,
    "pos_acc": 0.9913438793,
    "morph_acc": 0.9695311726,
    "morph_micro_p": 0.9883041615,
    "morph_micro_r": 0.9883328591,
    "morph_micro_f": 0.9883185101,
    "morph_per_feat": {
      "Case": {
        "p": 0.9764014978,
        "r": 0.9779822455,
        "f": 0.9771912324
      },
      "Definite": {
        "p": 0.9995440036,
        "r": 1.0,
        "f": 0.9997719498
      },
      "Gender": {
        "p": 0.9843498858,
        "r": 0.9852111086,
        "f": 0.9847803089
      },
      "Number": {
        "p": 0.9918144611,
        "r": 0.9935835071,
        "f": 0.992698196
      },
      "PronType": {
        "p": 0.9979704497,
        "r": 0.9967566691,
        "f": 0.9973631901
      },
      "Degree": {
        "p": 0.9945470536,
        "r": 0.9869087101,
        "f": 0.9907131593
      },
      "VerbForm": {
        "p": 0.994111349,
        "r": 0.99699345,
        "f": 0.9955503136
      },
      "Mood": {
        "p": 0.989398708,
        "r": 0.9903830211,
        "f": 0.9898906198
      },
      "Person": {
        "p": 0.9980678995,
        "r": 0.9988950276,
        "f": 0.9984812923
      },
      "Tense": {
        "p": 0.9960113013,
        "r": 0.9970054899,
        "f": 0.9965081477
      },
      "Reflex": {
        "p": 0.9976303318,
        "r": 0.9976303318,
        "f": 0.9976303318
      },
      "Poss": {
        "p": 1.0,
        "r": 1.0,
        "f": 1.0
      },
      "Foreign": {
        "p": 0.7608695652,
        "r": 0.175879397,
        "f": 0.2857142857
      }
    },
    "sents_p": 0.9816608284,
    "sents_r": 0.9845009299,
    "sents_f": 0.9830788279,
    "dep_uas": 0.9581561669,
    "dep_las": 0.947052902,
    "dep_las_per_type": {
      "cp": {
        "p": 0.9908256881,
        "r": 0.987202925,
        "f": 0.989010989
      },
      "nk": {
        "p": 0.9885253906,
        "r": 0.9893305099,
        "f": 0.9889277864
      },
      "sb": {
        "p": 0.9766625724,
        "r": 0.9763199439,
        "f": 0.9764912281
      },
      "ag": {
        "p": 0.9757975798,
        "r": 0.9806522941,
        "f": 0.9782189137
      },
      "mnr": {
        "p": 0.8611349957,
        "r": 0.8419503993,
        "f": 0.851434644
      },
      "mo": {
        "p": 0.8637873754,
        "r": 0.8678939915,
        "f": 0.8658358141
      },
      "oc": {
        "p": 0.9620782323,
        "r": 0.969897652,
        "f": 0.9659721181
      },
      "root": {
        "p": 0.987840066,
        "r": 0.9904939037,
        "f": 0.9891652048
      },
      "rc": {
        "p": 0.850678733,
        "r": 0.8430493274,
        "f": 0.8468468468
      },
      "op": {
        "p": 0.825648415,
        "r": 0.8539493294,
        "f": 0.8395604396
      },
      "pm": {
        "p": 1.0,
        "r": 1.0,
        "f": 1.0
      },
      "nmc": {
        "p": 0.9841772152,
        "r": 0.9826224329,
        "f": 0.9833992095
      },
      "oa": {
        "p": 0.9627799736,
        "r": 0.9640501319,
        "f": 0.9634146341
      },
      "pd": {
        "p": 0.9184952978,
        "r": 0.8617647059,
        "f": 0.8892261002
      },
      "ep": {
        "p": 0.9453125,
        "r": 0.9097744361,
        "f": 0.9272030651
      },
      "cd": {
        "p": 0.9374193548,
        "r": 0.938630491,
        "f": 0.938024532
      },
      "cj": {
        "p": 0.9125976562,
        "r": 0.9215976331,
        "f": 0.9170755643
      },
      "par": {
        "p": 0.6330935252,
        "r": 0.431372549,
        "f": 0.5131195335
      },
      "svp": {
        "p": 0.9802371542,
        "r": 0.9538461538,
        "f": 0.9668615984
      },
      "pg": {
        "p": 0.9161290323,
        "r": 0.9044585987,
        "f": 0.9102564103
      },
      "da": {
        "p": 0.9151193634,
        "r": 0.8778625954,
        "f": 0.8961038961
      },
      "app": {
        "p": 0.780952381,
        "r": 0.8282828283,
        "f": 0.8039215686
      },
      "ac": {
        "p": 0.9316239316,
        "r": 0.9316239316,
        "f": 0.9316239316
      },
      "pnc": {
        "p": 0.9046961326,
        "r": 0.8506493506,
        "f": 0.8768406961
      },
      "ju": {
        "p": 0.931372549,
        "r": 0.9595959596,
        "f": 0.9452736318
      },
      "ng": {
        "p": 0.8703703704,
        "r": 0.875,
        "f": 0.8726790451
      },
      "re": {
        "p": 0.8363636364,
        "r": 0.8214285714,
        "f": 0.8288288288
      },
      "dep": {
        "p": 0.0,
        "r": 0.0,
        "f": 0.0
      },
      "cm": {
        "p": 0.961352657,
        "r": 0.9567307692,
        "f": 0.9590361446
      },
      "cc": {
        "p": 0.7650273224,
        "r": 0.7035175879,
        "f": 0.7329842932
      },
      "sbp": {
        "p": 0.9363636364,
        "r": 0.8879310345,
        "f": 0.9115044248
      },
      "uc": {
        "p": 0.6842105263,
        "r": 0.4333333333,
        "f": 0.5306122449
      },
      "cvc": {
        "p": 0.8243243243,
        "r": 0.7721518987,
        "f": 0.7973856209
      },
      "ams": {
        "p": 0.775,
        "r": 0.9117647059,
        "f": 0.8378378378
      },
      "rs": {
        "p": 0.8125,
        "r": 0.4193548387,
        "f": 0.5531914894
      },
      "ph": {
        "p": 0.8333333333,
        "r": 0.7142857143,
        "f": 0.7692307692
      },
      "dm": {
        "p": 1.0,
        "r": 1.0,
        "f": 1.0
      },
      "oa2": {
        "p": 0.0,
        "r": 0.0,
        "f": 0.0
      },
      "vo": {
        "p": 0.0,
        "r": 0.0,
        "f": 0.0
      },
      "og": {
        "p": 0.4166666667,
        "r": 0.7142857143,
        "f": 0.5263157895
      },
      "adc": {
        "p": 0.75,
        "r": 1.0,
        "f": 0.8571428571
      }
    },
    "lemma_acc": 0.9870761424,
    "speed": 2320.9602924401
  },
  "sources": [
    {
      "name": "TIGER Corpus",
      "author": "Brants, Sabine, Stefanie Dipper, Peter Eisenberg, Silvia Hansen, Esther K\u00f6nig, Wolfgang Lezius, Christian Rohrer, George Smith, and Hans Uszkoreit",
      "url": "https://www.ims.uni-stuttgart.de/forschung/ressourcen/korpora/tiger.html",
      "license": "commercial (licensed by Explosion)"
    },
    {
      "name": "Tiger2Dep",
      "url": "https://www.ims.uni-stuttgart.de/forschung/ressourcen/werkzeuge/tiger2dep/",
      "license": "Citation provided for reference, no code packaged with model",
      "author": "Wolfgang Seeker"
    },
    {
      "name": "bert-base-german-cased",
      "author": "Branden Chan, Timo M\u00f6ller, Malte Pietsch, Tanay Soni",
      "url": "https://huggingface.co/bert-base-german-cased",
      "license": "MIT"
    }
  ],
  "requirements": [
    "spacy-transformers>=1.1.2,<1.2.0"
  ],
  "size": "393 MB",
  "checksum": "074ae711e98f5b796934b16e04fb6918c2bff9c39ae258d3989587c95ae994a1",
  "checksum_whl": "cc9476ff35de7965a0910447be18fdc12ce6c8c51ccaeb8d9b35c6bdb5285f36"
}