{
  "name": "core_news_lg",
  "lang": "el",
  "description": "Greek pipeline with word vectors, POS tags, dependencies and named entities. Syntax (dependencies and POS tags) trained from the Universal Dependencies conversion of the Greek Dependency Treebank. Named entity annotations were created by Giannis Daras using Prodigy, using the OntoNotes 5 annotation schema. Word vectors trained using FastText CBOW on Wikipedia and OSCAR (Common Crawl).",
  "author": "Explosion and Giannis Daras",
  "email": "contact@explosion.ai",
  "license": "CC BY-NC-SA 3.0",
  "sources": [
    {
      "name": "UD Greek GDT v2.5",
      "url": "https://github.com/UniversalDependencies/UD_Greek-GDT",
      "license": "CC BY-NC-SA 3.0",
      "author": "Prokopidis, Prokopis"
    },
    {
      "name": "Greek NER Corpus (Google Summer of Code 2018)",
      "author": "Giannis Daras",
      "url": "https://github.com/eellak/gsoc2018-spacy"
    },
    {
      "name": "OSCAR (Common Crawl)",
      "url": "https://oscar-corpus.com/",
      "license": "CC0"
    },
    {
      "name": "Wikipedia (20200301)",
      "url": "https://dumps.wikimedia.org/",
      "license": "CC BY-SA 3.0"
    }
  ],
  "url": "https://github.com/eellak/gsoc2018-spacy",
  "pipeline": [
    "tagger",
    "parser",
    "ner"
  ],
  "version": "2.3.0",
  "spacy_version": ">=2.3.0,<2.4.0",
  "parent_package": "spacy",
  "accuracy": {
    "las": 85.3563382603,
    "uas": 88.8180669268,
    "token_acc": 99.9014195584,
    "las_per_type": {
      "root": {
        "p": 90.75,
        "r": 90.0744416873,
        "f": 90.4109589041
      },
      "advmod": {
        "p": 77.3109243697,
        "r": 77.7464788732,
        "f": 77.5280898876
      },
      "case": {
        "p": 96.0427807487,
        "r": 95.9401709402,
        "f": 95.9914484233
      },
      "det": {
        "p": 95.9481361426,
        "r": 96.5217391304,
        "f": 96.2340829044
      },
      "amod": {
        "p": 92.9824561404,
        "r": 90.0485436893,
        "f": 91.4919852035
      },
      "obl": {
        "p": 78.7267080745,
        "r": 79.842519685,
        "f": 79.2806880375
      },
      "advcl": {
        "p": 56.5573770492,
        "r": 65.0943396226,
        "f": 60.5263157895
      },
      "obj": {
        "p": 84.0579710145,
        "r": 88.1458966565,
        "f": 86.0534124629
      },
      "nsubj": {
        "p": 77.3755656109,
        "r": 79.9065420561,
        "f": 78.6206896552
      },
      "nmod": {
        "p": 81.1447811448,
        "r": 82.8178694158,
        "f": 81.9727891156
      },
      "cop": {
        "p": 74.5098039216,
        "r": 75.2475247525,
        "f": 74.8768472906
      },
      "appos": {
        "p": 29.7297297297,
        "r": 22.4489795918,
        "f": 25.5813953488
      },
      "acl:relcl": {
        "p": 74.1379310345,
        "r": 70.1086956522,
        "f": 72.0670391061
      },
      "mark": {
        "p": 88.8888888889,
        "r": 89.5104895105,
        "f": 89.1986062718
      },
      "cc": {
        "p": 87.0662460568,
        "r": 85.9813084112,
        "f": 86.5203761755
      },
      "ccomp": {
        "p": 78.8732394366,
        "r": 81.1594202899,
        "f": 80.0
      },
      "conj": {
        "p": 58.8397790055,
        "r": 58.5164835165,
        "f": 58.6776859504
      },
      "aux": {
        "p": 97.4169741697,
        "r": 97.0588235294,
        "f": 97.2375690608
      },
      "xcomp": {
        "p": 76.9230769231,
        "r": 71.4285714286,
        "f": 74.0740740741
      },
      "fixed": {
        "p": 40.0,
        "r": 57.1428571429,
        "f": 47.0588235294
      },
      "flat": {
        "p": 67.6767676768,
        "r": 67.6767676768,
        "f": 67.6767676768
      },
      "nsubj:pass": {
        "p": 75.7575757576,
        "r": 75.7575757576,
        "f": 75.7575757576
      },
      "csubj": {
        "p": 71.4285714286,
        "r": 45.4545454545,
        "f": 55.5555555556
      },
      "csubj:pass": {
        "p": 80.0,
        "r": 66.6666666667,
        "f": 72.7272727273
      },
      "acl": {
        "p": 73.0769230769,
        "r": 43.1818181818,
        "f": 54.2857142857
      },
      "obl:agent": {
        "p": 91.6666666667,
        "r": 44.0,
        "f": 59.4594594595
      },
      "nummod": {
        "p": 89.156626506,
        "r": 89.156626506,
        "f": 89.156626506
      },
      "parataxis": {
        "p": 30.0,
        "r": 17.6470588235,
        "f": 22.2222222222
      },
      "orphan": {
        "p": 0.0,
        "r": 0.0,
        "f": 0.0
      },
      "dep": {
        "p": 0.0,
        "r": 0.0,
        "f": 0.0
      },
      "vocative": {
        "p": 80.0,
        "r": 57.1428571429,
        "f": 66.6666666667
      },
      "compound": {
        "p": 0.0,
        "r": 0.0,
        "f": 0.0
      },
      "iobj": {
        "p": 100.0,
        "r": 100.0,
        "f": 100.0
      },
      "expl": {
        "p": 0.0,
        "r": 0.0,
        "f": 0.0
      }
    },
    "tags_acc": 91.7772406649,
    "ents_f": 78.2426778243,
    "ents_p": 77.9166666667,
    "ents_r": 78.5714285714,
    "ents_per_type": {
      "GPE": {
        "p": 83.1578947368,
        "r": 90.8045977011,
        "f": 86.8131868132
      },
      "ORG": {
        "p": 62.5,
        "r": 63.3802816901,
        "f": 62.9370629371
      },
      "PRODUCT": {
        "p": 75.0,
        "r": 37.5,
        "f": 50.0
      },
      "PERSON": {
        "p": 89.0625,
        "r": 89.0625,
        "f": 89.0625
      },
      "EVENT": {
        "p": 60.0,
        "r": 50.0,
        "f": 54.5454545455
      },
      "LOC": {
        "p": 0.0,
        "r": 0.0,
        "f": 0.0
      }
    }
  },
  "speed": {
    "cpu": 3954.0893979941,
    "gpu": null,
    "nwords": 6191
  },
  "labels": {
    "tagger": [
      "ADJ__Case=Acc|Degree=Cmp|Gender=Fem|Number=Plur",
      "ADJ__Case=Acc|Degree=Cmp|Gender=Fem|Number=Sing",
      "ADJ__Case=Acc|Degree=Cmp|Gender=Masc|Number=Plur",
      "ADJ__Case=Acc|Degree=Cmp|Gender=Masc|Number=Sing",
      "ADJ__Case=Acc|Degree=Cmp|Gender=Neut|Number=Plur",
      "ADJ__Case=Acc|Degree=Cmp|Gender=Neut|Number=Sing",
      "ADJ__Case=Acc|Degree=Sup|Gender=Fem|Number=Plur",
      "ADJ__Case=Acc|Degree=Sup|Gender=Masc|Number=Plur",
      "ADJ__Case=Acc|Degree=Sup|Gender=Neut|Number=Plur",
      "ADJ__Case=Acc|Degree=Sup|Gender=Neut|Number=Sing",
      "ADJ__Case=Acc|Gender=Fem|Number=Plur",
      "ADJ__Case=Acc|Gender=Fem|Number=Sing",
      "ADJ__Case=Acc|Gender=Masc|Number=Plur",
      "ADJ__Case=Acc|Gender=Masc|Number=Sing",
      "ADJ__Case=Acc|Gender=Neut|Number=Plur",
      "ADJ__Case=Acc|Gender=Neut|Number=Sing",
      "ADJ__Case=Dat|Gender=Fem|Number=Sing",
      "ADJ__Case=Gen|Degree=Cmp|Gender=Fem|Number=Plur",
      "ADJ__Case=Gen|Degree=Cmp|Gender=Fem|Number=Sing",
      "ADJ__Case=Gen|Degree=Cmp|Gender=Masc|Number=Plur",
      "ADJ__Case=Gen|Degree=Cmp|Gender=Masc|Number=Sing",
      "ADJ__Case=Gen|Degree=Cmp|Gender=Neut|Number=Plur",
      "ADJ__Case=Gen|Degree=Cmp|Gender=Neut|Number=Sing",
      "ADJ__Case=Gen|Degree=Sup|Gender=Fem|Number=Sing",
      "ADJ__Case=Gen|Degree=Sup|Gender=Masc|Number=Plur",
      "ADJ__Case=Gen|Gender=Fem|Number=Plur",
      "ADJ__Case=Gen|Gender=Fem|Number=Sing",
      "ADJ__Case=Gen|Gender=Masc|Number=Plur",
      "ADJ__Case=Gen|Gender=Masc|Number=Sing",
      "ADJ__Case=Gen|Gender=Neut|Number=Plur",
      "ADJ__Case=Gen|Gender=Neut|Number=Sing",
      "ADJ__Case=Nom|Degree=Cmp|Gender=Fem|Number=Plur",
      "ADJ__Case=Nom|Degree=Cmp|Gender=Fem|Number=Sing",
      "ADJ__Case=Nom|Degree=Cmp|Gender=Masc|Number=Plur",
      "ADJ__Case=Nom|Degree=Cmp|Gender=Masc|Number=Sing",
      "ADJ__Case=Nom|Degree=Cmp|Gender=Neut|Number=Plur",
      "ADJ__Case=Nom|Degree=Cmp|Gender=Neut|Number=Sing",
      "ADJ__Case=Nom|Degree=Sup|Gender=Fem|Number=Plur",
      "ADJ__Case=Nom|Degree=Sup|Gender=Fem|Number=Sing",
      "ADJ__Case=Nom|Degree=Sup|Gender=Masc|Number=Plur",
      "ADJ__Case=Nom|Degree=Sup|Gender=Neut|Number=Plur",
      "ADJ__Case=Nom|Degree=Sup|Gender=Neut|Number=Sing",
      "ADJ__Case=Nom|Gender=Fem|Number=Plur",
      "ADJ__Case=Nom|Gender=Fem|Number=Sing",
      "ADJ__Case=Nom|Gender=Masc|Number=Plur",
      "ADJ__Case=Nom|Gender=Masc|Number=Sing",
      "ADJ__Case=Nom|Gender=Neut|Number=Plur",
      "ADJ__Case=Nom|Gender=Neut|Number=Sing",
      "ADJ__Case=Voc|Gender=Masc|Number=Plur",
      "ADJ__Case=Voc|Gender=Masc|Number=Sing",
      "ADP",
      "ADP__Case=Acc|Gender=Fem|Number=Sing",
      "ADP__Case=Acc|Gender=Neut|Number=Plur",
      "ADV",
      "ADV__Abbr=Yes",
      "ADV__Degree=Cmp",
      "ADV__Degree=Sup",
      "AUX",
      "AUX__Aspect=Imp|Mood=Ind|Number=Plur|Person=1|Tense=Pres|VerbForm=Fin|Voice=Act",
      "AUX__Aspect=Imp|Mood=Ind|Number=Plur|Person=1|Tense=Pres|VerbForm=Fin|Voice=Pass",
      "AUX__Aspect=Imp|Mood=Ind|Number=Plur|Person=2|Tense=Pres|VerbForm=Fin|Voice=Act",
      "AUX__Aspect=Imp|Mood=Ind|Number=Plur|Person=2|Tense=Pres|VerbForm=Fin|Voice=Pass",
      "AUX__Aspect=Imp|Mood=Ind|Number=Plur|Person=3|Tense=Past|VerbForm=Fin|Voice=Act",
      "AUX__Aspect=Imp|Mood=Ind|Number=Plur|Person=3|Tense=Past|VerbForm=Fin|Voice=Pass",
      "AUX__Aspect=Imp|Mood=Ind|Number=Plur|Person=3|Tense=Pres|VerbForm=Fin|Voice=Act",
      "AUX__Aspect=Imp|Mood=Ind|Number=Plur|Person=3|Tense=Pres|VerbForm=Fin|Voice=Pass",
      "AUX__Aspect=Imp|Mood=Ind|Number=Sing|Person=1|Tense=Pres|VerbForm=Fin|Voice=Act",
      "AUX__Aspect=Imp|Mood=Ind|Number=Sing|Person=1|Tense=Pres|VerbForm=Fin|Voice=Pass",
      "AUX__Aspect=Imp|Mood=Ind|Number=Sing|Person=3|Tense=Past|VerbForm=Fin|Voice=Act",
      "AUX__Aspect=Imp|Mood=Ind|Number=Sing|Person=3|Tense=Past|VerbForm=Fin|Voice=Pass",
      "AUX__Aspect=Imp|Mood=Ind|Number=Sing|Person=3|Tense=Pres|VerbForm=Fin|Voice=Act",
      "AUX__Aspect=Imp|Mood=Ind|Number=Sing|Person=3|Tense=Pres|VerbForm=Fin|Voice=Pass",
      "AUX__Aspect=Imp|VerbForm=Conv|Voice=Act",
      "AUX__Aspect=Perf|Mood=Ind|Number=Plur|Person=2|Tense=Past|VerbForm=Fin|Voice=Act",
      "AUX__Aspect=Perf|Mood=Ind|Number=Plur|Person=3|Tense=Past|VerbForm=Fin|Voice=Pass",
      "AUX__Aspect=Perf|Mood=Ind|Number=Sing|Person=3|Tense=Past|VerbForm=Fin|Voice=Pass",
      "AsPpSp_AtDf__Case=Acc|Gender=Fem|Number=Plur",
      "AsPpSp_AtDf__Case=Acc|Gender=Fem|Number=Sing",
      "AsPpSp_AtDf__Case=Acc|Gender=Masc|Number=Plur",
      "AsPpSp_AtDf__Case=Acc|Gender=Masc|Number=Sing",
      "AsPpSp_AtDf__Case=Acc|Gender=Neut|Number=Plur",
      "AsPpSp_AtDf__Case=Acc|Gender=Neut|Number=Sing",
      "CCONJ",
      "DET__Case=Acc|Definite=Def|Gender=Fem|Number=Plur|PronType=Art",
      "DET__Case=Acc|Definite=Def|Gender=Fem|Number=Sing|PronType=Art",
      "DET__Case=Acc|Definite=Def|Gender=Masc|Number=Plur|PronType=Art",
      "DET__Case=Acc|Definite=Def|Gender=Masc|Number=Sing|PronType=Art",
      "DET__Case=Acc|Definite=Def|Gender=Neut|Number=Plur|PronType=Art",
      "DET__Case=Acc|Definite=Def|Gender=Neut|Number=Sing|PronType=Art",
      "DET__Case=Acc|Definite=Ind|Gender=Fem|Number=Sing|PronType=Art",
      "DET__Case=Acc|Definite=Ind|Gender=Masc|Number=Sing|PronType=Art",
      "DET__Case=Acc|Definite=Ind|Gender=Neut|Number=Sing|PronType=Art",
      "DET__Case=Dat|Definite=Def|Gender=Fem|Number=Sing|PronType=Art",
      "DET__Case=Dat|Definite=Def|Gender=Neut|Number=Sing|PronType=Art",
      "DET__Case=Gen|Definite=Def|Gender=Fem|Number=Plur|PronType=Art",
      "DET__Case=Gen|Definite=Def|Gender=Fem|Number=Sing|PronType=Art",
      "DET__Case=Gen|Definite=Def|Gender=Masc|Number=Plur|PronType=Art",
      "DET__Case=Gen|Definite=Def|Gender=Masc|Number=Sing|PronType=Art",
      "DET__Case=Gen|Definite=Def|Gender=Neut|Number=Plur|PronType=Art",
      "DET__Case=Gen|Definite=Def|Gender=Neut|Number=Sing|PronType=Art",
      "DET__Case=Gen|Definite=Ind|Gender=Fem|Number=Sing|PronType=Art",
      "DET__Case=Gen|Definite=Ind|Gender=Masc|Number=Sing|PronType=Art",
      "DET__Case=Gen|Definite=Ind|Gender=Neut|Number=Sing|PronType=Art",
      "DET__Case=Nom|Definite=Def|Gender=Fem|Number=Plur|PronType=Art",
      "DET__Case=Nom|Definite=Def|Gender=Fem|Number=Sing|PronType=Art",
      "DET__Case=Nom|Definite=Def|Gender=Masc|Number=Plur|PronType=Art",
      "DET__Case=Nom|Definite=Def|Gender=Masc|Number=Sing|PronType=Art",
      "DET__Case=Nom|Definite=Def|Gender=Neut|Number=Plur|PronType=Art",
      "DET__Case=Nom|Definite=Def|Gender=Neut|Number=Sing|PronType=Art",
      "DET__Case=Nom|Definite=Ind|Gender=Fem|Number=Sing|PronType=Art",
      "DET__Case=Nom|Definite=Ind|Gender=Masc|Number=Sing|PronType=Art",
      "DET__Case=Nom|Definite=Ind|Gender=Neut|Number=Sing|PronType=Art",
      "NOUN",
      "NOUN__Abbr=Yes",
      "NOUN__Case=Acc|Gender=Fem|Number=Plur",
      "NOUN__Case=Acc|Gender=Fem|Number=Sing",
      "NOUN__Case=Acc|Gender=Masc|Number=Plur",
      "NOUN__Case=Acc|Gender=Masc|Number=Sing",
      "NOUN__Case=Acc|Gender=Neut|Number=Plur",
      "NOUN__Case=Acc|Gender=Neut|Number=Sing",
      "NOUN__Case=Dat|Gender=Fem|Number=Sing",
      "NOUN__Case=Dat|Gender=Masc|Number=Sing",
      "NOUN__Case=Dat|Gender=Neut|Number=Sing",
      "NOUN__Case=Gen|Gender=Fem|Number=Plur",
      "NOUN__Case=Gen|Gender=Fem|Number=Sing",
      "NOUN__Case=Gen|Gender=Masc|Number=Plur",
      "NOUN__Case=Gen|Gender=Masc|Number=Sing",
      "NOUN__Case=Gen|Gender=Neut|Number=Plur",
      "NOUN__Case=Gen|Gender=Neut|Number=Sing",
      "NOUN__Case=Nom|Gender=Fem|Number=Plur",
      "NOUN__Case=Nom|Gender=Fem|Number=Sing",
      "NOUN__Case=Nom|Gender=Masc|Number=Plur",
      "NOUN__Case=Nom|Gender=Masc|Number=Sing",
      "NOUN__Case=Nom|Gender=Neut|Number=Plur",
      "NOUN__Case=Nom|Gender=Neut|Number=Sing",
      "NOUN__Case=Voc|Gender=Fem|Number=Plur",
      "NOUN__Case=Voc|Gender=Fem|Number=Sing",
      "NOUN__Case=Voc|Gender=Masc|Number=Plur",
      "NOUN__Case=Voc|Gender=Masc|Number=Sing",
      "NUM__Case=Acc|Gender=Fem|Number=Plur|NumType=Card",
      "NUM__Case=Acc|Gender=Fem|Number=Plur|NumType=Ord",
      "NUM__Case=Acc|Gender=Fem|Number=Plur|NumType=Sets",
      "NUM__Case=Acc|Gender=Fem|Number=Sing|NumType=Card",
      "NUM__Case=Acc|Gender=Fem|Number=Sing|NumType=Ord",
      "NUM__Case=Acc|Gender=Masc|Number=Plur|NumType=Card",
      "NUM__Case=Acc|Gender=Masc|Number=Sing|NumType=Card",
      "NUM__Case=Acc|Gender=Masc|Number=Sing|NumType=Mult",
      "NUM__Case=Acc|Gender=Masc|Number=Sing|NumType=Ord",
      "NUM__Case=Acc|Gender=Neut|Number=Plur|NumType=Card",
      "NUM__Case=Acc|Gender=Neut|Number=Plur|NumType=Ord",
      "NUM__Case=Acc|Gender=Neut|Number=Sing|NumType=Card",
      "NUM__Case=Acc|Gender=Neut|Number=Sing|NumType=Mult",
      "NUM__Case=Acc|Gender=Neut|Number=Sing|NumType=Ord",
      "NUM__Case=Gen|Gender=Fem|Number=Plur|NumType=Card",
      "NUM__Case=Gen|Gender=Fem|Number=Plur|NumType=Ord",
      "NUM__Case=Gen|Gender=Fem|Number=Plur|NumType=Sets",
      "NUM__Case=Gen|Gender=Fem|Number=Sing|NumType=Ord",
      "NUM__Case=Gen|Gender=Masc|Number=Plur|NumType=Card",
      "NUM__Case=Gen|Gender=Masc|Number=Sing|NumType=Ord",
      "NUM__Case=Gen|Gender=Neut|Number=Plur|NumType=Card",
      "NUM__Case=Gen|Gender=Neut|Number=Sing|NumType=Ord",
      "NUM__Case=Nom|Gender=Fem|Number=Plur|NumType=Card",
      "NUM__Case=Nom|Gender=Fem|Number=Plur|NumType=Ord",
      "NUM__Case=Nom|Gender=Fem|Number=Plur|NumType=Sets",
      "NUM__Case=Nom|Gender=Fem|Number=Sing|NumType=Card",
      "NUM__Case=Nom|Gender=Fem|Number=Sing|NumType=Mult",
      "NUM__Case=Nom|Gender=Fem|Number=Sing|NumType=Ord",
      "NUM__Case=Nom|Gender=Masc|Number=Plur|NumType=Card",
      "NUM__Case=Nom|Gender=Masc|Number=Plur|NumType=Ord",
      "NUM__Case=Nom|Gender=Masc|Number=Sing|NumType=Card",
      "NUM__Case=Nom|Gender=Masc|Number=Sing|NumType=Ord",
      "NUM__Case=Nom|Gender=Neut|Number=Plur|NumType=Card",
      "NUM__Case=Nom|Gender=Neut|Number=Plur|NumType=Ord",
      "NUM__Case=Nom|Gender=Neut|Number=Sing|NumType=Card",
      "NUM__Case=Nom|Gender=Neut|Number=Sing|NumType=Ord",
      "NUM__NumType=Card",
      "PART",
      "PRON__Case=Acc|Gender=Fem|Number=Plur|Person=3|PronType=Dem",
      "PRON__Case=Acc|Gender=Fem|Number=Plur|Person=3|PronType=Ind",
      "PRON__Case=Acc|Gender=Fem|Number=Plur|Person=3|PronType=Prs",
      "PRON__Case=Acc|Gender=Fem|Number=Plur|Person=3|PronType=Rel",
      "PRON__Case=Acc|Gender=Fem|Number=Sing|Person=3|PronType=Dem",
      "PRON__Case=Acc|Gender=Fem|Number=Sing|Person=3|PronType=Ind",
      "PRON__Case=Acc|Gender=Fem|Number=Sing|Person=3|PronType=Ind,Rel",
      "PRON__Case=Acc|Gender=Fem|Number=Sing|Person=3|PronType=Prs",
      "PRON__Case=Acc|Gender=Fem|Number=Sing|Person=3|PronType=Rel",
      "PRON__Case=Acc|Gender=Masc|Number=Plur|Person=1|PronType=Prs",
      "PRON__Case=Acc|Gender=Masc|Number=Plur|Person=2|PronType=Prs",
      "PRON__Case=Acc|Gender=Masc|Number=Plur|Person=3|PronType=Dem",
      "PRON__Case=Acc|Gender=Masc|Number=Plur|Person=3|PronType=Ind",
      "PRON__Case=Acc|Gender=Masc|Number=Plur|Person=3|PronType=Ind,Rel",
      "PRON__Case=Acc|Gender=Masc|Number=Plur|Person=3|PronType=Prs",
      "PRON__Case=Acc|Gender=Masc|Number=Plur|Person=3|PronType=Rel",
      "PRON__Case=Acc|Gender=Masc|Number=Sing|Person=1|PronType=Prs",
      "PRON__Case=Acc|Gender=Masc|Number=Sing|Person=3|PronType=Dem",
      "PRON__Case=Acc|Gender=Masc|Number=Sing|Person=3|PronType=Ind",
      "PRON__Case=Acc|Gender=Masc|Number=Sing|Person=3|PronType=Ind,Rel",
      "PRON__Case=Acc|Gender=Masc|Number=Sing|Person=3|PronType=Int",
      "PRON__Case=Acc|Gender=Masc|Number=Sing|Person=3|PronType=Prs",
      "PRON__Case=Acc|Gender=Masc|Number=Sing|Person=3|PronType=Rel",
      "PRON__Case=Acc|Gender=Neut|Number=Plur|Person=3|PronType=Dem",
      "PRON__Case=Acc|Gender=Neut|Number=Plur|Person=3|PronType=Ind",
      "PRON__Case=Acc|Gender=Neut|Number=Plur|Person=3|PronType=Ind,Rel",
      "PRON__Case=Acc|Gender=Neut|Number=Plur|Person=3|PronType=Prs",
      "PRON__Case=Acc|Gender=Neut|Number=Plur|Person=3|PronType=Rel",
      "PRON__Case=Acc|Gender=Neut|Number=Sing|Person=3|PronType=Dem",
      "PRON__Case=Acc|Gender=Neut|Number=Sing|Person=3|PronType=Ind",
      "PRON__Case=Acc|Gender=Neut|Number=Sing|Person=3|PronType=Ind,Rel",
      "PRON__Case=Acc|Gender=Neut|Number=Sing|Person=3|PronType=Int",
      "PRON__Case=Acc|Gender=Neut|Number=Sing|Person=3|PronType=Prs",
      "PRON__Case=Acc|Gender=Neut|Number=Sing|Person=3|PronType=Rel",
      "PRON__Case=Gen|Gender=Fem|Number=Plur|Person=3|Poss=Yes|PronType=Prs",
      "PRON__Case=Gen|Gender=Fem|Number=Plur|Person=3|PronType=Dem",
      "PRON__Case=Gen|Gender=Fem|Number=Plur|Person=3|PronType=Ind",
      "PRON__Case=Gen|Gender=Fem|Number=Plur|Person=3|PronType=Prs",
      "PRON__Case=Gen|Gender=Fem|Number=Plur|Person=3|PronType=Rel",
      "PRON__Case=Gen|Gender=Fem|Number=Sing|Person=3|Poss=Yes|PronType=Prs",
      "PRON__Case=Gen|Gender=Fem|Number=Sing|Person=3|PronType=Dem",
      "PRON__Case=Gen|Gender=Fem|Number=Sing|Person=3|PronType=Ind",
      "PRON__Case=Gen|Gender=Fem|Number=Sing|Person=3|PronType=Prs",
      "PRON__Case=Gen|Gender=Fem|Number=Sing|Person=3|PronType=Rel",
      "PRON__Case=Gen|Gender=Masc|Number=Plur|Person=1|Poss=Yes|PronType=Prs",
      "PRON__Case=Gen|Gender=Masc|Number=Plur|Person=1|PronType=Prs",
      "PRON__Case=Gen|Gender=Masc|Number=Plur|Person=2|Poss=Yes|PronType=Prs",
      "PRON__Case=Gen|Gender=Masc|Number=Plur|Person=2|PronType=Prs",
      "PRON__Case=Gen|Gender=Masc|Number=Plur|Person=3|Poss=Yes|PronType=Prs",
      "PRON__Case=Gen|Gender=Masc|Number=Plur|Person=3|PronType=Dem",
      "PRON__Case=Gen|Gender=Masc|Number=Plur|Person=3|PronType=Ind",
      "PRON__Case=Gen|Gender=Masc|Number=Plur|Person=3|PronType=Ind,Rel",
      "PRON__Case=Gen|Gender=Masc|Number=Plur|Person=3|PronType=Prs",
      "PRON__Case=Gen|Gender=Masc|Number=Plur|Person=3|PronType=Rel",
      "PRON__Case=Gen|Gender=Masc|Number=Sing|Person=1|Poss=Yes|PronType=Prs",
      "PRON__Case=Gen|Gender=Masc|Number=Sing|Person=1|PronType=Prs",
      "PRON__Case=Gen|Gender=Masc|Number=Sing|Person=3|Poss=Yes|PronType=Prs",
      "PRON__Case=Gen|Gender=Masc|Number=Sing|Person=3|PronType=Dem",
      "PRON__Case=Gen|Gender=Masc|Number=Sing|Person=3|PronType=Ind",
      "PRON__Case=Gen|Gender=Masc|Number=Sing|Person=3|PronType=Int",
      "PRON__Case=Gen|Gender=Masc|Number=Sing|Person=3|PronType=Prs",
      "PRON__Case=Gen|Gender=Masc|Number=Sing|Person=3|PronType=Rel",
      "PRON__Case=Gen|Gender=Neut|Number=Plur|Person=3|Poss=Yes|PronType=Prs",
      "PRON__Case=Gen|Gender=Neut|Number=Plur|Person=3|PronType=Dem",
      "PRON__Case=Gen|Gender=Neut|Number=Plur|Person=3|PronType=Ind",
      "PRON__Case=Gen|Gender=Neut|Number=Plur|Person=3|PronType=Ind,Rel",
      "PRON__Case=Gen|Gender=Neut|Number=Plur|Person=3|PronType=Rel",
      "PRON__Case=Gen|Gender=Neut|Number=Sing|Person=3|Poss=Yes|PronType=Prs",
      "PRON__Case=Gen|Gender=Neut|Number=Sing|Person=3|PronType=Dem",
      "PRON__Case=Gen|Gender=Neut|Number=Sing|Person=3|PronType=Ind",
      "PRON__Case=Gen|Gender=Neut|Number=Sing|Person=3|PronType=Prs",
      "PRON__Case=Gen|Gender=Neut|Number=Sing|Person=3|PronType=Rel",
      "PRON__Case=Nom|Gender=Fem|Number=Plur|Person=3|PronType=Dem",
      "PRON__Case=Nom|Gender=Fem|Number=Plur|Person=3|PronType=Ind",
      "PRON__Case=Nom|Gender=Fem|Number=Plur|Person=3|PronType=Int",
      "PRON__Case=Nom|Gender=Fem|Number=Plur|Person=3|PronType=Rel",
      "PRON__Case=Nom|Gender=Fem|Number=Sing|Person=3|PronType=Dem",
      "PRON__Case=Nom|Gender=Fem|Number=Sing|Person=3|PronType=Ind",
      "PRON__Case=Nom|Gender=Fem|Number=Sing|Person=3|PronType=Ind,Rel",
      "PRON__Case=Nom|Gender=Fem|Number=Sing|Person=3|PronType=Rel",
      "PRON__Case=Nom|Gender=Masc|Number=Plur|Person=1|PronType=Prs",
      "PRON__Case=Nom|Gender=Masc|Number=Plur|Person=2|PronType=Prs",
      "PRON__Case=Nom|Gender=Masc|Number=Plur|Person=3|PronType=Dem",
      "PRON__Case=Nom|Gender=Masc|Number=Plur|Person=3|PronType=Ind",
      "PRON__Case=Nom|Gender=Masc|Number=Plur|Person=3|PronType=Ind,Rel",
      "PRON__Case=Nom|Gender=Masc|Number=Plur|Person=3|PronType=Int",
      "PRON__Case=Nom|Gender=Masc|Number=Plur|Person=3|PronType=Rel",
      "PRON__Case=Nom|Gender=Masc|Number=Sing|Person=1|PronType=Prs",
      "PRON__Case=Nom|Gender=Masc|Number=Sing|Person=3|PronType=Dem",
      "PRON__Case=Nom|Gender=Masc|Number=Sing|Person=3|PronType=Ind",
      "PRON__Case=Nom|Gender=Masc|Number=Sing|Person=3|PronType=Ind,Rel",
      "PRON__Case=Nom|Gender=Masc|Number=Sing|Person=3|PronType=Int",
      "PRON__Case=Nom|Gender=Masc|Number=Sing|Person=3|PronType=Rel",
      "PRON__Case=Nom|Gender=Neut|Number=Plur|Person=3|PronType=Dem",
      "PRON__Case=Nom|Gender=Neut|Number=Plur|Person=3|PronType=Ind",
      "PRON__Case=Nom|Gender=Neut|Number=Plur|Person=3|PronType=Rel",
      "PRON__Case=Nom|Gender=Neut|Number=Sing|Person=3|PronType=Dem",
      "PRON__Case=Nom|Gender=Neut|Number=Sing|Person=3|PronType=Ind",
      "PRON__Case=Nom|Gender=Neut|Number=Sing|Person=3|PronType=Ind,Rel",
      "PRON__Case=Nom|Gender=Neut|Number=Sing|Person=3|PronType=Int",
      "PRON__Case=Nom|Gender=Neut|Number=Sing|Person=3|PronType=Rel",
      "PROPN__Case=Acc|Gender=Fem|Number=Plur",
      "PROPN__Case=Acc|Gender=Fem|Number=Sing",
      "PROPN__Case=Acc|Gender=Masc|Number=Plur",
      "PROPN__Case=Acc|Gender=Masc|Number=Sing",
      "PROPN__Case=Acc|Gender=Neut|Number=Plur",
      "PROPN__Case=Acc|Gender=Neut|Number=Sing",
      "PROPN__Case=Gen|Gender=Fem|Number=Plur",
      "PROPN__Case=Gen|Gender=Fem|Number=Sing",
      "PROPN__Case=Gen|Gender=Masc|Number=Plur",
      "PROPN__Case=Gen|Gender=Masc|Number=Sing",
      "PROPN__Case=Gen|Gender=Neut|Number=Plur",
      "PROPN__Case=Gen|Gender=Neut|Number=Sing",
      "PROPN__Case=Nom|Gender=Fem|Number=Plur",
      "PROPN__Case=Nom|Gender=Fem|Number=Sing",
      "PROPN__Case=Nom|Gender=Masc|Number=Plur",
      "PROPN__Case=Nom|Gender=Masc|Number=Sing",
      "PROPN__Case=Nom|Gender=Neut|Number=Plur",
      "PROPN__Case=Nom|Gender=Neut|Number=Sing",
      "PUNCT",
      "SCONJ",
      "SYM",
      "VERB__Aspect=Imp|Mood=Ind|Number=Plur|Person=1|Tense=Past|VerbForm=Fin|Voice=Act",
      "VERB__Aspect=Imp|Mood=Ind|Number=Plur|Person=1|Tense=Pres|VerbForm=Fin|Voice=Act",
      "VERB__Aspect=Imp|Mood=Ind|Number=Plur|Person=1|Tense=Pres|VerbForm=Fin|Voice=Pass",
      "VERB__Aspect=Imp|Mood=Ind|Number=Plur|Person=2|Tense=Past|VerbForm=Fin|Voice=Act",
      "VERB__Aspect=Imp|Mood=Ind|Number=Plur|Person=2|Tense=Pres|VerbForm=Fin|Voice=Act",
      "VERB__Aspect=Imp|Mood=Ind|Number=Plur|Person=2|Tense=Pres|VerbForm=Fin|Voice=Pass",
      "VERB__Aspect=Imp|Mood=Ind|Number=Plur|Person=3|Tense=Past|VerbForm=Fin|Voice=Act",
      "VERB__Aspect=Imp|Mood=Ind|Number=Plur|Person=3|Tense=Past|VerbForm=Fin|Voice=Pass",
      "VERB__Aspect=Imp|Mood=Ind|Number=Plur|Person=3|Tense=Pres|VerbForm=Fin|Voice=Act",
      "VERB__Aspect=Imp|Mood=Ind|Number=Plur|Person=3|Tense=Pres|VerbForm=Fin|Voice=Pass",
      "VERB__Aspect=Imp|Mood=Ind|Number=Sing|Person=1|Tense=Past|VerbForm=Fin|Voice=Act",
      "VERB__Aspect=Imp|Mood=Ind|Number=Sing|Person=1|Tense=Pres|VerbForm=Fin|Voice=Act",
      "VERB__Aspect=Imp|Mood=Ind|Number=Sing|Person=1|Tense=Pres|VerbForm=Fin|Voice=Pass",
      "VERB__Aspect=Imp|Mood=Ind|Number=Sing|Person=3|Tense=Past|VerbForm=Fin|Voice=Act",
      "VERB__Aspect=Imp|Mood=Ind|Number=Sing|Person=3|Tense=Past|VerbForm=Fin|Voice=Pass",
      "VERB__Aspect=Imp|Mood=Ind|Number=Sing|Person=3|Tense=Pres|VerbForm=Fin|Voice=Act",
      "VERB__Aspect=Imp|Mood=Ind|Number=Sing|Person=3|Tense=Pres|VerbForm=Fin|Voice=Pass",
      "VERB__Aspect=Imp|VerbForm=Conv|Voice=Act",
      "VERB__Aspect=Perf|Case=Acc|Gender=Fem|Number=Plur|VerbForm=Part|Voice=Pass",
      "VERB__Aspect=Perf|Case=Acc|Gender=Fem|Number=Sing|VerbForm=Part|Voice=Pass",
      "VERB__Aspect=Perf|Case=Acc|Gender=Masc|Number=Plur|VerbForm=Part|Voice=Pass",
      "VERB__Aspect=Perf|Case=Acc|Gender=Masc|Number=Sing|VerbForm=Part|Voice=Pass",
      "VERB__Aspect=Perf|Case=Acc|Gender=Neut|Number=Plur|VerbForm=Part|Voice=Pass",
      "VERB__Aspect=Perf|Case=Acc|Gender=Neut|Number=Sing|VerbForm=Part|Voice=Pass",
      "VERB__Aspect=Perf|Case=Gen|Gender=Fem|Number=Plur|VerbForm=Part|Voice=Pass",
      "VERB__Aspect=Perf|Case=Gen|Gender=Fem|Number=Sing|VerbForm=Part|Voice=Pass",
      "VERB__Aspect=Perf|Case=Gen|Gender=Masc|Number=Plur|VerbForm=Part|Voice=Pass",
      "VERB__Aspect=Perf|Case=Gen|Gender=Masc|Number=Sing|VerbForm=Part|Voice=Pass",
      "VERB__Aspect=Perf|Case=Nom|Gender=Fem|Number=Plur|VerbForm=Part|Voice=Pass",
      "VERB__Aspect=Perf|Case=Nom|Gender=Fem|Number=Sing|VerbForm=Part|Voice=Pass",
      "VERB__Aspect=Perf|Case=Nom|Gender=Masc|Number=Plur|VerbForm=Part|Voice=Pass",
      "VERB__Aspect=Perf|Case=Nom|Gender=Masc|Number=Sing|VerbForm=Part|Voice=Pass",
      "VERB__Aspect=Perf|Case=Nom|Gender=Neut|Number=Plur|VerbForm=Part|Voice=Pass",
      "VERB__Aspect=Perf|Case=Nom|Gender=Neut|Number=Sing|VerbForm=Part|Voice=Pass",
      "VERB__Aspect=Perf|Mood=Imp|Number=Plur|Person=2|VerbForm=Fin|Voice=Act",
      "VERB__Aspect=Perf|Mood=Ind|Number=Plur|Person=1|Tense=Past|VerbForm=Fin|Voice=Act",
      "VERB__Aspect=Perf|Mood=Ind|Number=Plur|Person=1|Tense=Past|VerbForm=Fin|Voice=Pass",
      "VERB__Aspect=Perf|Mood=Ind|Number=Plur|Person=1|VerbForm=Fin|Voice=Act",
      "VERB__Aspect=Perf|Mood=Ind|Number=Plur|Person=1|VerbForm=Fin|Voice=Pass",
      "VERB__Aspect=Perf|Mood=Ind|Number=Plur|Person=2|Tense=Past|VerbForm=Fin|Voice=Act",
      "VERB__Aspect=Perf|Mood=Ind|Number=Plur|Person=2|Tense=Past|VerbForm=Fin|Voice=Pass",
      "VERB__Aspect=Perf|Mood=Ind|Number=Plur|Person=2|VerbForm=Fin|Voice=Act",
      "VERB__Aspect=Perf|Mood=Ind|Number=Plur|Person=2|VerbForm=Fin|Voice=Pass",
      "VERB__Aspect=Perf|Mood=Ind|Number=Plur|Person=3|Tense=Past|VerbForm=Fin|Voice=Act",
      "VERB__Aspect=Perf|Mood=Ind|Number=Plur|Person=3|Tense=Past|VerbForm=Fin|Voice=Pass",
      "VERB__Aspect=Perf|Mood=Ind|Number=Plur|Person=3|VerbForm=Fin|Voice=Act",
      "VERB__Aspect=Perf|Mood=Ind|Number=Plur|Person=3|VerbForm=Fin|Voice=Pass",
      "VERB__Aspect=Perf|Mood=Ind|Number=Sing|Person=1|Tense=Past|VerbForm=Fin|Voice=Act",
      "VERB__Aspect=Perf|Mood=Ind|Number=Sing|Person=1|Tense=Past|VerbForm=Fin|Voice=Pass",
      "VERB__Aspect=Perf|Mood=Ind|Number=Sing|Person=1|VerbForm=Fin|Voice=Act",
      "VERB__Aspect=Perf|Mood=Ind|Number=Sing|Person=1|VerbForm=Fin|Voice=Pass",
      "VERB__Aspect=Perf|Mood=Ind|Number=Sing|Person=2|Tense=Past|VerbForm=Fin|Voice=Pass",
      "VERB__Aspect=Perf|Mood=Ind|Number=Sing|Person=3|Tense=Past|VerbForm=Fin|Voice=Act",
      "VERB__Aspect=Perf|Mood=Ind|Number=Sing|Person=3|Tense=Past|VerbForm=Fin|Voice=Pass",
      "VERB__Aspect=Perf|Mood=Ind|Number=Sing|Person=3|VerbForm=Fin|Voice=Act",
      "VERB__Aspect=Perf|Mood=Ind|Number=Sing|Person=3|VerbForm=Fin|Voice=Pass",
      "VERB__Aspect=Perf|VerbForm=Inf|Voice=Act",
      "VERB__Aspect=Perf|VerbForm=Inf|Voice=Pass",
      "X__Foreign=Yes",
      "_SP"
    ],
    "parser": [
      "ROOT",
      "acl",
      "acl:relcl",
      "advcl",
      "advmod",
      "amod",
      "appos",
      "aux",
      "case",
      "cc",
      "ccomp",
      "conj",
      "cop",
      "csubj",
      "csubj:pass",
      "dep",
      "det",
      "fixed",
      "flat",
      "iobj",
      "mark",
      "nmod",
      "nsubj",
      "nsubj:pass",
      "nummod",
      "obj",
      "obl",
      "obl:agent",
      "parataxis",
      "punct",
      "vocative",
      "xcomp"
    ],
    "ner": [
      "EVENT",
      "GPE",
      "LOC",
      "ORG",
      "PERSON",
      "PRODUCT"
    ]
  },
  "vectors": {
    "width": 300,
    "vectors": 500000,
    "keys": 500000,
    "name": "el_core_news_lg.vectors"
  },
  "size": "543 MB",
  "checksum": "ed8d10474dddb47c2a64808bcd2261c659c47f4251ecb6fea639ced05a0a2c00"
}