{
  "name": "core_news_md",
  "lang": "el",
  "description": "Greek pipeline with word vectors, POS tags, dependencies and named entities. Syntax (dependencies and POS tags) trained from the Universal Dependencies conversion of the Greek Dependency Treebank. Named entity annotations were created by Giannis Daras using Prodigy, using the OntoNotes 5 annotation schema. Word vectors trained using FastText CBOW on Wikipedia and OSCAR (Common Crawl).",
  "author": "Explosion and Giannis Daras",
  "email": "contact@explosion.ai",
  "license": "CC BY-NC-SA 3.0",
  "sources": [
    {
      "name": "UD Greek GDT v2.5",
      "url": "https://github.com/UniversalDependencies/UD_Greek-GDT",
      "license": "CC BY-NC-SA 3.0",
      "author": "Prokopidis, Prokopis"
    },
    {
      "name": "Greek NER Corpus (Google Summer of Code 2018)",
      "author": "Giannis Daras",
      "url": "https://github.com/eellak/gsoc2018-spacy"
    },
    {
      "name": "OSCAR (Common Crawl)",
      "url": "https://oscar-corpus.com/",
      "license": "CC0"
    },
    {
      "name": "Wikipedia (20200301)",
      "url": "https://dumps.wikimedia.org/",
      "license": "CC BY-SA 3.0"
    }
  ],
  "url": "https://github.com/eellak/gsoc2018-spacy",
  "pipeline": [
    "tagger",
    "parser",
    "ner"
  ],
  "version": "2.3.0",
  "spacy_version": ">=2.3.0,<2.4.0",
  "parent_package": "spacy",
  "accuracy": {
    "las": 84.8787995383,
    "uas": 88.5175616996,
    "token_acc": 99.9014195584,
    "las_per_type": {
      "root": {
        "p": 89.552238806,
        "r": 89.3300248139,
        "f": 89.4409937888
      },
      "advmod": {
        "p": 74.3935309973,
        "r": 77.7464788732,
        "f": 76.0330578512
      },
      "case": {
        "p": 95.6429330499,
        "r": 96.1538461538,
        "f": 95.8977091103
      },
      "det": {
        "p": 96.2141698215,
        "r": 96.6847826087,
        "f": 96.4489021415
      },
      "amod": {
        "p": 92.7409261577,
        "r": 89.927184466,
        "f": 91.3123844732
      },
      "obl": {
        "p": 79.3798449612,
        "r": 80.6299212598,
        "f": 80.0
      },
      "advcl": {
        "p": 52.3076923077,
        "r": 64.1509433962,
        "f": 57.6271186441
      },
      "obj": {
        "p": 85.8858858859,
        "r": 86.9300911854,
        "f": 86.4048338369
      },
      "nsubj": {
        "p": 73.5807860262,
        "r": 78.738317757,
        "f": 76.072234763
      },
      "nmod": {
        "p": 80.5414551607,
        "r": 81.7869415808,
        "f": 81.1594202899
      },
      "cop": {
        "p": 71.0,
        "r": 70.297029703,
        "f": 70.6467661692
      },
      "appos": {
        "p": 23.9130434783,
        "r": 22.4489795918,
        "f": 23.1578947368
      },
      "acl:relcl": {
        "p": 74.7126436782,
        "r": 70.652173913,
        "f": 72.625698324
      },
      "mark": {
        "p": 90.8450704225,
        "r": 90.2097902098,
        "f": 90.5263157895
      },
      "cc": {
        "p": 85.8044164038,
        "r": 84.7352024922,
        "f": 85.2664576803
      },
      "ccomp": {
        "p": 78.2608695652,
        "r": 78.2608695652,
        "f": 78.2608695652
      },
      "conj": {
        "p": 59.940652819,
        "r": 55.4945054945,
        "f": 57.6319543509
      },
      "aux": {
        "p": 97.0588235294,
        "r": 97.0588235294,
        "f": 97.0588235294
      },
      "xcomp": {
        "p": 73.2558139535,
        "r": 75.0,
        "f": 74.1176470588
      },
      "fixed": {
        "p": 50.0,
        "r": 64.2857142857,
        "f": 56.25
      },
      "flat": {
        "p": 72.4137931034,
        "r": 63.6363636364,
        "f": 67.7419354839
      },
      "nsubj:pass": {
        "p": 74.0963855422,
        "r": 74.5454545455,
        "f": 74.3202416918
      },
      "csubj": {
        "p": 64.2857142857,
        "r": 40.9090909091,
        "f": 50.0
      },
      "csubj:pass": {
        "p": 100.0,
        "r": 33.3333333333,
        "f": 50.0
      },
      "acl": {
        "p": 73.0769230769,
        "r": 43.1818181818,
        "f": 54.2857142857
      },
      "obl:agent": {
        "p": 80.0,
        "r": 32.0,
        "f": 45.7142857143
      },
      "nummod": {
        "p": 88.8888888889,
        "r": 86.7469879518,
        "f": 87.8048780488
      },
      "parataxis": {
        "p": 30.0,
        "r": 17.6470588235,
        "f": 22.2222222222
      },
      "orphan": {
        "p": 0.0,
        "r": 0.0,
        "f": 0.0
      },
      "vocative": {
        "p": 80.0,
        "r": 57.1428571429,
        "f": 66.6666666667
      },
      "compound": {
        "p": 0.0,
        "r": 0.0,
        "f": 0.0
      },
      "dep": {
        "p": 0.0,
        "r": 0.0,
        "f": 0.0
      },
      "iobj": {
        "p": 100.0,
        "r": 100.0,
        "f": 100.0
      },
      "expl": {
        "p": 0.0,
        "r": 0.0,
        "f": 0.0
      }
    },
    "tags_acc": 90.7709761752,
    "ents_f": 78.7628865979,
    "ents_p": 77.3279352227,
    "ents_r": 80.2521008403,
    "ents_per_type": {
      "ORG": {
        "p": 68.0,
        "r": 71.8309859155,
        "f": 69.8630136986
      },
      "GPE": {
        "p": 81.4432989691,
        "r": 90.8045977011,
        "f": 85.8695652174
      },
      "PRODUCT": {
        "p": 66.6666666667,
        "r": 25.0,
        "f": 36.3636363636
      },
      "PERSON": {
        "p": 84.8484848485,
        "r": 87.5,
        "f": 86.1538461538
      },
      "EVENT": {
        "p": 50.0,
        "r": 50.0,
        "f": 50.0
      },
      "LOC": {
        "p": 0.0,
        "r": 0.0,
        "f": 0.0
      }
    }
  },
  "speed": {
    "cpu": 3898.4631213132,
    "gpu": null,
    "nwords": 6191
  },
  "labels": {
    "tagger": [
      "ADJ__Case=Acc|Degree=Cmp|Gender=Fem|Number=Plur",
      "ADJ__Case=Acc|Degree=Cmp|Gender=Fem|Number=Sing",
      "ADJ__Case=Acc|Degree=Cmp|Gender=Masc|Number=Plur",
      "ADJ__Case=Acc|Degree=Cmp|Gender=Masc|Number=Sing",
      "ADJ__Case=Acc|Degree=Cmp|Gender=Neut|Number=Plur",
      "ADJ__Case=Acc|Degree=Cmp|Gender=Neut|Number=Sing",
      "ADJ__Case=Acc|Degree=Sup|Gender=Fem|Number=Plur",
      "ADJ__Case=Acc|Degree=Sup|Gender=Masc|Number=Plur",
      "ADJ__Case=Acc|Degree=Sup|Gender=Neut|Number=Plur",
      "ADJ__Case=Acc|Degree=Sup|Gender=Neut|Number=Sing",
      "ADJ__Case=Acc|Gender=Fem|Number=Plur",
      "ADJ__Case=Acc|Gender=Fem|Number=Sing",
      "ADJ__Case=Acc|Gender=Masc|Number=Plur",
      "ADJ__Case=Acc|Gender=Masc|Number=Sing",
      "ADJ__Case=Acc|Gender=Neut|Number=Plur",
      "ADJ__Case=Acc|Gender=Neut|Number=Sing",
      "ADJ__Case=Dat|Gender=Fem|Number=Sing",
      "ADJ__Case=Gen|Degree=Cmp|Gender=Fem|Number=Plur",
      "ADJ__Case=Gen|Degree=Cmp|Gender=Fem|Number=Sing",
      "ADJ__Case=Gen|Degree=Cmp|Gender=Masc|Number=Plur",
      "ADJ__Case=Gen|Degree=Cmp|Gender=Masc|Number=Sing",
      "ADJ__Case=Gen|Degree=Cmp|Gender=Neut|Number=Plur",
      "ADJ__Case=Gen|Degree=Cmp|Gender=Neut|Number=Sing",
      "ADJ__Case=Gen|Degree=Sup|Gender=Fem|Number=Sing",
      "ADJ__Case=Gen|Degree=Sup|Gender=Masc|Number=Plur",
      "ADJ__Case=Gen|Gender=Fem|Number=Plur",
      "ADJ__Case=Gen|Gender=Fem|Number=Sing",
      "ADJ__Case=Gen|Gender=Masc|Number=Plur",
      "ADJ__Case=Gen|Gender=Masc|Number=Sing",
      "ADJ__Case=Gen|Gender=Neut|Number=Plur",
      "ADJ__Case=Gen|Gender=Neut|Number=Sing",
      "ADJ__Case=Nom|Degree=Cmp|Gender=Fem|Number=Plur",
      "ADJ__Case=Nom|Degree=Cmp|Gender=Fem|Number=Sing",
      "ADJ__Case=Nom|Degree=Cmp|Gender=Masc|Number=Plur",
      "ADJ__Case=Nom|Degree=Cmp|Gender=Masc|Number=Sing",
      "ADJ__Case=Nom|Degree=Cmp|Gender=Neut|Number=Plur",
      "ADJ__Case=Nom|Degree=Cmp|Gender=Neut|Number=Sing",
      "ADJ__Case=Nom|Degree=Sup|Gender=Fem|Number=Plur",
      "ADJ__Case=Nom|Degree=Sup|Gender=Fem|Number=Sing",
      "ADJ__Case=Nom|Degree=Sup|Gender=Masc|Number=Plur",
      "ADJ__Case=Nom|Degree=Sup|Gender=Neut|Number=Plur",
      "ADJ__Case=Nom|Degree=Sup|Gender=Neut|Number=Sing",
      "ADJ__Case=Nom|Gender=Fem|Number=Plur",
      "ADJ__Case=Nom|Gender=Fem|Number=Sing",
      "ADJ__Case=Nom|Gender=Masc|Number=Plur",
      "ADJ__Case=Nom|Gender=Masc|Number=Sing",
      "ADJ__Case=Nom|Gender=Neut|Number=Plur",
      "ADJ__Case=Nom|Gender=Neut|Number=Sing",
      "ADJ__Case=Voc|Gender=Masc|Number=Plur",
      "ADJ__Case=Voc|Gender=Masc|Number=Sing",
      "ADP",
      "ADP__Case=Acc|Gender=Fem|Number=Sing",
      "ADP__Case=Acc|Gender=Neut|Number=Plur",
      "ADV",
      "ADV__Abbr=Yes",
      "ADV__Degree=Cmp",
      "ADV__Degree=Sup",
      "AUX",
      "AUX__Aspect=Imp|Mood=Ind|Number=Plur|Person=1|Tense=Pres|VerbForm=Fin|Voice=Act",
      "AUX__Aspect=Imp|Mood=Ind|Number=Plur|Person=1|Tense=Pres|VerbForm=Fin|Voice=Pass",
      "AUX__Aspect=Imp|Mood=Ind|Number=Plur|Person=2|Tense=Pres|VerbForm=Fin|Voice=Act",
      "AUX__Aspect=Imp|Mood=Ind|Number=Plur|Person=2|Tense=Pres|VerbForm=Fin|Voice=Pass",
      "AUX__Aspect=Imp|Mood=Ind|Number=Plur|Person=3|Tense=Past|VerbForm=Fin|Voice=Act",
      "AUX__Aspect=Imp|Mood=Ind|Number=Plur|Person=3|Tense=Past|VerbForm=Fin|Voice=Pass",
      "AUX__Aspect=Imp|Mood=Ind|Number=Plur|Person=3|Tense=Pres|VerbForm=Fin|Voice=Act",
      "AUX__Aspect=Imp|Mood=Ind|Number=Plur|Person=3|Tense=Pres|VerbForm=Fin|Voice=Pass",
      "AUX__Aspect=Imp|Mood=Ind|Number=Sing|Person=1|Tense=Pres|VerbForm=Fin|Voice=Act",
      "AUX__Aspect=Imp|Mood=Ind|Number=Sing|Person=1|Tense=Pres|VerbForm=Fin|Voice=Pass",
      "AUX__Aspect=Imp|Mood=Ind|Number=Sing|Person=3|Tense=Past|VerbForm=Fin|Voice=Act",
      "AUX__Aspect=Imp|Mood=Ind|Number=Sing|Person=3|Tense=Past|VerbForm=Fin|Voice=Pass",
      "AUX__Aspect=Imp|Mood=Ind|Number=Sing|Person=3|Tense=Pres|VerbForm=Fin|Voice=Act",
      "AUX__Aspect=Imp|Mood=Ind|Number=Sing|Person=3|Tense=Pres|VerbForm=Fin|Voice=Pass",
      "AUX__Aspect=Imp|VerbForm=Conv|Voice=Act",
      "AUX__Aspect=Perf|Mood=Ind|Number=Plur|Person=2|Tense=Past|VerbForm=Fin|Voice=Act",
      "AUX__Aspect=Perf|Mood=Ind|Number=Plur|Person=3|Tense=Past|VerbForm=Fin|Voice=Pass",
      "AUX__Aspect=Perf|Mood=Ind|Number=Sing|Person=3|Tense=Past|VerbForm=Fin|Voice=Pass",
      "AsPpSp_AtDf__Case=Acc|Gender=Fem|Number=Plur",
      "AsPpSp_AtDf__Case=Acc|Gender=Fem|Number=Sing",
      "AsPpSp_AtDf__Case=Acc|Gender=Masc|Number=Plur",
      "AsPpSp_AtDf__Case=Acc|Gender=Masc|Number=Sing",
      "AsPpSp_AtDf__Case=Acc|Gender=Neut|Number=Plur",
      "AsPpSp_AtDf__Case=Acc|Gender=Neut|Number=Sing",
      "CCONJ",
      "DET__Case=Acc|Definite=Def|Gender=Fem|Number=Plur|PronType=Art",
      "DET__Case=Acc|Definite=Def|Gender=Fem|Number=Sing|PronType=Art",
      "DET__Case=Acc|Definite=Def|Gender=Masc|Number=Plur|PronType=Art",
      "DET__Case=Acc|Definite=Def|Gender=Masc|Number=Sing|PronType=Art",
      "DET__Case=Acc|Definite=Def|Gender=Neut|Number=Plur|PronType=Art",
      "DET__Case=Acc|Definite=Def|Gender=Neut|Number=Sing|PronType=Art",
      "DET__Case=Acc|Definite=Ind|Gender=Fem|Number=Sing|PronType=Art",
      "DET__Case=Acc|Definite=Ind|Gender=Masc|Number=Sing|PronType=Art",
      "DET__Case=Acc|Definite=Ind|Gender=Neut|Number=Sing|PronType=Art",
      "DET__Case=Dat|Definite=Def|Gender=Fem|Number=Sing|PronType=Art",
      "DET__Case=Dat|Definite=Def|Gender=Neut|Number=Sing|PronType=Art",
      "DET__Case=Gen|Definite=Def|Gender=Fem|Number=Plur|PronType=Art",
      "DET__Case=Gen|Definite=Def|Gender=Fem|Number=Sing|PronType=Art",
      "DET__Case=Gen|Definite=Def|Gender=Masc|Number=Plur|PronType=Art",
      "DET__Case=Gen|Definite=Def|Gender=Masc|Number=Sing|PronType=Art",
      "DET__Case=Gen|Definite=Def|Gender=Neut|Number=Plur|PronType=Art",
      "DET__Case=Gen|Definite=Def|Gender=Neut|Number=Sing|PronType=Art",
      "DET__Case=Gen|Definite=Ind|Gender=Fem|Number=Sing|PronType=Art",
      "DET__Case=Gen|Definite=Ind|Gender=Masc|Number=Sing|PronType=Art",
      "DET__Case=Gen|Definite=Ind|Gender=Neut|Number=Sing|PronType=Art",
      "DET__Case=Nom|Definite=Def|Gender=Fem|Number=Plur|PronType=Art",
      "DET__Case=Nom|Definite=Def|Gender=Fem|Number=Sing|PronType=Art",
      "DET__Case=Nom|Definite=Def|Gender=Masc|Number=Plur|PronType=Art",
      "DET__Case=Nom|Definite=Def|Gender=Masc|Number=Sing|PronType=Art",
      "DET__Case=Nom|Definite=Def|Gender=Neut|Number=Plur|PronType=Art",
      "DET__Case=Nom|Definite=Def|Gender=Neut|Number=Sing|PronType=Art",
      "DET__Case=Nom|Definite=Ind|Gender=Fem|Number=Sing|PronType=Art",
      "DET__Case=Nom|Definite=Ind|Gender=Masc|Number=Sing|PronType=Art",
      "DET__Case=Nom|Definite=Ind|Gender=Neut|Number=Sing|PronType=Art",
      "NOUN",
      "NOUN__Abbr=Yes",
      "NOUN__Case=Acc|Gender=Fem|Number=Plur",
      "NOUN__Case=Acc|Gender=Fem|Number=Sing",
      "NOUN__Case=Acc|Gender=Masc|Number=Plur",
      "NOUN__Case=Acc|Gender=Masc|Number=Sing",
      "NOUN__Case=Acc|Gender=Neut|Number=Plur",
      "NOUN__Case=Acc|Gender=Neut|Number=Sing",
      "NOUN__Case=Dat|Gender=Fem|Number=Sing",
      "NOUN__Case=Dat|Gender=Masc|Number=Sing",
      "NOUN__Case=Dat|Gender=Neut|Number=Sing",
      "NOUN__Case=Gen|Gender=Fem|Number=Plur",
      "NOUN__Case=Gen|Gender=Fem|Number=Sing",
      "NOUN__Case=Gen|Gender=Masc|Number=Plur",
      "NOUN__Case=Gen|Gender=Masc|Number=Sing",
      "NOUN__Case=Gen|Gender=Neut|Number=Plur",
      "NOUN__Case=Gen|Gender=Neut|Number=Sing",
      "NOUN__Case=Nom|Gender=Fem|Number=Plur",
      "NOUN__Case=Nom|Gender=Fem|Number=Sing",
      "NOUN__Case=Nom|Gender=Masc|Number=Plur",
      "NOUN__Case=Nom|Gender=Masc|Number=Sing",
      "NOUN__Case=Nom|Gender=Neut|Number=Plur",
      "NOUN__Case=Nom|Gender=Neut|Number=Sing",
      "NOUN__Case=Voc|Gender=Fem|Number=Plur",
      "NOUN__Case=Voc|Gender=Fem|Number=Sing",
      "NOUN__Case=Voc|Gender=Masc|Number=Plur",
      "NOUN__Case=Voc|Gender=Masc|Number=Sing",
      "NUM__Case=Acc|Gender=Fem|Number=Plur|NumType=Card",
      "NUM__Case=Acc|Gender=Fem|Number=Plur|NumType=Ord",
      "NUM__Case=Acc|Gender=Fem|Number=Plur|NumType=Sets",
      "NUM__Case=Acc|Gender=Fem|Number=Sing|NumType=Card",
      "NUM__Case=Acc|Gender=Fem|Number=Sing|NumType=Ord",
      "NUM__Case=Acc|Gender=Masc|Number=Plur|NumType=Card",
      "NUM__Case=Acc|Gender=Masc|Number=Sing|NumType=Card",
      "NUM__Case=Acc|Gender=Masc|Number=Sing|NumType=Mult",
      "NUM__Case=Acc|Gender=Masc|Number=Sing|NumType=Ord",
      "NUM__Case=Acc|Gender=Neut|Number=Plur|NumType=Card",
      "NUM__Case=Acc|Gender=Neut|Number=Plur|NumType=Ord",
      "NUM__Case=Acc|Gender=Neut|Number=Sing|NumType=Card",
      "NUM__Case=Acc|Gender=Neut|Number=Sing|NumType=Mult",
      "NUM__Case=Acc|Gender=Neut|Number=Sing|NumType=Ord",
      "NUM__Case=Gen|Gender=Fem|Number=Plur|NumType=Card",
      "NUM__Case=Gen|Gender=Fem|Number=Plur|NumType=Ord",
      "NUM__Case=Gen|Gender=Fem|Number=Plur|NumType=Sets",
      "NUM__Case=Gen|Gender=Fem|Number=Sing|NumType=Ord",
      "NUM__Case=Gen|Gender=Masc|Number=Plur|NumType=Card",
      "NUM__Case=Gen|Gender=Masc|Number=Sing|NumType=Ord",
      "NUM__Case=Gen|Gender=Neut|Number=Plur|NumType=Card",
      "NUM__Case=Gen|Gender=Neut|Number=Sing|NumType=Ord",
      "NUM__Case=Nom|Gender=Fem|Number=Plur|NumType=Card",
      "NUM__Case=Nom|Gender=Fem|Number=Plur|NumType=Ord",
      "NUM__Case=Nom|Gender=Fem|Number=Plur|NumType=Sets",
      "NUM__Case=Nom|Gender=Fem|Number=Sing|NumType=Card",
      "NUM__Case=Nom|Gender=Fem|Number=Sing|NumType=Mult",
      "NUM__Case=Nom|Gender=Fem|Number=Sing|NumType=Ord",
      "NUM__Case=Nom|Gender=Masc|Number=Plur|NumType=Card",
      "NUM__Case=Nom|Gender=Masc|Number=Plur|NumType=Ord",
      "NUM__Case=Nom|Gender=Masc|Number=Sing|NumType=Card",
      "NUM__Case=Nom|Gender=Masc|Number=Sing|NumType=Ord",
      "NUM__Case=Nom|Gender=Neut|Number=Plur|NumType=Card",
      "NUM__Case=Nom|Gender=Neut|Number=Plur|NumType=Ord",
      "NUM__Case=Nom|Gender=Neut|Number=Sing|NumType=Card",
      "NUM__Case=Nom|Gender=Neut|Number=Sing|NumType=Ord",
      "NUM__NumType=Card",
      "PART",
      "PRON__Case=Acc|Gender=Fem|Number=Plur|Person=3|PronType=Dem",
      "PRON__Case=Acc|Gender=Fem|Number=Plur|Person=3|PronType=Ind",
      "PRON__Case=Acc|Gender=Fem|Number=Plur|Person=3|PronType=Prs",
      "PRON__Case=Acc|Gender=Fem|Number=Plur|Person=3|PronType=Rel",
      "PRON__Case=Acc|Gender=Fem|Number=Sing|Person=3|PronType=Dem",
      "PRON__Case=Acc|Gender=Fem|Number=Sing|Person=3|PronType=Ind",
      "PRON__Case=Acc|Gender=Fem|Number=Sing|Person=3|PronType=Ind,Rel",
      "PRON__Case=Acc|Gender=Fem|Number=Sing|Person=3|PronType=Prs",
      "PRON__Case=Acc|Gender=Fem|Number=Sing|Person=3|PronType=Rel",
      "PRON__Case=Acc|Gender=Masc|Number=Plur|Person=1|PronType=Prs",
      "PRON__Case=Acc|Gender=Masc|Number=Plur|Person=2|PronType=Prs",
      "PRON__Case=Acc|Gender=Masc|Number=Plur|Person=3|PronType=Dem",
      "PRON__Case=Acc|Gender=Masc|Number=Plur|Person=3|PronType=Ind",
      "PRON__Case=Acc|Gender=Masc|Number=Plur|Person=3|PronType=Ind,Rel",
      "PRON__Case=Acc|Gender=Masc|Number=Plur|Person=3|PronType=Prs",
      "PRON__Case=Acc|Gender=Masc|Number=Plur|Person=3|PronType=Rel",
      "PRON__Case=Acc|Gender=Masc|Number=Sing|Person=1|PronType=Prs",
      "PRON__Case=Acc|Gender=Masc|Number=Sing|Person=3|PronType=Dem",
      "PRON__Case=Acc|Gender=Masc|Number=Sing|Person=3|PronType=Ind",
      "PRON__Case=Acc|Gender=Masc|Number=Sing|Person=3|PronType=Ind,Rel",
      "PRON__Case=Acc|Gender=Masc|Number=Sing|Person=3|PronType=Int",
      "PRON__Case=Acc|Gender=Masc|Number=Sing|Person=3|PronType=Prs",
      "PRON__Case=Acc|Gender=Masc|Number=Sing|Person=3|PronType=Rel",
      "PRON__Case=Acc|Gender=Neut|Number=Plur|Person=3|PronType=Dem",
      "PRON__Case=Acc|Gender=Neut|Number=Plur|Person=3|PronType=Ind",
      "PRON__Case=Acc|Gender=Neut|Number=Plur|Person=3|PronType=Ind,Rel",
      "PRON__Case=Acc|Gender=Neut|Number=Plur|Person=3|PronType=Prs",
      "PRON__Case=Acc|Gender=Neut|Number=Plur|Person=3|PronType=Rel",
      "PRON__Case=Acc|Gender=Neut|Number=Sing|Person=3|PronType=Dem",
      "PRON__Case=Acc|Gender=Neut|Number=Sing|Person=3|PronType=Ind",
      "PRON__Case=Acc|Gender=Neut|Number=Sing|Person=3|PronType=Ind,Rel",
      "PRON__Case=Acc|Gender=Neut|Number=Sing|Person=3|PronType=Int",
      "PRON__Case=Acc|Gender=Neut|Number=Sing|Person=3|PronType=Prs",
      "PRON__Case=Acc|Gender=Neut|Number=Sing|Person=3|PronType=Rel",
      "PRON__Case=Gen|Gender=Fem|Number=Plur|Person=3|Poss=Yes|PronType=Prs",
      "PRON__Case=Gen|Gender=Fem|Number=Plur|Person=3|PronType=Dem",
      "PRON__Case=Gen|Gender=Fem|Number=Plur|Person=3|PronType=Ind",
      "PRON__Case=Gen|Gender=Fem|Number=Plur|Person=3|PronType=Prs",
      "PRON__Case=Gen|Gender=Fem|Number=Plur|Person=3|PronType=Rel",
      "PRON__Case=Gen|Gender=Fem|Number=Sing|Person=3|Poss=Yes|PronType=Prs",
      "PRON__Case=Gen|Gender=Fem|Number=Sing|Person=3|PronType=Dem",
      "PRON__Case=Gen|Gender=Fem|Number=Sing|Person=3|PronType=Ind",
      "PRON__Case=Gen|Gender=Fem|Number=Sing|Person=3|PronType=Prs",
      "PRON__Case=Gen|Gender=Fem|Number=Sing|Person=3|PronType=Rel",
      "PRON__Case=Gen|Gender=Masc|Number=Plur|Person=1|Poss=Yes|PronType=Prs",
      "PRON__Case=Gen|Gender=Masc|Number=Plur|Person=1|PronType=Prs",
      "PRON__Case=Gen|Gender=Masc|Number=Plur|Person=2|Poss=Yes|PronType=Prs",
      "PRON__Case=Gen|Gender=Masc|Number=Plur|Person=2|PronType=Prs",
      "PRON__Case=Gen|Gender=Masc|Number=Plur|Person=3|Poss=Yes|PronType=Prs",
      "PRON__Case=Gen|Gender=Masc|Number=Plur|Person=3|PronType=Dem",
      "PRON__Case=Gen|Gender=Masc|Number=Plur|Person=3|PronType=Ind",
      "PRON__Case=Gen|Gender=Masc|Number=Plur|Person=3|PronType=Ind,Rel",
      "PRON__Case=Gen|Gender=Masc|Number=Plur|Person=3|PronType=Prs",
      "PRON__Case=Gen|Gender=Masc|Number=Plur|Person=3|PronType=Rel",
      "PRON__Case=Gen|Gender=Masc|Number=Sing|Person=1|Poss=Yes|PronType=Prs",
      "PRON__Case=Gen|Gender=Masc|Number=Sing|Person=1|PronType=Prs",
      "PRON__Case=Gen|Gender=Masc|Number=Sing|Person=3|Poss=Yes|PronType=Prs",
      "PRON__Case=Gen|Gender=Masc|Number=Sing|Person=3|PronType=Dem",
      "PRON__Case=Gen|Gender=Masc|Number=Sing|Person=3|PronType=Ind",
      "PRON__Case=Gen|Gender=Masc|Number=Sing|Person=3|PronType=Int",
      "PRON__Case=Gen|Gender=Masc|Number=Sing|Person=3|PronType=Prs",
      "PRON__Case=Gen|Gender=Masc|Number=Sing|Person=3|PronType=Rel",
      "PRON__Case=Gen|Gender=Neut|Number=Plur|Person=3|Poss=Yes|PronType=Prs",
      "PRON__Case=Gen|Gender=Neut|Number=Plur|Person=3|PronType=Dem",
      "PRON__Case=Gen|Gender=Neut|Number=Plur|Person=3|PronType=Ind",
      "PRON__Case=Gen|Gender=Neut|Number=Plur|Person=3|PronType=Ind,Rel",
      "PRON__Case=Gen|Gender=Neut|Number=Plur|Person=3|PronType=Rel",
      "PRON__Case=Gen|Gender=Neut|Number=Sing|Person=3|Poss=Yes|PronType=Prs",
      "PRON__Case=Gen|Gender=Neut|Number=Sing|Person=3|PronType=Dem",
      "PRON__Case=Gen|Gender=Neut|Number=Sing|Person=3|PronType=Ind",
      "PRON__Case=Gen|Gender=Neut|Number=Sing|Person=3|PronType=Prs",
      "PRON__Case=Gen|Gender=Neut|Number=Sing|Person=3|PronType=Rel",
      "PRON__Case=Nom|Gender=Fem|Number=Plur|Person=3|PronType=Dem",
      "PRON__Case=Nom|Gender=Fem|Number=Plur|Person=3|PronType=Ind",
      "PRON__Case=Nom|Gender=Fem|Number=Plur|Person=3|PronType=Int",
      "PRON__Case=Nom|Gender=Fem|Number=Plur|Person=3|PronType=Rel",
      "PRON__Case=Nom|Gender=Fem|Number=Sing|Person=3|PronType=Dem",
      "PRON__Case=Nom|Gender=Fem|Number=Sing|Person=3|PronType=Ind",
      "PRON__Case=Nom|Gender=Fem|Number=Sing|Person=3|PronType=Ind,Rel",
      "PRON__Case=Nom|Gender=Fem|Number=Sing|Person=3|PronType=Rel",
      "PRON__Case=Nom|Gender=Masc|Number=Plur|Person=1|PronType=Prs",
      "PRON__Case=Nom|Gender=Masc|Number=Plur|Person=2|PronType=Prs",
      "PRON__Case=Nom|Gender=Masc|Number=Plur|Person=3|PronType=Dem",
      "PRON__Case=Nom|Gender=Masc|Number=Plur|Person=3|PronType=Ind",
      "PRON__Case=Nom|Gender=Masc|Number=Plur|Person=3|PronType=Ind,Rel",
      "PRON__Case=Nom|Gender=Masc|Number=Plur|Person=3|PronType=Int",
      "PRON__Case=Nom|Gender=Masc|Number=Plur|Person=3|PronType=Rel",
      "PRON__Case=Nom|Gender=Masc|Number=Sing|Person=1|PronType=Prs",
      "PRON__Case=Nom|Gender=Masc|Number=Sing|Person=3|PronType=Dem",
      "PRON__Case=Nom|Gender=Masc|Number=Sing|Person=3|PronType=Ind",
      "PRON__Case=Nom|Gender=Masc|Number=Sing|Person=3|PronType=Ind,Rel",
      "PRON__Case=Nom|Gender=Masc|Number=Sing|Person=3|PronType=Int",
      "PRON__Case=Nom|Gender=Masc|Number=Sing|Person=3|PronType=Rel",
      "PRON__Case=Nom|Gender=Neut|Number=Plur|Person=3|PronType=Dem",
      "PRON__Case=Nom|Gender=Neut|Number=Plur|Person=3|PronType=Ind",
      "PRON__Case=Nom|Gender=Neut|Number=Plur|Person=3|PronType=Rel",
      "PRON__Case=Nom|Gender=Neut|Number=Sing|Person=3|PronType=Dem",
      "PRON__Case=Nom|Gender=Neut|Number=Sing|Person=3|PronType=Ind",
      "PRON__Case=Nom|Gender=Neut|Number=Sing|Person=3|PronType=Ind,Rel",
      "PRON__Case=Nom|Gender=Neut|Number=Sing|Person=3|PronType=Int",
      "PRON__Case=Nom|Gender=Neut|Number=Sing|Person=3|PronType=Rel",
      "PROPN__Case=Acc|Gender=Fem|Number=Plur",
      "PROPN__Case=Acc|Gender=Fem|Number=Sing",
      "PROPN__Case=Acc|Gender=Masc|Number=Plur",
      "PROPN__Case=Acc|Gender=Masc|Number=Sing",
      "PROPN__Case=Acc|Gender=Neut|Number=Plur",
      "PROPN__Case=Acc|Gender=Neut|Number=Sing",
      "PROPN__Case=Gen|Gender=Fem|Number=Plur",
      "PROPN__Case=Gen|Gender=Fem|Number=Sing",
      "PROPN__Case=Gen|Gender=Masc|Number=Plur",
      "PROPN__Case=Gen|Gender=Masc|Number=Sing",
      "PROPN__Case=Gen|Gender=Neut|Number=Plur",
      "PROPN__Case=Gen|Gender=Neut|Number=Sing",
      "PROPN__Case=Nom|Gender=Fem|Number=Plur",
      "PROPN__Case=Nom|Gender=Fem|Number=Sing",
      "PROPN__Case=Nom|Gender=Masc|Number=Plur",
      "PROPN__Case=Nom|Gender=Masc|Number=Sing",
      "PROPN__Case=Nom|Gender=Neut|Number=Plur",
      "PROPN__Case=Nom|Gender=Neut|Number=Sing",
      "PUNCT",
      "SCONJ",
      "SYM",
      "VERB__Aspect=Imp|Mood=Ind|Number=Plur|Person=1|Tense=Past|VerbForm=Fin|Voice=Act",
      "VERB__Aspect=Imp|Mood=Ind|Number=Plur|Person=1|Tense=Pres|VerbForm=Fin|Voice=Act",
      "VERB__Aspect=Imp|Mood=Ind|Number=Plur|Person=1|Tense=Pres|VerbForm=Fin|Voice=Pass",
      "VERB__Aspect=Imp|Mood=Ind|Number=Plur|Person=2|Tense=Past|VerbForm=Fin|Voice=Act",
      "VERB__Aspect=Imp|Mood=Ind|Number=Plur|Person=2|Tense=Pres|VerbForm=Fin|Voice=Act",
      "VERB__Aspect=Imp|Mood=Ind|Number=Plur|Person=2|Tense=Pres|VerbForm=Fin|Voice=Pass",
      "VERB__Aspect=Imp|Mood=Ind|Number=Plur|Person=3|Tense=Past|VerbForm=Fin|Voice=Act",
      "VERB__Aspect=Imp|Mood=Ind|Number=Plur|Person=3|Tense=Past|VerbForm=Fin|Voice=Pass",
      "VERB__Aspect=Imp|Mood=Ind|Number=Plur|Person=3|Tense=Pres|VerbForm=Fin|Voice=Act",
      "VERB__Aspect=Imp|Mood=Ind|Number=Plur|Person=3|Tense=Pres|VerbForm=Fin|Voice=Pass",
      "VERB__Aspect=Imp|Mood=Ind|Number=Sing|Person=1|Tense=Past|VerbForm=Fin|Voice=Act",
      "VERB__Aspect=Imp|Mood=Ind|Number=Sing|Person=1|Tense=Pres|VerbForm=Fin|Voice=Act",
      "VERB__Aspect=Imp|Mood=Ind|Number=Sing|Person=1|Tense=Pres|VerbForm=Fin|Voice=Pass",
      "VERB__Aspect=Imp|Mood=Ind|Number=Sing|Person=3|Tense=Past|VerbForm=Fin|Voice=Act",
      "VERB__Aspect=Imp|Mood=Ind|Number=Sing|Person=3|Tense=Past|VerbForm=Fin|Voice=Pass",
      "VERB__Aspect=Imp|Mood=Ind|Number=Sing|Person=3|Tense=Pres|VerbForm=Fin|Voice=Act",
      "VERB__Aspect=Imp|Mood=Ind|Number=Sing|Person=3|Tense=Pres|VerbForm=Fin|Voice=Pass",
      "VERB__Aspect=Imp|VerbForm=Conv|Voice=Act",
      "VERB__Aspect=Perf|Case=Acc|Gender=Fem|Number=Plur|VerbForm=Part|Voice=Pass",
      "VERB__Aspect=Perf|Case=Acc|Gender=Fem|Number=Sing|VerbForm=Part|Voice=Pass",
      "VERB__Aspect=Perf|Case=Acc|Gender=Masc|Number=Plur|VerbForm=Part|Voice=Pass",
      "VERB__Aspect=Perf|Case=Acc|Gender=Masc|Number=Sing|VerbForm=Part|Voice=Pass",
      "VERB__Aspect=Perf|Case=Acc|Gender=Neut|Number=Plur|VerbForm=Part|Voice=Pass",
      "VERB__Aspect=Perf|Case=Acc|Gender=Neut|Number=Sing|VerbForm=Part|Voice=Pass",
      "VERB__Aspect=Perf|Case=Gen|Gender=Fem|Number=Plur|VerbForm=Part|Voice=Pass",
      "VERB__Aspect=Perf|Case=Gen|Gender=Fem|Number=Sing|VerbForm=Part|Voice=Pass",
      "VERB__Aspect=Perf|Case=Gen|Gender=Masc|Number=Plur|VerbForm=Part|Voice=Pass",
      "VERB__Aspect=Perf|Case=Gen|Gender=Masc|Number=Sing|VerbForm=Part|Voice=Pass",
      "VERB__Aspect=Perf|Case=Nom|Gender=Fem|Number=Plur|VerbForm=Part|Voice=Pass",
      "VERB__Aspect=Perf|Case=Nom|Gender=Fem|Number=Sing|VerbForm=Part|Voice=Pass",
      "VERB__Aspect=Perf|Case=Nom|Gender=Masc|Number=Plur|VerbForm=Part|Voice=Pass",
      "VERB__Aspect=Perf|Case=Nom|Gender=Masc|Number=Sing|VerbForm=Part|Voice=Pass",
      "VERB__Aspect=Perf|Case=Nom|Gender=Neut|Number=Plur|VerbForm=Part|Voice=Pass",
      "VERB__Aspect=Perf|Case=Nom|Gender=Neut|Number=Sing|VerbForm=Part|Voice=Pass",
      "VERB__Aspect=Perf|Mood=Imp|Number=Plur|Person=2|VerbForm=Fin|Voice=Act",
      "VERB__Aspect=Perf|Mood=Ind|Number=Plur|Person=1|Tense=Past|VerbForm=Fin|Voice=Act",
      "VERB__Aspect=Perf|Mood=Ind|Number=Plur|Person=1|Tense=Past|VerbForm=Fin|Voice=Pass",
      "VERB__Aspect=Perf|Mood=Ind|Number=Plur|Person=1|VerbForm=Fin|Voice=Act",
      "VERB__Aspect=Perf|Mood=Ind|Number=Plur|Person=1|VerbForm=Fin|Voice=Pass",
      "VERB__Aspect=Perf|Mood=Ind|Number=Plur|Person=2|Tense=Past|VerbForm=Fin|Voice=Act",
      "VERB__Aspect=Perf|Mood=Ind|Number=Plur|Person=2|Tense=Past|VerbForm=Fin|Voice=Pass",
      "VERB__Aspect=Perf|Mood=Ind|Number=Plur|Person=2|VerbForm=Fin|Voice=Act",
      "VERB__Aspect=Perf|Mood=Ind|Number=Plur|Person=2|VerbForm=Fin|Voice=Pass",
      "VERB__Aspect=Perf|Mood=Ind|Number=Plur|Person=3|Tense=Past|VerbForm=Fin|Voice=Act",
      "VERB__Aspect=Perf|Mood=Ind|Number=Plur|Person=3|Tense=Past|VerbForm=Fin|Voice=Pass",
      "VERB__Aspect=Perf|Mood=Ind|Number=Plur|Person=3|VerbForm=Fin|Voice=Act",
      "VERB__Aspect=Perf|Mood=Ind|Number=Plur|Person=3|VerbForm=Fin|Voice=Pass",
      "VERB__Aspect=Perf|Mood=Ind|Number=Sing|Person=1|Tense=Past|VerbForm=Fin|Voice=Act",
      "VERB__Aspect=Perf|Mood=Ind|Number=Sing|Person=1|Tense=Past|VerbForm=Fin|Voice=Pass",
      "VERB__Aspect=Perf|Mood=Ind|Number=Sing|Person=1|VerbForm=Fin|Voice=Act",
      "VERB__Aspect=Perf|Mood=Ind|Number=Sing|Person=1|VerbForm=Fin|Voice=Pass",
      "VERB__Aspect=Perf|Mood=Ind|Number=Sing|Person=2|Tense=Past|VerbForm=Fin|Voice=Pass",
      "VERB__Aspect=Perf|Mood=Ind|Number=Sing|Person=3|Tense=Past|VerbForm=Fin|Voice=Act",
      "VERB__Aspect=Perf|Mood=Ind|Number=Sing|Person=3|Tense=Past|VerbForm=Fin|Voice=Pass",
      "VERB__Aspect=Perf|Mood=Ind|Number=Sing|Person=3|VerbForm=Fin|Voice=Act",
      "VERB__Aspect=Perf|Mood=Ind|Number=Sing|Person=3|VerbForm=Fin|Voice=Pass",
      "VERB__Aspect=Perf|VerbForm=Inf|Voice=Act",
      "VERB__Aspect=Perf|VerbForm=Inf|Voice=Pass",
      "X__Foreign=Yes",
      "_SP"
    ],
    "parser": [
      "ROOT",
      "acl",
      "acl:relcl",
      "advcl",
      "advmod",
      "amod",
      "appos",
      "aux",
      "case",
      "cc",
      "ccomp",
      "conj",
      "cop",
      "csubj",
      "csubj:pass",
      "dep",
      "det",
      "fixed",
      "flat",
      "iobj",
      "mark",
      "nmod",
      "nsubj",
      "nsubj:pass",
      "nummod",
      "obj",
      "obl",
      "obl:agent",
      "parataxis",
      "punct",
      "vocative",
      "xcomp"
    ],
    "ner": [
      "EVENT",
      "GPE",
      "LOC",
      "ORG",
      "PERSON",
      "PRODUCT"
    ]
  },
  "vectors": {
    "width": 300,
    "vectors": 20000,
    "keys": 500000,
    "name": "el_core_news_md.vectors"
  },
  "size": "42 MB",
  "checksum": "e0daba0103a024c358be699525354cc388e95199b2fb3e6115c0d952ff421d9c"
}