{
  "lang": "el",
  "name": "core_news_sm",
  "version": "3.4.0",
  "description": "Greek pipeline optimized for CPU. Components: tok2vec, morphologizer, parser, lemmatizer (trainable_lemmatizer), senter, ner, attribute_ruler.",
  "author": "Explosion",
  "email": "contact@explosion.ai",
  "url": "https://explosion.ai",
  "license": "CC BY-NC-SA 3.0",
  "spacy_version": ">=3.4.0,<3.5.0",
  "spacy_git_version": "dd038b536",
  "vectors": {
    "width": 0,
    "vectors": 0,
    "keys": 0,
    "name": null
  },
  "labels": {
    "tok2vec": [],
    "morphologizer": [
      "Case=Nom|Definite=Def|Gender=Fem|Number=Sing|POS=DET|PronType=Art",
      "Foreign=Yes|POS=X",
      "Aspect=Perf|Mood=Ind|Number=Sing|POS=VERB|Person=3|Tense=Past|VerbForm=Fin|Voice=Pass",
      "POS=ADP",
      "Case=Acc|Definite=Def|Gender=Fem|Number=Sing|POS=DET|PronType=Art",
      "NumType=Card|POS=NUM",
      "POS=NOUN",
      "POS=ADV",
      "POS=PUNCT",
      "Case=Acc|Gender=Neut|Number=Plur|POS=NOUN",
      "Case=Acc|Gender=Neut|Number=Plur|POS=ADP",
      "Case=Gen|Definite=Def|Gender=Fem|Number=Sing|POS=DET|PronType=Art",
      "Case=Gen|Gender=Fem|Number=Sing|POS=NOUN",
      "Case=Gen|Definite=Def|Gender=Fem|Number=Plur|POS=DET|PronType=Art",
      "Case=Gen|Definite=Def|Gender=Neut|Number=Sing|POS=DET|PronType=Art",
      "Case=Acc|Definite=Def|Gender=Neut|Number=Sing|POS=DET|PronType=Art",
      "Case=Gen|Definite=Def|Gender=Masc|Number=Sing|POS=DET|PronType=Art",
      "Case=Gen|Gender=Masc|Number=Sing|POS=NOUN",
      "Aspect=Perf|Mood=Ind|Number=Sing|POS=VERB|Person=3|Tense=Past|VerbForm=Fin|Voice=Act",
      "Case=Nom|Definite=Def|Gender=Masc|Number=Sing|POS=DET|PronType=Art",
      "Case=Acc|Gender=Neut|Number=Sing|POS=ADP",
      "Case=Acc|Gender=Neut|NumType=Ord|Number=Sing|POS=NUM",
      "Case=Acc|Gender=Neut|Number=Sing|POS=NOUN",
      "POS=CCONJ",
      "Case=Nom|Definite=Def|Gender=Masc|Number=Plur|POS=DET|PronType=Art",
      "Case=Nom|Gender=Masc|Number=Plur|POS=ADJ",
      "Aspect=Perf|Mood=Ind|Number=Plur|POS=VERB|Person=3|Tense=Past|VerbForm=Fin|Voice=Act",
      "Case=Acc|Definite=Def|Gender=Masc|Number=Sing|POS=DET|PronType=Art",
      "Case=Acc|Gender=Neut|NumType=Card|Number=Plur|POS=NUM",
      "Case=Acc|Definite=Def|Gender=Masc|Number=Plur|POS=DET|PronType=Art",
      "Case=Nom|Gender=Masc|NumType=Card|Number=Plur|POS=NUM",
      "POS=AUX",
      "Aspect=Perf|Mood=Ind|Number=Plur|POS=VERB|Person=3|VerbForm=Fin|Voice=Pass",
      "Case=Acc|Gender=Fem|Number=Plur|POS=ADP",
      "Case=Acc|Gender=Masc|Number=Plur|POS=PROPN",
      "Aspect=Imp|Mood=Ind|Number=Plur|POS=VERB|Person=3|Tense=Pres|VerbForm=Fin|Voice=Pass",
      "Case=Acc|Gender=Fem|Number=Sing|POS=NOUN",
      "Case=Acc|Gender=Masc|Number=Plur|POS=ADJ",
      "Case=Acc|Gender=Masc|Number=Plur|POS=NOUN",
      "Case=Gen|Gender=Neut|NumType=Card|Number=Plur|POS=NUM",
      "Case=Gen|Gender=Neut|Number=Plur|POS=NOUN",
      "Case=Acc|Gender=Masc|Number=Sing|POS=ADP",
      "Case=Acc|Gender=Masc|Number=Sing|POS=NOUN",
      "Case=Acc|Gender=Neut|Number=Sing|POS=PROPN",
      "Case=Nom|Gender=Masc|Number=Sing|POS=NOUN",
      "Case=Nom|Gender=Masc|Number=Sing|POS=PROPN",
      "Aspect=Imp|Mood=Ind|Number=Sing|POS=VERB|Person=3|Tense=Past|VerbForm=Fin|Voice=Act",
      "Case=Gen|Gender=Masc|Number=Sing|POS=PRON|Person=3|PronType=Rel",
      "Case=Acc|Definite=Def|Gender=Fem|Number=Plur|POS=DET|PronType=Art",
      "Case=Acc|Gender=Fem|Number=Plur|POS=NOUN",
      "Case=Gen|Gender=Masc|Number=Sing|POS=PRON|Person=3|Poss=Yes|PronType=Prs",
      "Case=Acc|Gender=Fem|Number=Sing|POS=ADP",
      "Case=Acc|Gender=Fem|Number=Sing|POS=PROPN",
      "Aspect=Imp|Mood=Ind|Number=Sing|POS=VERB|Person=3|Tense=Pres|VerbForm=Fin|Voice=Act",
      "Case=Acc|Definite=Def|Gender=Neut|Number=Plur|POS=DET|PronType=Art",
      "Case=Acc|Gender=Neut|Number=Plur|POS=ADJ",
      "Case=Gen|Gender=Neut|Number=Plur|POS=PROPN",
      "Case=Acc|Gender=Neut|Number=Sing|POS=ADJ",
      "Aspect=Imp|POS=VERB|VerbForm=Conv|Voice=Act",
      "Case=Nom|Gender=Fem|Number=Sing|POS=PRON|Person=3|PronType=Rel",
      "Aspect=Imp|Mood=Ind|Number=Sing|POS=VERB|Person=3|Tense=Pres|VerbForm=Fin|Voice=Pass",
      "Case=Acc|Gender=Masc|Number=Plur|POS=ADP",
      "Case=Gen|Gender=Fem|Number=Sing|POS=ADJ",
      "Case=Gen|Gender=Fem|Number=Sing|POS=PROPN",
      "Case=Acc|Definite=Ind|Gender=Neut|Number=Sing|POS=DET|PronType=Art",
      "Case=Gen|Definite=Def|Gender=Neut|Number=Plur|POS=DET|PronType=Art",
      "Case=Gen|Gender=Neut|Number=Sing|POS=PROPN",
      "Case=Nom|Definite=Def|Gender=Neut|Number=Sing|POS=DET|PronType=Art",
      "Case=Nom|Gender=Neut|Number=Sing|POS=PRON|Person=3|PronType=Rel",
      "Case=Nom|Gender=Neut|Number=Plur|POS=NOUN",
      "Case=Gen|Gender=Masc|Number=Sing|POS=PROPN",
      "Case=Nom|Gender=Masc|Number=Plur|POS=NOUN",
      "Case=Nom|Gender=Fem|Number=Plur|POS=ADJ",
      "Case=Nom|Gender=Fem|Number=Plur|POS=NOUN",
      "Case=Nom|Gender=Fem|Number=Sing|POS=NOUN",
      "Case=Acc|Gender=Fem|Number=Plur|POS=PRON|Person=3|PronType=Ind",
      "Case=Nom|Gender=Neut|Number=Sing|POS=NOUN",
      "Case=Nom|Gender=Neut|Number=Plur|POS=ADJ",
      "Aspect=Imp|Mood=Ind|Number=Sing|POS=AUX|Person=3|Tense=Past|VerbForm=Fin|Voice=Pass",
      "Case=Nom|Gender=Fem|Number=Sing|POS=ADJ",
      "Case=Acc|Gender=Fem|Number=Sing|POS=ADJ",
      "Case=Nom|Degree=Cmp|Gender=Masc|Number=Sing|POS=ADJ",
      "Case=Gen|Definite=Def|Gender=Masc|Number=Plur|POS=DET|PronType=Art",
      "Case=Gen|Gender=Masc|Number=Plur|POS=NOUN",
      "Case=Gen|Gender=Fem|Number=Plur|POS=NOUN",
      "Case=Nom|Gender=Neut|NumType=Card|Number=Plur|POS=NUM",
      "Case=Gen|Gender=Masc|Number=Plur|POS=PRON|Person=3|Poss=Yes|PronType=Prs",
      "POS=SCONJ",
      "Case=Nom|Gender=Neut|Number=Plur|POS=PRON|Person=3|PronType=Ind",
      "Aspect=Perf|Mood=Ind|Number=Plur|POS=VERB|Person=3|Tense=Past|VerbForm=Fin|Voice=Pass",
      "Case=Nom|Definite=Def|Gender=Fem|Number=Plur|POS=DET|PronType=Art",
      "Case=Nom|Gender=Masc|Number=Plur|POS=PRON|Person=3|PronType=Rel",
      "Aspect=Imp|Mood=Ind|Number=Plur|POS=VERB|Person=3|Tense=Pres|VerbForm=Fin|Voice=Act",
      "Aspect=Perf|Mood=Ind|Number=Plur|POS=VERB|Person=3|VerbForm=Fin|Voice=Act",
      "Case=Nom|Gender=Masc|Number=Sing|POS=PRON|Person=3|PronType=Rel",
      "Case=Nom|Gender=Fem|Number=Sing|POS=PROPN",
      "Case=Gen|Gender=Masc|Number=Sing|POS=ADJ",
      "Case=Acc|Gender=Fem|NumType=Ord|Number=Sing|POS=NUM",
      "Case=Gen|Gender=Fem|Number=Plur|POS=PRON|Person=3|PronType=Prs",
      "Aspect=Imp|Mood=Ind|Number=Sing|POS=VERB|Person=3|Tense=Past|VerbForm=Fin|Voice=Pass",
      "Aspect=Imp|Mood=Ind|Number=Sing|POS=AUX|Person=3|Tense=Pres|VerbForm=Fin|Voice=Pass",
      "Case=Acc|Definite=Ind|Gender=Fem|Number=Sing|POS=DET|PronType=Art",
      "Case=Nom|Gender=Neut|Number=Sing|POS=ADJ",
      "Aspect=Imp|Mood=Ind|Number=Plur|POS=AUX|Person=3|Tense=Pres|VerbForm=Fin|Voice=Act",
      "Aspect=Perf|POS=VERB|VerbForm=Inf|Voice=Pass",
      "Case=Acc|Gender=Fem|Number=Plur|POS=ADJ",
      "Case=Nom|Definite=Def|Gender=Neut|Number=Plur|POS=DET|PronType=Art",
      "Case=Nom|Gender=Masc|Number=Sing|POS=ADJ",
      "Case=Gen|Gender=Neut|Number=Plur|POS=ADJ",
      "Aspect=Imp|Mood=Ind|Number=Sing|POS=AUX|Person=3|Tense=Pres|VerbForm=Fin|Voice=Act",
      "Aspect=Perf|POS=VERB|VerbForm=Inf|Voice=Act",
      "Case=Acc|Gender=Fem|Number=Plur|POS=PRON|Person=3|PronType=Rel",
      "Case=Nom|Gender=Masc|Number=Plur|POS=PROPN",
      "Aspect=Perf|Case=Acc|Gender=Fem|Number=Sing|POS=VERB|VerbForm=Part|Voice=Pass",
      "Case=Gen|Gender=Masc|Number=Plur|POS=PROPN",
      "POS=PART",
      "Case=Nom|Gender=Fem|Number=Sing|POS=PRON|Person=3|PronType=Ind",
      "Case=Nom|Degree=Cmp|Gender=Neut|Number=Sing|POS=ADJ",
      "Case=Acc|Gender=Fem|Number=Sing|POS=PRON|Person=3|PronType=Dem",
      "Case=Acc|Degree=Cmp|Gender=Fem|Number=Sing|POS=ADJ",
      "Case=Nom|Gender=Neut|Number=Plur|POS=PRON|Person=3|PronType=Dem",
      "Aspect=Imp|Mood=Ind|Number=Plur|POS=AUX|Person=3|Tense=Pres|VerbForm=Fin|Voice=Pass",
      "Case=Gen|Gender=Fem|NumType=Ord|Number=Sing|POS=NUM",
      "Aspect=Imp|Mood=Ind|Number=Plur|POS=VERB|Person=3|Tense=Past|VerbForm=Fin|Voice=Act",
      "Aspect=Perf|Mood=Ind|Number=Sing|POS=VERB|Person=3|VerbForm=Fin|Voice=Pass",
      "Case=Gen|Gender=Neut|Number=Sing|POS=NOUN",
      "Case=Gen|Gender=Fem|Number=Sing|POS=PRON|Person=3|Poss=Yes|PronType=Prs",
      "Abbr=Yes|POS=NOUN",
      "Case=Acc|Gender=Neut|Number=Plur|POS=PRON|Person=3|PronType=Ind",
      "Case=Nom|Gender=Fem|Number=Plur|POS=PRON|Person=3|PronType=Rel",
      "Aspect=Perf|Mood=Ind|Number=Sing|POS=VERB|Person=3|VerbForm=Fin|Voice=Act",
      "Case=Acc|Gender=Masc|Number=Sing|POS=PROPN",
      "Case=Gen|Gender=Fem|Number=Plur|POS=ADJ",
      "Case=Acc|Gender=Masc|Number=Sing|POS=ADJ",
      "Case=Voc|Gender=Fem|Number=Sing|POS=NOUN",
      "Aspect=Imp|Mood=Ind|Number=Plur|POS=VERB|Person=1|Tense=Pres|VerbForm=Fin|Voice=Act",
      "Case=Acc|Gender=Fem|Number=Sing|POS=PRON|Person=3|PronType=Rel",
      "Aspect=Perf|Mood=Ind|Number=Plur|POS=VERB|Person=1|Tense=Past|VerbForm=Fin|Voice=Act",
      "Aspect=Perf|Mood=Ind|Number=Plur|POS=VERB|Person=1|VerbForm=Fin|Voice=Act",
      "Case=Acc|Definite=Ind|Gender=Masc|Number=Sing|POS=DET|PronType=Art",
      "Case=Gen|Gender=Neut|Number=Plur|POS=PRON|Person=3|Poss=Yes|PronType=Prs",
      "Aspect=Imp|Mood=Ind|Number=Plur|POS=VERB|Person=1|Tense=Pres|VerbForm=Fin|Voice=Pass",
      "Case=Nom|Gender=Neut|Number=Plur|POS=PRON|Person=3|PronType=Rel",
      "Case=Gen|Gender=Masc|Number=Plur|POS=PRON|Person=1|Poss=Yes|PronType=Prs",
      "Case=Nom|Definite=Ind|Gender=Fem|Number=Sing|POS=DET|PronType=Art",
      "Case=Acc|Gender=Masc|Number=Plur|POS=PRON|Person=1|PronType=Prs",
      "Case=Acc|Gender=Neut|Number=Sing|POS=PRON|Person=3|PronType=Dem",
      "Aspect=Imp|Mood=Ind|Number=Sing|POS=VERB|Person=1|Tense=Past|VerbForm=Fin|Voice=Act",
      "Case=Gen|Gender=Masc|Number=Sing|POS=PRON|Person=1|Poss=Yes|PronType=Prs",
      "Case=Nom|Definite=Ind|Gender=Neut|Number=Sing|POS=DET|PronType=Art",
      "Aspect=Imp|Mood=Ind|Number=Sing|POS=VERB|Person=1|Tense=Pres|VerbForm=Fin|Voice=Act",
      "Case=Acc|Gender=Masc|Number=Plur|POS=PRON|Person=3|PronType=Dem",
      "Case=Acc|Gender=Neut|Number=Sing|POS=PRON|Person=3|PronType=Ind",
      "Degree=Cmp|POS=ADV",
      "Case=Acc|Gender=Masc|Number=Sing|POS=PRON|Person=3|PronType=Dem",
      "Case=Acc|Gender=Masc|Number=Sing|POS=PRON|Person=1|PronType=Prs",
      "Aspect=Perf|Mood=Ind|Number=Sing|POS=VERB|Person=1|Tense=Past|VerbForm=Fin|Voice=Act",
      "Case=Acc|Gender=Neut|Number=Plur|POS=PRON|Person=3|PronType=Dem",
      "Case=Acc|Gender=Neut|Number=Plur|POS=PRON|Person=3|PronType=Prs",
      "Case=Acc|Gender=Fem|Number=Sing|POS=PRON|Person=3|PronType=Ind,Rel",
      "Case=Nom|Gender=Masc|Number=Plur|POS=PRON|Person=3|PronType=Ind,Rel",
      "Case=Gen|Gender=Neut|Number=Plur|POS=PRON|Person=3|PronType=Dem",
      "Case=Nom|Gender=Fem|NumType=Card|Number=Sing|POS=NUM",
      "Case=Acc|Gender=Fem|Number=Sing|POS=PRON|Person=3|PronType=Ind",
      "Case=Nom|Gender=Masc|Number=Plur|POS=PRON|Person=1|PronType=Prs",
      "Aspect=Perf|Mood=Ind|Number=Plur|POS=VERB|Person=1|Tense=Past|VerbForm=Fin|Voice=Pass",
      "Case=Gen|Gender=Fem|Number=Plur|POS=PRON|Person=3|PronType=Rel",
      "Case=Acc|Gender=Neut|NumType=Card|Number=Sing|POS=NUM",
      "Aspect=Perf|Case=Acc|Gender=Neut|Number=Sing|POS=VERB|VerbForm=Part|Voice=Pass",
      "Case=Gen|Gender=Fem|Number=Sing|POS=PRON|Person=3|PronType=Dem",
      "Case=Gen|Gender=Neut|Number=Sing|POS=PRON|Person=3|Poss=Yes|PronType=Prs",
      "Case=Acc|Gender=Masc|NumType=Ord|Number=Sing|POS=NUM",
      "Case=Gen|Definite=Ind|Gender=Masc|Number=Sing|POS=DET|PronType=Art",
      "Case=Gen|Gender=Masc|NumType=Ord|Number=Sing|POS=NUM",
      "Case=Gen|Definite=Ind|Gender=Fem|Number=Sing|POS=DET|PronType=Art",
      "Case=Nom|Gender=Fem|NumType=Card|Number=Plur|POS=NUM",
      "Case=Voc|Gender=Masc|Number=Sing|POS=NOUN",
      "Aspect=Perf|Mood=Ind|Number=Sing|POS=VERB|Person=1|VerbForm=Fin|Voice=Act",
      "Case=Acc|Gender=Neut|Number=Plur|POS=PRON|Person=3|PronType=Ind,Rel",
      "Case=Gen|Gender=Neut|Number=Sing|POS=PRON|Person=3|PronType=Dem",
      "Case=Acc|Gender=Neut|Number=Plur|POS=PRON|Person=3|PronType=Rel",
      "Case=Gen|Gender=Fem|Number=Plur|POS=PRON|Person=3|PronType=Dem",
      "Case=Acc|Gender=Neut|Number=Sing|POS=PRON|Person=3|PronType=Rel",
      "Case=Acc|Gender=Neut|Number=Sing|POS=PRON|Person=3|PronType=Prs",
      "Case=Acc|Gender=Masc|Number=Plur|POS=PRON|Person=3|PronType=Rel",
      "Case=Voc|Gender=Fem|Number=Plur|POS=NOUN",
      "Case=Voc|Gender=Masc|Number=Plur|POS=NOUN",
      "Case=Gen|Gender=Masc|Number=Plur|POS=PRON|Person=2|PronType=Prs",
      "Case=Acc|Gender=Neut|Number=Sing|POS=PRON|Person=3|PronType=Int",
      "Case=Gen|Gender=Masc|Number=Plur|POS=ADJ",
      "Case=Gen|Gender=Neut|Number=Sing|POS=ADJ",
      "Case=Gen|Definite=Ind|Gender=Neut|Number=Sing|POS=DET|PronType=Art",
      "Case=Nom|Gender=Fem|Number=Plur|POS=PRON|Person=3|PronType=Ind",
      "Case=Nom|Gender=Masc|Number=Plur|POS=PRON|Person=3|PronType=Ind",
      "Case=Acc|Gender=Masc|Number=Plur|POS=PRON|Person=3|PronType=Ind",
      "Case=Nom|Gender=Neut|Number=Sing|POS=PRON|Person=3|PronType=Dem",
      "Case=Gen|Gender=Fem|Number=Plur|POS=PRON|Person=3|Poss=Yes|PronType=Prs",
      "Aspect=Perf|Mood=Ind|Number=Plur|POS=VERB|Person=1|VerbForm=Fin|Voice=Pass",
      "Aspect=Imp|Mood=Ind|Number=Sing|POS=VERB|Person=1|Tense=Pres|VerbForm=Fin|Voice=Pass",
      "Case=Nom|Gender=Masc|Number=Plur|POS=PRON|Person=3|PronType=Dem",
      "Case=Acc|Gender=Masc|Number=Plur|POS=PRON|Person=3|PronType=Prs",
      "Case=Acc|Gender=Fem|Number=Plur|POS=PRON|Person=3|PronType=Dem",
      "Case=Nom|Gender=Masc|Number=Plur|POS=PRON|Person=2|PronType=Prs",
      "Aspect=Perf|Mood=Ind|Number=Plur|POS=VERB|Person=2|Tense=Past|VerbForm=Fin|Voice=Act",
      "Case=Gen|Gender=Masc|Number=Plur|POS=PRON|Person=1|PronType=Prs",
      "Case=Acc|Gender=Masc|Number=Sing|POS=PRON|Person=3|PronType=Rel",
      "Case=Gen|Gender=Masc|Number=Plur|POS=PRON|Person=2|Poss=Yes|PronType=Prs",
      "Case=Acc|Gender=Masc|Number=Sing|POS=PRON|Person=3|PronType=Ind",
      "Case=Acc|Degree=Cmp|Gender=Masc|Number=Sing|POS=ADJ",
      "Case=Nom|Gender=Masc|Number=Sing|POS=PRON|Person=3|PronType=Ind,Rel",
      "Case=Acc|Degree=Cmp|Gender=Neut|Number=Plur|POS=ADJ",
      "Case=Nom|Gender=Neut|Number=Sing|POS=PRON|Person=3|PronType=Ind",
      "Aspect=Perf|Case=Nom|Gender=Masc|Number=Plur|POS=VERB|VerbForm=Part|Voice=Pass",
      "Aspect=Imp|Mood=Ind|Number=Plur|POS=VERB|Person=1|Tense=Past|VerbForm=Fin|Voice=Act",
      "Case=Nom|Degree=Cmp|Gender=Fem|Number=Plur|POS=ADJ",
      "Case=Nom|Gender=Fem|Number=Sing|POS=PRON|Person=3|PronType=Dem",
      "Case=Gen|Gender=Masc|NumType=Card|Number=Plur|POS=NUM",
      "Case=Acc|Gender=Fem|NumType=Card|Number=Plur|POS=NUM",
      "Case=Acc|Gender=Masc|NumType=Card|Number=Plur|POS=NUM",
      "Case=Acc|Degree=Cmp|Gender=Neut|Number=Sing|POS=ADJ",
      "Case=Acc|Gender=Fem|Number=Plur|POS=PROPN",
      "Aspect=Imp|Mood=Ind|Number=Sing|POS=AUX|Person=3|Tense=Past|VerbForm=Fin|Voice=Act",
      "Aspect=Perf|Case=Gen|Gender=Masc|Number=Sing|POS=VERB|VerbForm=Part|Voice=Pass",
      "Case=Gen|Gender=Masc|Number=Sing|POS=PRON|Person=3|PronType=Dem",
      "Case=Gen|Gender=Fem|NumType=Card|Number=Plur|POS=NUM",
      "POS=SPACE",
      "Case=Nom|Gender=Neut|Number=Sing|POS=PROPN",
      "Aspect=Perf|Case=Acc|Gender=Masc|Number=Sing|POS=VERB|VerbForm=Part|Voice=Pass",
      "Case=Nom|Degree=Sup|Gender=Neut|Number=Plur|POS=ADJ",
      "Case=Nom|Degree=Cmp|Gender=Neut|Number=Plur|POS=ADJ",
      "Aspect=Imp|Mood=Ind|Number=Plur|POS=VERB|Person=2|Tense=Pres|VerbForm=Fin|Voice=Act",
      "Aspect=Perf|Mood=Ind|Number=Plur|POS=VERB|Person=2|VerbForm=Fin|Voice=Act",
      "Aspect=Perf|Mood=Ind|Number=Plur|POS=VERB|Person=2|VerbForm=Fin|Voice=Pass",
      "Case=Acc|Gender=Fem|Number=Sing|POS=PRON|Person=3|PronType=Prs",
      "Case=Nom|Gender=Neut|Number=Sing|POS=PRON|Person=3|PronType=Int",
      "Aspect=Perf|Case=Acc|Gender=Fem|Number=Plur|POS=VERB|VerbForm=Part|Voice=Pass",
      "Abbr=Yes|POS=ADV",
      "Case=Acc|Gender=Neut|Number=Sing|POS=PRON|Person=3|PronType=Ind,Rel",
      "Case=Nom|Gender=Neut|NumType=Ord|Number=Plur|POS=NUM",
      "Aspect=Imp|Mood=Ind|Number=Plur|POS=AUX|Person=3|Tense=Past|VerbForm=Fin|Voice=Act",
      "Case=Dat|Gender=Masc|Number=Sing|POS=NOUN",
      "Case=Nom|Gender=Fem|Number=Plur|POS=PRON|Person=3|PronType=Dem",
      "Aspect=Imp|Mood=Ind|Number=Plur|POS=AUX|Person=1|Tense=Pres|VerbForm=Fin|Voice=Pass",
      "Case=Acc|Degree=Cmp|Gender=Fem|Number=Plur|POS=ADJ",
      "Case=Gen|Degree=Cmp|Gender=Neut|Number=Plur|POS=ADJ",
      "Case=Gen|Gender=Neut|Number=Plur|POS=PRON|Person=3|PronType=Rel",
      "Aspect=Perf|Case=Nom|Gender=Fem|Number=Plur|POS=VERB|VerbForm=Part|Voice=Pass",
      "Case=Nom|Gender=Masc|Number=Sing|POS=PRON|Person=3|PronType=Ind",
      "Case=Dat|Gender=Neut|Number=Sing|POS=NOUN",
      "Case=Gen|Gender=Neut|Number=Plur|POS=PRON|Person=3|PronType=Ind",
      "Case=Acc|Degree=Sup|Gender=Masc|Number=Plur|POS=ADJ",
      "Case=Gen|Gender=Masc|Number=Sing|POS=PRON|Person=3|PronType=Prs",
      "Case=Gen|Gender=Neut|Number=Plur|POS=PRON|Person=3|PronType=Ind,Rel",
      "Case=Gen|Degree=Cmp|Gender=Masc|Number=Plur|POS=ADJ",
      "Case=Nom|Degree=Cmp|Gender=Masc|Number=Plur|POS=ADJ",
      "Case=Nom|Gender=Neut|Number=Plur|POS=PROPN",
      "Case=Gen|Gender=Masc|Number=Plur|POS=PRON|Person=3|PronType=Rel",
      "Case=Dat|Gender=Fem|Number=Sing|POS=NOUN",
      "Case=Gen|Gender=Fem|Number=Sing|POS=PRON|Person=3|PronType=Prs",
      "Aspect=Perf|Case=Acc|Gender=Neut|Number=Plur|POS=VERB|VerbForm=Part|Voice=Pass",
      "Case=Acc|Gender=Fem|NumType=Sets|Number=Plur|POS=NUM",
      "Aspect=Imp|POS=AUX|VerbForm=Conv|Voice=Act",
      "Case=Gen|Gender=Masc|Number=Plur|POS=PRON|Person=3|PronType=Prs",
      "Case=Nom|Gender=Fem|NumType=Ord|Number=Sing|POS=NUM",
      "Case=Nom|Gender=Fem|NumType=Sets|Number=Plur|POS=NUM",
      "Case=Acc|Gender=Neut|Number=Plur|POS=PROPN",
      "Aspect=Imp|Mood=Ind|Number=Plur|POS=AUX|Person=3|Tense=Past|VerbForm=Fin|Voice=Pass",
      "Aspect=Perf|Mood=Imp|Number=Plur|POS=VERB|Person=2|VerbForm=Fin|Voice=Act",
      "Case=Gen|Gender=Masc|Number=Sing|POS=PRON|Person=1|PronType=Prs",
      "Case=Acc|Gender=Masc|Number=Plur|POS=PRON|Person=2|PronType=Prs",
      "Case=Nom|Gender=Masc|Number=Sing|POS=PRON|Person=1|PronType=Prs",
      "Case=Voc|Gender=Masc|Number=Sing|POS=ADJ",
      "Case=Voc|Gender=Masc|Number=Plur|POS=ADJ",
      "Case=Acc|Gender=Masc|NumType=Card|Number=Sing|POS=NUM",
      "Case=Gen|Gender=Fem|Number=Plur|POS=PRON|Person=3|PronType=Ind",
      "Case=Nom|Degree=Cmp|Gender=Fem|Number=Sing|POS=ADJ",
      "Aspect=Perf|Mood=Ind|Number=Sing|POS=VERB|Person=1|VerbForm=Fin|Voice=Pass",
      "Case=Nom|Gender=Masc|NumType=Ord|Number=Sing|POS=NUM",
      "Aspect=Perf|Case=Gen|Gender=Fem|Number=Sing|POS=VERB|VerbForm=Part|Voice=Pass",
      "Aspect=Perf|Mood=Ind|Number=Sing|POS=AUX|Person=3|Tense=Past|VerbForm=Fin|Voice=Pass",
      "Aspect=Perf|Mood=Ind|Number=Plur|POS=AUX|Person=3|Tense=Past|VerbForm=Fin|Voice=Pass",
      "Case=Gen|Degree=Sup|Gender=Fem|Number=Sing|POS=ADJ",
      "Aspect=Imp|Mood=Ind|Number=Sing|POS=AUX|Person=1|Tense=Pres|VerbForm=Fin|Voice=Pass",
      "Case=Nom|Gender=Neut|NumType=Ord|Number=Sing|POS=NUM",
      "Aspect=Perf|Mood=Ind|Number=Sing|POS=VERB|Person=1|Tense=Past|VerbForm=Fin|Voice=Pass",
      "Case=Nom|Gender=Neut|NumType=Card|Number=Sing|POS=NUM",
      "Case=Gen|Gender=Masc|Number=Plur|POS=PRON|Person=3|PronType=Dem",
      "Case=Gen|Degree=Cmp|Gender=Fem|Number=Sing|POS=ADJ",
      "Aspect=Imp|Mood=Ind|Number=Sing|POS=AUX|Person=1|Tense=Pres|VerbForm=Fin|Voice=Act",
      "Case=Acc|Degree=Sup|Gender=Fem|Number=Plur|POS=ADJ",
      "Aspect=Imp|Mood=Ind|Number=Plur|POS=AUX|Person=1|Tense=Pres|VerbForm=Fin|Voice=Act",
      "Case=Dat|Gender=Fem|Number=Sing|POS=ADJ",
      "Case=Gen|Gender=Fem|Number=Sing|POS=PRON|Person=3|PronType=Rel",
      "Case=Gen|Gender=Fem|NumType=Sets|Number=Plur|POS=NUM",
      "Aspect=Perf|Case=Nom|Gender=Fem|Number=Sing|POS=VERB|VerbForm=Part|Voice=Pass",
      "Case=Gen|Gender=Masc|Number=Plur|POS=PRON|Person=3|PronType=Ind,Rel",
      "Aspect=Perf|Mood=Ind|Number=Plur|POS=VERB|Person=2|Tense=Past|VerbForm=Fin|Voice=Pass",
      "Aspect=Imp|Mood=Ind|Number=Plur|POS=AUX|Person=2|Tense=Pres|VerbForm=Fin|Voice=Pass",
      "Case=Gen|Gender=Masc|Number=Sing|POS=PRON|Person=3|PronType=Int",
      "Aspect=Imp|Mood=Ind|Number=Plur|POS=VERB|Person=2|Tense=Past|VerbForm=Fin|Voice=Act",
      "Case=Acc|Gender=Neut|NumType=Ord|Number=Plur|POS=NUM",
      "Case=Nom|Definite=Ind|Gender=Masc|Number=Sing|POS=DET|PronType=Art",
      "Case=Nom|Gender=Masc|Number=Sing|POS=PRON|Person=3|PronType=Dem",
      "Case=Gen|Degree=Sup|Gender=Masc|Number=Plur|POS=ADJ",
      "Case=Acc|Gender=Fem|NumType=Ord|Number=Plur|POS=NUM",
      "Case=Nom|Gender=Fem|NumType=Ord|Number=Plur|POS=NUM",
      "Case=Gen|Degree=Cmp|Gender=Fem|Number=Plur|POS=ADJ",
      "Case=Nom|Degree=Sup|Gender=Fem|Number=Plur|POS=ADJ",
      "Case=Acc|Degree=Sup|Gender=Neut|Number=Sing|POS=ADJ",
      "Case=Nom|Gender=Masc|NumType=Card|Number=Sing|POS=NUM",
      "Case=Acc|Gender=Masc|Number=Sing|POS=PRON|Person=3|PronType=Ind,Rel",
      "Case=Acc|Gender=Fem|NumType=Card|Number=Sing|POS=NUM",
      "Case=Nom|Degree=Sup|Gender=Neut|Number=Sing|POS=ADJ",
      "Case=Acc|Gender=Masc|Number=Sing|POS=PRON|Person=3|PronType=Int",
      "Case=Acc|Gender=Fem|Number=Plur|POS=PRON|Person=3|PronType=Prs",
      "Case=Gen|Gender=Fem|Number=Sing|POS=PRON|Person=3|PronType=Ind",
      "Aspect=Perf|Case=Gen|Gender=Fem|Number=Plur|POS=VERB|VerbForm=Part|Voice=Pass",
      "Case=Nom|Gender=Fem|NumType=Mult|Number=Sing|POS=NUM",
      "Case=Acc|Gender=Masc|Number=Sing|POS=PRON|Person=3|PronType=Prs",
      "Case=Acc|Gender=Masc|NumType=Mult|Number=Sing|POS=NUM",
      "Case=Nom|Degree=Sup|Gender=Masc|Number=Plur|POS=ADJ",
      "Case=Acc|Degree=Cmp|Gender=Masc|Number=Plur|POS=ADJ",
      "Case=Gen|Degree=Cmp|Gender=Neut|Number=Sing|POS=ADJ",
      "Case=Nom|Gender=Fem|Number=Plur|POS=PRON|Person=3|PronType=Int",
      "Case=Gen|Gender=Masc|Number=Plur|POS=PRON|Person=3|PronType=Ind",
      "Degree=Sup|POS=ADV",
      "Aspect=Perf|Mood=Ind|Number=Sing|POS=VERB|Person=2|Tense=Past|VerbForm=Fin|Voice=Pass",
      "Case=Nom|Degree=Sup|Gender=Fem|Number=Sing|POS=ADJ",
      "Case=Nom|Gender=Fem|Number=Sing|POS=PRON|Person=3|PronType=Ind,Rel",
      "Case=Gen|Gender=Neut|Number=Sing|POS=PRON|Person=3|PronType=Prs",
      "Case=Gen|Gender=Fem|Number=Plur|POS=PROPN",
      "Aspect=Imp|Mood=Ind|Number=Plur|POS=VERB|Person=3|Tense=Past|VerbForm=Fin|Voice=Pass",
      "Aspect=Perf|Mood=Ind|Number=Plur|POS=AUX|Person=2|Tense=Past|VerbForm=Fin|Voice=Act",
      "Case=Gen|Gender=Neut|Number=Sing|POS=PRON|Person=3|PronType=Ind",
      "Case=Nom|Gender=Masc|Number=Plur|POS=PRON|Person=3|PronType=Int",
      "Case=Nom|Gender=Neut|Number=Sing|POS=PRON|Person=3|PronType=Ind,Rel",
      "POS=SYM",
      "Case=Gen|Gender=Neut|Number=Sing|POS=PRON|Person=3|PronType=Rel",
      "Case=Nom|Gender=Masc|NumType=Ord|Number=Plur|POS=NUM",
      "Case=Nom|Gender=Fem|Number=Plur|POS=PROPN",
      "Aspect=Perf|Case=Nom|Gender=Neut|Number=Sing|POS=VERB|VerbForm=Part|Voice=Pass",
      "Case=Acc|Gender=Masc|Number=Plur|POS=PRON|Person=3|PronType=Ind,Rel",
      "Aspect=Perf|Case=Gen|Gender=Masc|Number=Plur|POS=VERB|VerbForm=Part|Voice=Pass",
      "Aspect=Imp|Mood=Ind|Number=Plur|POS=AUX|Person=2|Tense=Pres|VerbForm=Fin|Voice=Act",
      "Aspect=Perf|Case=Nom|Gender=Neut|Number=Plur|POS=VERB|VerbForm=Part|Voice=Pass",
      "Case=Acc|Gender=Neut|NumType=Mult|Number=Sing|POS=NUM",
      "Case=Acc|Degree=Sup|Gender=Neut|Number=Plur|POS=ADJ",
      "Aspect=Perf|Case=Acc|Gender=Masc|Number=Plur|POS=VERB|VerbForm=Part|Voice=Pass",
      "Aspect=Imp|Mood=Ind|Number=Plur|POS=VERB|Person=2|Tense=Pres|VerbForm=Fin|Voice=Pass",
      "Case=Nom|Gender=Masc|Number=Sing|POS=PRON|Person=3|PronType=Int",
      "Case=Gen|Gender=Neut|NumType=Ord|Number=Sing|POS=NUM",
      "Aspect=Perf|Case=Nom|Gender=Masc|Number=Sing|POS=VERB|VerbForm=Part|Voice=Pass",
      "Case=Dat|Definite=Def|Gender=Neut|Number=Sing|POS=DET|PronType=Art",
      "Case=Gen|Gender=Masc|Number=Sing|POS=PRON|Person=3|PronType=Ind",
      "Case=Gen|Gender=Fem|NumType=Ord|Number=Plur|POS=NUM",
      "Case=Dat|Definite=Def|Gender=Fem|Number=Sing|POS=DET|PronType=Art",
      "Case=Gen|Degree=Cmp|Gender=Masc|Number=Sing|POS=ADJ"
    ],
    "parser": [
      "ROOT",
      "acl",
      "acl:relcl",
      "advcl",
      "advmod",
      "amod",
      "appos",
      "aux",
      "case",
      "cc",
      "ccomp",
      "conj",
      "cop",
      "csubj",
      "csubj:pass",
      "dep",
      "det",
      "fixed",
      "flat",
      "iobj",
      "mark",
      "nmod",
      "nsubj",
      "nsubj:pass",
      "nummod",
      "obj",
      "obl",
      "obl:agent",
      "parataxis",
      "punct",
      "vocative",
      "xcomp"
    ],
    "attribute_ruler": [],
    "ner": [
      "EVENT",
      "GPE",
      "LOC",
      "ORG",
      "PERSON",
      "PRODUCT"
    ]
  },
  "pipeline": [
    "tok2vec",
    "morphologizer",
    "parser",
    "lemmatizer",
    "attribute_ruler",
    "ner"
  ],
  "components": [
    "tok2vec",
    "morphologizer",
    "parser",
    "lemmatizer",
    "senter",
    "attribute_ruler",
    "ner"
  ],
  "disabled": [
    "senter"
  ],
  "performance": {
    "token_acc": 1.0,
    "token_p": 0.9990295973,
    "token_r": 0.9995068547,
    "token_f": 0.9992604644,
    "pos_acc": 0.9436473894,
    "morph_acc": 0.8869496623,
    "morph_micro_p": 0.9464935242,
    "morph_micro_r": 0.9440545214,
    "morph_micro_f": 0.9452724495,
    "morph_per_feat": {
      "Abbr": {
        "p": 0.974025974,
        "r": 0.8064516129,
        "f": 0.8823529412
      },
      "Case": {
        "p": 0.9257219162,
        "r": 0.9246415472,
        "f": 0.9251814163
      },
      "Gender": {
        "p": 0.9160407278,
        "r": 0.9149716572,
        "f": 0.9155058804
      },
      "Number": {
        "p": 0.9679607447,
        "r": 0.9681004619,
        "f": 0.9680305983
      },
      "Aspect": {
        "p": 0.90562249,
        "r": 0.90562249,
        "f": 0.90562249
      },
      "Mood": {
        "p": 0.973347548,
        "r": 0.9817204301,
        "f": 0.97751606
      },
      "Person": {
        "p": 0.971281296,
        "r": 0.9663003663,
        "f": 0.9687844289
      },
      "Tense": {
        "p": 0.9391979301,
        "r": 0.9465449804,
        "f": 0.9428571429
      },
      "VerbForm": {
        "p": 0.9648594378,
        "r": 0.9648594378,
        "f": 0.9648594378
      },
      "Voice": {
        "p": 0.9457831325,
        "r": 0.9457831325,
        "f": 0.9457831325
      },
      "Definite": {
        "p": 0.9903518729,
        "r": 0.9977129788,
        "f": 0.9940187981
      },
      "PronType": {
        "p": 0.9880843263,
        "r": 0.9871794872,
        "f": 0.9876316995
      },
      "Foreign": {
        "p": 0.6791044776,
        "r": 0.5652173913,
        "f": 0.6169491525
      },
      "NumType": {
        "p": 0.9615384615,
        "r": 0.8536585366,
        "f": 0.9043927649
      },
      "Poss": {
        "p": 0.9285714286,
        "r": 0.8764044944,
        "f": 0.901734104
      },
      "Degree": {
        "p": 0.6785714286,
        "r": 0.5,
        "f": 0.5757575758
      }
    },
    "sents_p": 0.9197080292,
    "sents_r": 0.9379652605,
    "sents_f": 0.9287469287,
    "dep_uas": 0.8457438039,
    "dep_las": 0.8013408804,
    "dep_las_per_type": {},
    "lemma_acc": 0.8857664054,
    "tag_acc": 0.9136715476,
    "ents_p": 0.7117117117,
    "ents_r": 0.6638655462,
    "ents_f": 0.6869565217,
    "ents_per_type": {
      "PERSON": {
        "p": 0.82,
        "r": 0.640625,
        "f": 0.7192982456
      },
      "GPE": {
        "p": 0.7415730337,
        "r": 0.7586206897,
        "f": 0.75
      },
      "ORG": {
        "p": 0.6025641026,
        "r": 0.661971831,
        "f": 0.6308724832
      },
      "PRODUCT": {
        "p": 0.5,
        "r": 0.125,
        "f": 0.2
      },
      "EVENT": {
        "p": 1.0,
        "r": 0.5,
        "f": 0.6666666667
      },
      "LOC": {
        "p": 0.0,
        "r": 0.0,
        "f": 0.0
      }
    },
    "speed": 10345.4245329374
  },
  "sources": [
    {
      "name": "UD Greek GDT v2.8",
      "url": "https://github.com/UniversalDependencies/UD_Greek-GDT",
      "license": "CC BY-NC-SA 3.0",
      "author": "Prokopidis, Prokopis"
    },
    {
      "name": "Greek NER Corpus (Google Summer of Code 2018)",
      "url": "https://github.com/eellak/gsoc2018-spacy",
      "license": "MIT",
      "author": "Giannis Daras"
    }
  ],
  "requirements": [],
  "size": "11 MB",
  "checksum": "af8db3c38c2b8707a326ae9f12bf713fdd2c5e878c2944f9e8c14a1134716643",
  "checksum_whl": "d1e7fd57939e4e549754213b19274cbb8663bf77edc8130884b90ebb977c5cec"
}