{
  "lang": "el",
  "name": "core_news_md",
  "version": "3.1.0",
  "description": "Greek pipeline optimized for CPU. Components: tok2vec, morphologizer, parser, senter, ner, attribute_ruler, lemmatizer.",
  "author": "Explosion",
  "email": "contact@explosion.ai",
  "url": "https://explosion.ai",
  "license": "CC BY-NC-SA 3.0",
  "spacy_version": ">=3.1.0,<3.2.0",
  "spacy_git_version": "caba63b74",
  "vectors": {
    "width": 300,
    "vectors": 20000,
    "keys": 500000,
    "name": "el_vectors"
  },
  "labels": {
    "tok2vec": [],
    "morphologizer": [
      "Case=Nom|Definite=Def|Gender=Fem|Number=Sing|POS=DET|PronType=Art",
      "Foreign=Yes|POS=X",
      "Aspect=Perf|Mood=Ind|Number=Sing|POS=VERB|Person=3|Tense=Past|VerbForm=Fin|Voice=Pass",
      "POS=ADP",
      "Case=Acc|Definite=Def|Gender=Fem|Number=Sing|POS=DET|PronType=Art",
      "NumType=Card|POS=NUM",
      "POS=NOUN",
      "POS=ADV",
      "POS=PUNCT",
      "Case=Acc|Gender=Neut|Number=Plur|POS=NOUN",
      "Case=Acc|Gender=Neut|Number=Plur|POS=ADP",
      "Case=Gen|Definite=Def|Gender=Fem|Number=Sing|POS=DET|PronType=Art",
      "Case=Gen|Gender=Fem|Number=Sing|POS=NOUN",
      "Case=Gen|Definite=Def|Gender=Fem|Number=Plur|POS=DET|PronType=Art",
      "Case=Gen|Definite=Def|Gender=Neut|Number=Sing|POS=DET|PronType=Art",
      "Case=Acc|Definite=Def|Gender=Neut|Number=Sing|POS=DET|PronType=Art",
      "Case=Gen|Definite=Def|Gender=Masc|Number=Sing|POS=DET|PronType=Art",
      "Case=Gen|Gender=Masc|Number=Sing|POS=NOUN",
      "Aspect=Perf|Mood=Ind|Number=Sing|POS=VERB|Person=3|Tense=Past|VerbForm=Fin|Voice=Act",
      "Case=Nom|Definite=Def|Gender=Masc|Number=Sing|POS=DET|PronType=Art",
      "Case=Acc|Gender=Neut|Number=Sing|POS=ADP",
      "Case=Acc|Gender=Neut|NumType=Ord|Number=Sing|POS=NUM",
      "Case=Acc|Gender=Neut|Number=Sing|POS=NOUN",
      "POS=CCONJ",
      "Case=Nom|Definite=Def|Gender=Masc|Number=Plur|POS=DET|PronType=Art",
      "Case=Nom|Gender=Masc|Number=Plur|POS=ADJ",
      "Aspect=Perf|Mood=Ind|Number=Plur|POS=VERB|Person=3|Tense=Past|VerbForm=Fin|Voice=Act",
      "Case=Acc|Definite=Def|Gender=Masc|Number=Sing|POS=DET|PronType=Art",
      "Case=Acc|Gender=Neut|NumType=Card|Number=Plur|POS=NUM",
      "Case=Acc|Definite=Def|Gender=Masc|Number=Plur|POS=DET|PronType=Art",
      "Case=Nom|Gender=Masc|NumType=Card|Number=Plur|POS=NUM",
      "POS=AUX",
      "Aspect=Perf|Mood=Ind|Number=Plur|POS=VERB|Person=3|VerbForm=Fin|Voice=Pass",
      "Case=Acc|Gender=Fem|Number=Plur|POS=ADP",
      "Case=Acc|Gender=Masc|Number=Plur|POS=PROPN",
      "Aspect=Imp|Mood=Ind|Number=Plur|POS=VERB|Person=3|Tense=Pres|VerbForm=Fin|Voice=Pass",
      "Case=Acc|Gender=Fem|Number=Sing|POS=NOUN",
      "Case=Acc|Gender=Masc|Number=Plur|POS=ADJ",
      "Case=Acc|Gender=Masc|Number=Plur|POS=NOUN",
      "Case=Gen|Gender=Neut|NumType=Card|Number=Plur|POS=NUM",
      "Case=Gen|Gender=Neut|Number=Plur|POS=NOUN",
      "Case=Acc|Gender=Masc|Number=Sing|POS=ADP",
      "Case=Acc|Gender=Masc|Number=Sing|POS=NOUN",
      "Case=Acc|Gender=Neut|Number=Sing|POS=PROPN",
      "Case=Nom|Gender=Masc|Number=Sing|POS=NOUN",
      "Case=Nom|Gender=Masc|Number=Sing|POS=PROPN",
      "Aspect=Imp|Mood=Ind|Number=Sing|POS=VERB|Person=3|Tense=Past|VerbForm=Fin|Voice=Act",
      "Case=Gen|Gender=Masc|Number=Sing|POS=PRON|Person=3|PronType=Rel",
      "Case=Acc|Definite=Def|Gender=Fem|Number=Plur|POS=DET|PronType=Art",
      "Case=Acc|Gender=Fem|Number=Plur|POS=NOUN",
      "Case=Gen|Gender=Masc|Number=Sing|POS=PRON|Person=3|Poss=Yes|PronType=Prs",
      "Case=Acc|Gender=Fem|Number=Sing|POS=ADP",
      "Case=Acc|Gender=Fem|Number=Sing|POS=PROPN",
      "Aspect=Imp|Mood=Ind|Number=Sing|POS=VERB|Person=3|Tense=Pres|VerbForm=Fin|Voice=Act",
      "Case=Acc|Definite=Def|Gender=Neut|Number=Plur|POS=DET|PronType=Art",
      "Case=Acc|Gender=Neut|Number=Plur|POS=ADJ",
      "Case=Gen|Gender=Neut|Number=Plur|POS=PROPN",
      "Case=Acc|Gender=Neut|Number=Sing|POS=ADJ",
      "Aspect=Imp|POS=VERB|VerbForm=Conv|Voice=Act",
      "Case=Nom|Gender=Fem|Number=Sing|POS=PRON|Person=3|PronType=Rel",
      "Aspect=Imp|Mood=Ind|Number=Sing|POS=VERB|Person=3|Tense=Pres|VerbForm=Fin|Voice=Pass",
      "Case=Acc|Gender=Masc|Number=Plur|POS=ADP",
      "Case=Gen|Gender=Fem|Number=Sing|POS=ADJ",
      "Case=Gen|Gender=Fem|Number=Sing|POS=PROPN",
      "Case=Acc|Definite=Ind|Gender=Neut|Number=Sing|POS=DET|PronType=Art",
      "Case=Gen|Definite=Def|Gender=Neut|Number=Plur|POS=DET|PronType=Art",
      "Case=Gen|Gender=Neut|Number=Sing|POS=PROPN",
      "Case=Nom|Definite=Def|Gender=Neut|Number=Sing|POS=DET|PronType=Art",
      "Case=Nom|Gender=Neut|Number=Sing|POS=PRON|Person=3|PronType=Rel",
      "Case=Nom|Gender=Neut|Number=Plur|POS=NOUN",
      "Case=Gen|Gender=Masc|Number=Sing|POS=PROPN",
      "Case=Nom|Gender=Masc|Number=Plur|POS=NOUN",
      "Case=Nom|Gender=Fem|Number=Plur|POS=ADJ",
      "Case=Nom|Gender=Fem|Number=Plur|POS=NOUN",
      "Case=Nom|Gender=Fem|Number=Sing|POS=NOUN",
      "Case=Acc|Gender=Fem|Number=Plur|POS=PRON|Person=3|PronType=Ind",
      "Case=Nom|Gender=Neut|Number=Sing|POS=NOUN",
      "Case=Nom|Gender=Neut|Number=Plur|POS=ADJ",
      "Aspect=Imp|Mood=Ind|Number=Sing|POS=AUX|Person=3|Tense=Past|VerbForm=Fin|Voice=Pass",
      "Case=Nom|Gender=Fem|Number=Sing|POS=ADJ",
      "Case=Acc|Gender=Fem|Number=Sing|POS=ADJ",
      "Case=Nom|Degree=Cmp|Gender=Masc|Number=Sing|POS=ADJ",
      "Case=Gen|Definite=Def|Gender=Masc|Number=Plur|POS=DET|PronType=Art",
      "Case=Gen|Gender=Masc|Number=Plur|POS=NOUN",
      "Case=Gen|Gender=Fem|Number=Plur|POS=NOUN",
      "Case=Nom|Gender=Neut|NumType=Card|Number=Plur|POS=NUM",
      "Case=Gen|Gender=Masc|Number=Plur|POS=PRON|Person=3|Poss=Yes|PronType=Prs",
      "POS=SCONJ",
      "Case=Nom|Gender=Neut|Number=Plur|POS=PRON|Person=3|PronType=Ind",
      "Aspect=Perf|Mood=Ind|Number=Plur|POS=VERB|Person=3|Tense=Past|VerbForm=Fin|Voice=Pass",
      "Case=Nom|Definite=Def|Gender=Fem|Number=Plur|POS=DET|PronType=Art",
      "Case=Nom|Gender=Masc|Number=Plur|POS=PRON|Person=3|PronType=Rel",
      "Aspect=Imp|Mood=Ind|Number=Plur|POS=VERB|Person=3|Tense=Pres|VerbForm=Fin|Voice=Act",
      "Aspect=Perf|Mood=Ind|Number=Plur|POS=VERB|Person=3|VerbForm=Fin|Voice=Act",
      "Case=Nom|Gender=Masc|Number=Sing|POS=PRON|Person=3|PronType=Rel",
      "Case=Nom|Gender=Fem|Number=Sing|POS=PROPN",
      "Case=Gen|Gender=Masc|Number=Sing|POS=ADJ",
      "Case=Acc|Gender=Fem|NumType=Ord|Number=Sing|POS=NUM",
      "Case=Gen|Gender=Fem|Number=Plur|POS=PRON|Person=3|PronType=Prs",
      "Aspect=Imp|Mood=Ind|Number=Sing|POS=VERB|Person=3|Tense=Past|VerbForm=Fin|Voice=Pass",
      "Aspect=Imp|Mood=Ind|Number=Sing|POS=AUX|Person=3|Tense=Pres|VerbForm=Fin|Voice=Pass",
      "Case=Acc|Definite=Ind|Gender=Fem|Number=Sing|POS=DET|PronType=Art",
      "Case=Nom|Gender=Neut|Number=Sing|POS=ADJ",
      "Aspect=Imp|Mood=Ind|Number=Plur|POS=AUX|Person=3|Tense=Pres|VerbForm=Fin|Voice=Act",
      "Aspect=Perf|POS=VERB|VerbForm=Inf|Voice=Pass",
      "Case=Acc|Gender=Fem|Number=Plur|POS=ADJ",
      "Case=Nom|Definite=Def|Gender=Neut|Number=Plur|POS=DET|PronType=Art",
      "Case=Nom|Gender=Masc|Number=Sing|POS=ADJ",
      "Case=Gen|Gender=Neut|Number=Plur|POS=ADJ",
      "Aspect=Imp|Mood=Ind|Number=Sing|POS=AUX|Person=3|Tense=Pres|VerbForm=Fin|Voice=Act",
      "Aspect=Perf|POS=VERB|VerbForm=Inf|Voice=Act",
      "Case=Acc|Gender=Fem|Number=Plur|POS=PRON|Person=3|PronType=Rel",
      "Case=Nom|Gender=Masc|Number=Plur|POS=PROPN",
      "Aspect=Perf|Case=Acc|Gender=Fem|Number=Sing|POS=VERB|VerbForm=Part|Voice=Pass",
      "Case=Gen|Gender=Masc|Number=Plur|POS=PROPN",
      "POS=PART",
      "Case=Nom|Gender=Fem|Number=Sing|POS=PRON|Person=3|PronType=Ind",
      "Case=Nom|Degree=Cmp|Gender=Neut|Number=Sing|POS=ADJ",
      "Case=Acc|Gender=Fem|Number=Sing|POS=PRON|Person=3|PronType=Dem",
      "Case=Acc|Degree=Cmp|Gender=Fem|Number=Sing|POS=ADJ",
      "Case=Nom|Gender=Neut|Number=Plur|POS=PRON|Person=3|PronType=Dem",
      "Aspect=Imp|Mood=Ind|Number=Plur|POS=AUX|Person=3|Tense=Pres|VerbForm=Fin|Voice=Pass",
      "Case=Gen|Gender=Fem|NumType=Ord|Number=Sing|POS=NUM",
      "Aspect=Imp|Mood=Ind|Number=Plur|POS=VERB|Person=3|Tense=Past|VerbForm=Fin|Voice=Act",
      "Aspect=Perf|Mood=Ind|Number=Sing|POS=VERB|Person=3|VerbForm=Fin|Voice=Pass",
      "Case=Gen|Gender=Neut|Number=Sing|POS=NOUN",
      "Case=Gen|Gender=Fem|Number=Sing|POS=PRON|Person=3|Poss=Yes|PronType=Prs",
      "Abbr=Yes|POS=NOUN",
      "Case=Acc|Gender=Neut|Number=Plur|POS=PRON|Person=3|PronType=Ind",
      "Case=Nom|Gender=Fem|Number=Plur|POS=PRON|Person=3|PronType=Rel",
      "Aspect=Perf|Mood=Ind|Number=Sing|POS=VERB|Person=3|VerbForm=Fin|Voice=Act",
      "Case=Acc|Gender=Masc|Number=Sing|POS=PROPN",
      "Case=Gen|Gender=Fem|Number=Plur|POS=ADJ",
      "Case=Acc|Gender=Masc|Number=Sing|POS=ADJ",
      "Case=Voc|Gender=Fem|Number=Sing|POS=NOUN",
      "Aspect=Imp|Mood=Ind|Number=Plur|POS=VERB|Person=1|Tense=Pres|VerbForm=Fin|Voice=Act",
      "Case=Acc|Gender=Fem|Number=Sing|POS=PRON|Person=3|PronType=Rel",
      "Aspect=Perf|Mood=Ind|Number=Plur|POS=VERB|Person=1|Tense=Past|VerbForm=Fin|Voice=Act",
      "Aspect=Perf|Mood=Ind|Number=Plur|POS=VERB|Person=1|VerbForm=Fin|Voice=Act",
      "Case=Acc|Definite=Ind|Gender=Masc|Number=Sing|POS=DET|PronType=Art",
      "Case=Gen|Gender=Neut|Number=Plur|POS=PRON|Person=3|Poss=Yes|PronType=Prs",
      "Aspect=Imp|Mood=Ind|Number=Plur|POS=VERB|Person=1|Tense=Pres|VerbForm=Fin|Voice=Pass",
      "Case=Nom|Gender=Neut|Number=Plur|POS=PRON|Person=3|PronType=Rel",
      "Case=Gen|Gender=Masc|Number=Plur|POS=PRON|Person=1|Poss=Yes|PronType=Prs",
      "Case=Nom|Definite=Ind|Gender=Fem|Number=Sing|POS=DET|PronType=Art",
      "Case=Acc|Gender=Masc|Number=Plur|POS=PRON|Person=1|PronType=Prs",
      "Case=Acc|Gender=Neut|Number=Sing|POS=PRON|Person=3|PronType=Dem",
      "Aspect=Imp|Mood=Ind|Number=Sing|POS=VERB|Person=1|Tense=Past|VerbForm=Fin|Voice=Act",
      "Case=Gen|Gender=Masc|Number=Sing|POS=PRON|Person=1|Poss=Yes|PronType=Prs",
      "Case=Nom|Definite=Ind|Gender=Neut|Number=Sing|POS=DET|PronType=Art",
      "Aspect=Imp|Mood=Ind|Number=Sing|POS=VERB|Person=1|Tense=Pres|VerbForm=Fin|Voice=Act",
      "Case=Acc|Gender=Masc|Number=Plur|POS=PRON|Person=3|PronType=Dem",
      "Case=Acc|Gender=Neut|Number=Sing|POS=PRON|Person=3|PronType=Ind",
      "Degree=Cmp|POS=ADV",
      "Case=Acc|Gender=Masc|Number=Sing|POS=PRON|Person=3|PronType=Dem",
      "Case=Acc|Gender=Masc|Number=Sing|POS=PRON|Person=1|PronType=Prs",
      "Aspect=Perf|Mood=Ind|Number=Sing|POS=VERB|Person=1|Tense=Past|VerbForm=Fin|Voice=Act",
      "Case=Acc|Gender=Neut|Number=Plur|POS=PRON|Person=3|PronType=Dem",
      "Case=Acc|Gender=Neut|Number=Plur|POS=PRON|Person=3|PronType=Prs",
      "Case=Acc|Gender=Fem|Number=Sing|POS=PRON|Person=3|PronType=Ind,Rel",
      "Case=Nom|Gender=Masc|Number=Plur|POS=PRON|Person=3|PronType=Ind,Rel",
      "Case=Gen|Gender=Neut|Number=Plur|POS=PRON|Person=3|PronType=Dem",
      "Case=Nom|Gender=Fem|NumType=Card|Number=Sing|POS=NUM",
      "Case=Acc|Gender=Fem|Number=Sing|POS=PRON|Person=3|PronType=Ind",
      "Case=Nom|Gender=Masc|Number=Plur|POS=PRON|Person=1|PronType=Prs",
      "Aspect=Perf|Mood=Ind|Number=Plur|POS=VERB|Person=1|Tense=Past|VerbForm=Fin|Voice=Pass",
      "Case=Gen|Gender=Fem|Number=Plur|POS=PRON|Person=3|PronType=Rel",
      "Case=Acc|Gender=Neut|NumType=Card|Number=Sing|POS=NUM",
      "Aspect=Perf|Case=Acc|Gender=Neut|Number=Sing|POS=VERB|VerbForm=Part|Voice=Pass",
      "Case=Gen|Gender=Fem|Number=Sing|POS=PRON|Person=3|PronType=Dem",
      "Case=Gen|Gender=Neut|Number=Sing|POS=PRON|Person=3|Poss=Yes|PronType=Prs",
      "Case=Acc|Gender=Masc|NumType=Ord|Number=Sing|POS=NUM",
      "Case=Gen|Definite=Ind|Gender=Masc|Number=Sing|POS=DET|PronType=Art",
      "Case=Gen|Gender=Masc|NumType=Ord|Number=Sing|POS=NUM",
      "Case=Gen|Definite=Ind|Gender=Fem|Number=Sing|POS=DET|PronType=Art",
      "Case=Nom|Gender=Fem|NumType=Card|Number=Plur|POS=NUM",
      "Case=Voc|Gender=Masc|Number=Sing|POS=NOUN",
      "Aspect=Perf|Mood=Ind|Number=Sing|POS=VERB|Person=1|VerbForm=Fin|Voice=Act",
      "Case=Acc|Gender=Neut|Number=Plur|POS=PRON|Person=3|PronType=Ind,Rel",
      "Case=Gen|Gender=Neut|Number=Sing|POS=PRON|Person=3|PronType=Dem",
      "Case=Acc|Gender=Neut|Number=Plur|POS=PRON|Person=3|PronType=Rel",
      "Case=Gen|Gender=Fem|Number=Plur|POS=PRON|Person=3|PronType=Dem",
      "Case=Acc|Gender=Neut|Number=Sing|POS=PRON|Person=3|PronType=Rel",
      "Case=Acc|Gender=Neut|Number=Sing|POS=PRON|Person=3|PronType=Prs",
      "Case=Acc|Gender=Masc|Number=Plur|POS=PRON|Person=3|PronType=Rel",
      "Case=Voc|Gender=Fem|Number=Plur|POS=NOUN",
      "Case=Voc|Gender=Masc|Number=Plur|POS=NOUN",
      "Case=Gen|Gender=Masc|Number=Plur|POS=PRON|Person=2|PronType=Prs",
      "Case=Acc|Gender=Neut|Number=Sing|POS=PRON|Person=3|PronType=Int",
      "Case=Gen|Gender=Masc|Number=Plur|POS=ADJ",
      "Case=Gen|Gender=Neut|Number=Sing|POS=ADJ",
      "Case=Gen|Definite=Ind|Gender=Neut|Number=Sing|POS=DET|PronType=Art",
      "Case=Nom|Gender=Fem|Number=Plur|POS=PRON|Person=3|PronType=Ind",
      "Case=Nom|Gender=Masc|Number=Plur|POS=PRON|Person=3|PronType=Ind",
      "Case=Acc|Gender=Masc|Number=Plur|POS=PRON|Person=3|PronType=Ind",
      "Case=Nom|Gender=Neut|Number=Sing|POS=PRON|Person=3|PronType=Dem",
      "Case=Gen|Gender=Fem|Number=Plur|POS=PRON|Person=3|Poss=Yes|PronType=Prs",
      "Aspect=Perf|Mood=Ind|Number=Plur|POS=VERB|Person=1|VerbForm=Fin|Voice=Pass",
      "Aspect=Imp|Mood=Ind|Number=Sing|POS=VERB|Person=1|Tense=Pres|VerbForm=Fin|Voice=Pass",
      "Case=Nom|Gender=Masc|Number=Plur|POS=PRON|Person=3|PronType=Dem",
      "Case=Acc|Gender=Masc|Number=Plur|POS=PRON|Person=3|PronType=Prs",
      "Case=Acc|Gender=Fem|Number=Plur|POS=PRON|Person=3|PronType=Dem",
      "Case=Nom|Gender=Masc|Number=Plur|POS=PRON|Person=2|PronType=Prs",
      "Aspect=Perf|Mood=Ind|Number=Plur|POS=VERB|Person=2|Tense=Past|VerbForm=Fin|Voice=Act",
      "Case=Gen|Gender=Masc|Number=Plur|POS=PRON|Person=1|PronType=Prs",
      "Case=Acc|Gender=Masc|Number=Sing|POS=PRON|Person=3|PronType=Rel",
      "Case=Gen|Gender=Masc|Number=Plur|POS=PRON|Person=2|Poss=Yes|PronType=Prs",
      "Case=Acc|Gender=Masc|Number=Sing|POS=PRON|Person=3|PronType=Ind",
      "Case=Acc|Degree=Cmp|Gender=Masc|Number=Sing|POS=ADJ",
      "Case=Nom|Gender=Masc|Number=Sing|POS=PRON|Person=3|PronType=Ind,Rel",
      "Case=Acc|Degree=Cmp|Gender=Neut|Number=Plur|POS=ADJ",
      "Case=Nom|Gender=Neut|Number=Sing|POS=PRON|Person=3|PronType=Ind",
      "Aspect=Perf|Case=Nom|Gender=Masc|Number=Plur|POS=VERB|VerbForm=Part|Voice=Pass",
      "Aspect=Imp|Mood=Ind|Number=Plur|POS=VERB|Person=1|Tense=Past|VerbForm=Fin|Voice=Act",
      "Case=Nom|Degree=Cmp|Gender=Fem|Number=Plur|POS=ADJ",
      "Case=Nom|Gender=Fem|Number=Sing|POS=PRON|Person=3|PronType=Dem",
      "Case=Gen|Gender=Masc|NumType=Card|Number=Plur|POS=NUM",
      "Case=Acc|Gender=Fem|NumType=Card|Number=Plur|POS=NUM",
      "Case=Acc|Gender=Masc|NumType=Card|Number=Plur|POS=NUM",
      "Case=Acc|Degree=Cmp|Gender=Neut|Number=Sing|POS=ADJ",
      "Case=Acc|Gender=Fem|Number=Plur|POS=PROPN",
      "Aspect=Imp|Mood=Ind|Number=Sing|POS=AUX|Person=3|Tense=Past|VerbForm=Fin|Voice=Act",
      "Aspect=Perf|Case=Gen|Gender=Masc|Number=Sing|POS=VERB|VerbForm=Part|Voice=Pass",
      "Case=Gen|Gender=Masc|Number=Sing|POS=PRON|Person=3|PronType=Dem",
      "Case=Gen|Gender=Fem|NumType=Card|Number=Plur|POS=NUM",
      "Case=Nom|Gender=Neut|Number=Sing|POS=PROPN",
      "Aspect=Perf|Case=Acc|Gender=Masc|Number=Sing|POS=VERB|VerbForm=Part|Voice=Pass",
      "Case=Nom|Degree=Sup|Gender=Neut|Number=Plur|POS=ADJ",
      "Case=Nom|Degree=Cmp|Gender=Neut|Number=Plur|POS=ADJ",
      "Aspect=Imp|Mood=Ind|Number=Plur|POS=VERB|Person=2|Tense=Pres|VerbForm=Fin|Voice=Act",
      "Aspect=Perf|Mood=Ind|Number=Plur|POS=VERB|Person=2|VerbForm=Fin|Voice=Act",
      "Aspect=Perf|Mood=Ind|Number=Plur|POS=VERB|Person=2|VerbForm=Fin|Voice=Pass",
      "Case=Acc|Gender=Fem|Number=Sing|POS=PRON|Person=3|PronType=Prs",
      "Case=Nom|Gender=Neut|Number=Sing|POS=PRON|Person=3|PronType=Int",
      "Aspect=Perf|Case=Acc|Gender=Fem|Number=Plur|POS=VERB|VerbForm=Part|Voice=Pass",
      "Abbr=Yes|POS=ADV",
      "Case=Acc|Gender=Neut|Number=Sing|POS=PRON|Person=3|PronType=Ind,Rel",
      "Case=Nom|Gender=Neut|NumType=Ord|Number=Plur|POS=NUM",
      "Aspect=Imp|Mood=Ind|Number=Plur|POS=AUX|Person=3|Tense=Past|VerbForm=Fin|Voice=Act",
      "Case=Dat|Gender=Masc|Number=Sing|POS=NOUN",
      "Case=Nom|Gender=Fem|Number=Plur|POS=PRON|Person=3|PronType=Dem",
      "Aspect=Imp|Mood=Ind|Number=Plur|POS=AUX|Person=1|Tense=Pres|VerbForm=Fin|Voice=Pass",
      "Case=Acc|Degree=Cmp|Gender=Fem|Number=Plur|POS=ADJ",
      "Case=Gen|Degree=Cmp|Gender=Neut|Number=Plur|POS=ADJ",
      "Case=Gen|Gender=Neut|Number=Plur|POS=PRON|Person=3|PronType=Rel",
      "Aspect=Perf|Case=Nom|Gender=Fem|Number=Plur|POS=VERB|VerbForm=Part|Voice=Pass",
      "Case=Nom|Gender=Masc|Number=Sing|POS=PRON|Person=3|PronType=Ind",
      "Case=Dat|Gender=Neut|Number=Sing|POS=NOUN",
      "Case=Gen|Gender=Neut|Number=Plur|POS=PRON|Person=3|PronType=Ind",
      "Case=Acc|Degree=Sup|Gender=Masc|Number=Plur|POS=ADJ",
      "Case=Gen|Gender=Masc|Number=Sing|POS=PRON|Person=3|PronType=Prs",
      "Case=Gen|Gender=Neut|Number=Plur|POS=PRON|Person=3|PronType=Ind,Rel",
      "Case=Gen|Degree=Cmp|Gender=Masc|Number=Plur|POS=ADJ",
      "Case=Nom|Degree=Cmp|Gender=Masc|Number=Plur|POS=ADJ",
      "Case=Nom|Gender=Neut|Number=Plur|POS=PROPN",
      "Case=Gen|Gender=Masc|Number=Plur|POS=PRON|Person=3|PronType=Rel",
      "Case=Dat|Gender=Fem|Number=Sing|POS=NOUN",
      "Case=Gen|Gender=Fem|Number=Sing|POS=PRON|Person=3|PronType=Prs",
      "Aspect=Perf|Case=Acc|Gender=Neut|Number=Plur|POS=VERB|VerbForm=Part|Voice=Pass",
      "Case=Acc|Gender=Fem|NumType=Sets|Number=Plur|POS=NUM",
      "Aspect=Imp|POS=AUX|VerbForm=Conv|Voice=Act",
      "Case=Gen|Gender=Masc|Number=Plur|POS=PRON|Person=3|PronType=Prs",
      "Case=Nom|Gender=Fem|NumType=Ord|Number=Sing|POS=NUM",
      "Case=Nom|Gender=Fem|NumType=Sets|Number=Plur|POS=NUM",
      "Case=Acc|Gender=Neut|Number=Plur|POS=PROPN",
      "Aspect=Imp|Mood=Ind|Number=Plur|POS=AUX|Person=3|Tense=Past|VerbForm=Fin|Voice=Pass",
      "Aspect=Perf|Mood=Imp|Number=Plur|POS=VERB|Person=2|VerbForm=Fin|Voice=Act",
      "Case=Gen|Gender=Masc|Number=Sing|POS=PRON|Person=1|PronType=Prs",
      "Case=Acc|Gender=Masc|Number=Plur|POS=PRON|Person=2|PronType=Prs",
      "Case=Nom|Gender=Masc|Number=Sing|POS=PRON|Person=1|PronType=Prs",
      "Case=Voc|Gender=Masc|Number=Sing|POS=ADJ",
      "Case=Voc|Gender=Masc|Number=Plur|POS=ADJ",
      "Case=Acc|Gender=Masc|NumType=Card|Number=Sing|POS=NUM",
      "Case=Gen|Gender=Fem|Number=Plur|POS=PRON|Person=3|PronType=Ind",
      "Case=Nom|Degree=Cmp|Gender=Fem|Number=Sing|POS=ADJ",
      "Aspect=Perf|Mood=Ind|Number=Sing|POS=VERB|Person=1|VerbForm=Fin|Voice=Pass",
      "Case=Nom|Gender=Masc|NumType=Ord|Number=Sing|POS=NUM",
      "Aspect=Perf|Case=Gen|Gender=Fem|Number=Sing|POS=VERB|VerbForm=Part|Voice=Pass",
      "Aspect=Perf|Mood=Ind|Number=Sing|POS=AUX|Person=3|Tense=Past|VerbForm=Fin|Voice=Pass",
      "Aspect=Perf|Mood=Ind|Number=Plur|POS=AUX|Person=3|Tense=Past|VerbForm=Fin|Voice=Pass",
      "Case=Gen|Degree=Sup|Gender=Fem|Number=Sing|POS=ADJ",
      "Aspect=Imp|Mood=Ind|Number=Sing|POS=AUX|Person=1|Tense=Pres|VerbForm=Fin|Voice=Pass",
      "Case=Nom|Gender=Neut|NumType=Ord|Number=Sing|POS=NUM",
      "Aspect=Perf|Mood=Ind|Number=Sing|POS=VERB|Person=1|Tense=Past|VerbForm=Fin|Voice=Pass",
      "Case=Nom|Gender=Neut|NumType=Card|Number=Sing|POS=NUM",
      "Case=Gen|Gender=Masc|Number=Plur|POS=PRON|Person=3|PronType=Dem",
      "Case=Gen|Degree=Cmp|Gender=Fem|Number=Sing|POS=ADJ",
      "Aspect=Imp|Mood=Ind|Number=Sing|POS=AUX|Person=1|Tense=Pres|VerbForm=Fin|Voice=Act",
      "Case=Acc|Degree=Sup|Gender=Fem|Number=Plur|POS=ADJ",
      "Aspect=Imp|Mood=Ind|Number=Plur|POS=AUX|Person=1|Tense=Pres|VerbForm=Fin|Voice=Act",
      "Case=Dat|Gender=Fem|Number=Sing|POS=ADJ",
      "Case=Gen|Gender=Fem|Number=Sing|POS=PRON|Person=3|PronType=Rel",
      "Case=Gen|Gender=Fem|NumType=Sets|Number=Plur|POS=NUM",
      "Aspect=Perf|Case=Nom|Gender=Fem|Number=Sing|POS=VERB|VerbForm=Part|Voice=Pass",
      "Case=Gen|Gender=Masc|Number=Plur|POS=PRON|Person=3|PronType=Ind,Rel",
      "Aspect=Perf|Mood=Ind|Number=Plur|POS=VERB|Person=2|Tense=Past|VerbForm=Fin|Voice=Pass",
      "Aspect=Imp|Mood=Ind|Number=Plur|POS=AUX|Person=2|Tense=Pres|VerbForm=Fin|Voice=Pass",
      "Case=Gen|Gender=Masc|Number=Sing|POS=PRON|Person=3|PronType=Int",
      "Aspect=Imp|Mood=Ind|Number=Plur|POS=VERB|Person=2|Tense=Past|VerbForm=Fin|Voice=Act",
      "Case=Acc|Gender=Neut|NumType=Ord|Number=Plur|POS=NUM",
      "Case=Nom|Definite=Ind|Gender=Masc|Number=Sing|POS=DET|PronType=Art",
      "Case=Nom|Gender=Masc|Number=Sing|POS=PRON|Person=3|PronType=Dem",
      "Case=Gen|Degree=Sup|Gender=Masc|Number=Plur|POS=ADJ",
      "Case=Acc|Gender=Fem|NumType=Ord|Number=Plur|POS=NUM",
      "Case=Nom|Gender=Fem|NumType=Ord|Number=Plur|POS=NUM",
      "Case=Gen|Degree=Cmp|Gender=Fem|Number=Plur|POS=ADJ",
      "Case=Nom|Degree=Sup|Gender=Fem|Number=Plur|POS=ADJ",
      "Case=Acc|Degree=Sup|Gender=Neut|Number=Sing|POS=ADJ",
      "Case=Nom|Gender=Masc|NumType=Card|Number=Sing|POS=NUM",
      "Case=Acc|Gender=Masc|Number=Sing|POS=PRON|Person=3|PronType=Ind,Rel",
      "Case=Acc|Gender=Fem|NumType=Card|Number=Sing|POS=NUM",
      "Case=Nom|Degree=Sup|Gender=Neut|Number=Sing|POS=ADJ",
      "Case=Acc|Gender=Masc|Number=Sing|POS=PRON|Person=3|PronType=Int",
      "Case=Acc|Gender=Fem|Number=Plur|POS=PRON|Person=3|PronType=Prs",
      "Case=Gen|Gender=Fem|Number=Sing|POS=PRON|Person=3|PronType=Ind",
      "Aspect=Perf|Case=Gen|Gender=Fem|Number=Plur|POS=VERB|VerbForm=Part|Voice=Pass",
      "Case=Nom|Gender=Fem|NumType=Mult|Number=Sing|POS=NUM",
      "Case=Acc|Gender=Masc|Number=Sing|POS=PRON|Person=3|PronType=Prs",
      "Case=Acc|Gender=Masc|NumType=Mult|Number=Sing|POS=NUM",
      "Case=Nom|Degree=Sup|Gender=Masc|Number=Plur|POS=ADJ",
      "Case=Acc|Degree=Cmp|Gender=Masc|Number=Plur|POS=ADJ",
      "Case=Gen|Degree=Cmp|Gender=Neut|Number=Sing|POS=ADJ",
      "Case=Nom|Gender=Fem|Number=Plur|POS=PRON|Person=3|PronType=Int",
      "Case=Gen|Gender=Masc|Number=Plur|POS=PRON|Person=3|PronType=Ind",
      "Degree=Sup|POS=ADV",
      "Aspect=Perf|Mood=Ind|Number=Sing|POS=VERB|Person=2|Tense=Past|VerbForm=Fin|Voice=Pass",
      "Case=Nom|Degree=Sup|Gender=Fem|Number=Sing|POS=ADJ",
      "Case=Nom|Gender=Fem|Number=Sing|POS=PRON|Person=3|PronType=Ind,Rel",
      "Case=Gen|Gender=Neut|Number=Sing|POS=PRON|Person=3|PronType=Prs",
      "Case=Gen|Gender=Fem|Number=Plur|POS=PROPN",
      "Aspect=Imp|Mood=Ind|Number=Plur|POS=VERB|Person=3|Tense=Past|VerbForm=Fin|Voice=Pass",
      "Aspect=Perf|Mood=Ind|Number=Plur|POS=AUX|Person=2|Tense=Past|VerbForm=Fin|Voice=Act",
      "Case=Gen|Gender=Neut|Number=Sing|POS=PRON|Person=3|PronType=Ind",
      "Case=Nom|Gender=Masc|Number=Plur|POS=PRON|Person=3|PronType=Int",
      "Case=Nom|Gender=Neut|Number=Sing|POS=PRON|Person=3|PronType=Ind,Rel",
      "POS=SYM",
      "Case=Gen|Gender=Neut|Number=Sing|POS=PRON|Person=3|PronType=Rel",
      "Case=Nom|Gender=Masc|NumType=Ord|Number=Plur|POS=NUM",
      "Case=Nom|Gender=Fem|Number=Plur|POS=PROPN",
      "Aspect=Perf|Case=Nom|Gender=Neut|Number=Sing|POS=VERB|VerbForm=Part|Voice=Pass",
      "Case=Acc|Gender=Masc|Number=Plur|POS=PRON|Person=3|PronType=Ind,Rel",
      "Aspect=Perf|Case=Gen|Gender=Masc|Number=Plur|POS=VERB|VerbForm=Part|Voice=Pass",
      "Aspect=Imp|Mood=Ind|Number=Plur|POS=AUX|Person=2|Tense=Pres|VerbForm=Fin|Voice=Act",
      "Aspect=Perf|Case=Nom|Gender=Neut|Number=Plur|POS=VERB|VerbForm=Part|Voice=Pass",
      "Case=Acc|Gender=Neut|NumType=Mult|Number=Sing|POS=NUM",
      "Case=Acc|Degree=Sup|Gender=Neut|Number=Plur|POS=ADJ",
      "Aspect=Perf|Case=Acc|Gender=Masc|Number=Plur|POS=VERB|VerbForm=Part|Voice=Pass",
      "Aspect=Imp|Mood=Ind|Number=Plur|POS=VERB|Person=2|Tense=Pres|VerbForm=Fin|Voice=Pass",
      "Case=Nom|Gender=Masc|Number=Sing|POS=PRON|Person=3|PronType=Int",
      "Case=Gen|Gender=Neut|NumType=Ord|Number=Sing|POS=NUM",
      "Aspect=Perf|Case=Nom|Gender=Masc|Number=Sing|POS=VERB|VerbForm=Part|Voice=Pass",
      "Case=Dat|Definite=Def|Gender=Neut|Number=Sing|POS=DET|PronType=Art",
      "Case=Gen|Gender=Masc|Number=Sing|POS=PRON|Person=3|PronType=Ind",
      "Case=Gen|Gender=Fem|NumType=Ord|Number=Plur|POS=NUM",
      "Case=Dat|Definite=Def|Gender=Fem|Number=Sing|POS=DET|PronType=Art",
      "Case=Gen|Degree=Cmp|Gender=Masc|Number=Sing|POS=ADJ"
    ],
    "parser": [
      "ROOT",
      "acl",
      "acl:relcl",
      "advcl",
      "advmod",
      "amod",
      "appos",
      "aux",
      "case",
      "cc",
      "ccomp",
      "conj",
      "cop",
      "csubj",
      "csubj:pass",
      "dep",
      "det",
      "fixed",
      "flat",
      "iobj",
      "mark",
      "nmod",
      "nsubj",
      "nsubj:pass",
      "nummod",
      "obj",
      "obl",
      "obl:agent",
      "parataxis",
      "punct",
      "vocative",
      "xcomp"
    ],
    "senter": [
      "I",
      "S"
    ],
    "attribute_ruler": [],
    "lemmatizer": [],
    "ner": [
      "EVENT",
      "GPE",
      "LOC",
      "ORG",
      "PERSON",
      "PRODUCT"
    ]
  },
  "pipeline": [
    "tok2vec",
    "morphologizer",
    "parser",
    "attribute_ruler",
    "lemmatizer",
    "ner"
  ],
  "components": [
    "tok2vec",
    "morphologizer",
    "parser",
    "senter",
    "attribute_ruler",
    "lemmatizer",
    "ner"
  ],
  "disabled": [
    "senter"
  ],
  "performance": {
    "token_acc": 1.0,
    "tag_acc": 0.9331952867,
    "pos_acc": 0.9631711285,
    "morph_acc": 0.907755263,
    "lemma_acc": 0.5648079673,
    "dep_uas": 0.8805625755,
    "dep_las": 0.8433139215,
    "sents_p": 0.935483871,
    "sents_r": 0.935483871,
    "sents_f": 0.935483871,
    "speed": 2641.746560651,
    "morph_per_feat": {
      "Abbr": {
        "p": 0.9166666667,
        "r": 0.8279569892,
        "f": 0.8700564972
      },
      "Case": {
        "p": 0.9353283458,
        "r": 0.9379793264,
        "f": 0.9366519604
      },
      "Gender": {
        "p": 0.9369908562,
        "r": 0.9396465488,
        "f": 0.9383168234
      },
      "Number": {
        "p": 0.9769784173,
        "r": 0.9800808314,
        "f": 0.9785271653
      },
      "Aspect": {
        "p": 0.9473684211,
        "r": 0.9397590361,
        "f": 0.9435483871
      },
      "Mood": {
        "p": 0.9893048128,
        "r": 0.9946236559,
        "f": 0.9919571046
      },
      "Person": {
        "p": 0.9765567766,
        "r": 0.9765567766,
        "f": 0.9765567766
      },
      "Tense": {
        "p": 0.9726918075,
        "r": 0.9752281617,
        "f": 0.9739583333
      },
      "VerbForm": {
        "p": 0.9827935223,
        "r": 0.9748995984,
        "f": 0.9788306452
      },
      "Voice": {
        "p": 0.967611336,
        "r": 0.9598393574,
        "f": 0.9637096774
      },
      "Definite": {
        "p": 0.9914627205,
        "r": 0.995997713,
        "f": 0.9937250428
      },
      "PronType": {
        "p": 0.9867398262,
        "r": 0.9880952381,
        "f": 0.987417067
      },
      "Foreign": {
        "p": 0.7555555556,
        "r": 0.6335403727,
        "f": 0.6891891892
      },
      "NumType": {
        "p": 0.9583333333,
        "r": 0.8975609756,
        "f": 0.9269521411
      },
      "Poss": {
        "p": 0.9032258065,
        "r": 0.9438202247,
        "f": 0.9230769231
      },
      "Degree": {
        "p": 0.8275862069,
        "r": 0.6315789474,
        "f": 0.7164179104
      }
    },
    "dep_las_per_type": {
      "root": {
        "p": 0.9032258065,
        "r": 0.9032258065,
        "f": 0.9032258065
      },
      "nmod": {
        "p": 0.79778157,
        "r": 0.8032646048,
        "f": 0.8005136986
      },
      "vocative": {
        "p": 0.8,
        "r": 0.5714285714,
        "f": 0.6666666667
      },
      "cc": {
        "p": 0.834375,
        "r": 0.8317757009,
        "f": 0.8330733229
      },
      "conj": {
        "p": 0.5302197802,
        "r": 0.5302197802,
        "f": 0.5302197802
      },
      "aux": {
        "p": 0.9776119403,
        "r": 0.9632352941,
        "f": 0.9703703704
      },
      "advmod": {
        "p": 0.7658402204,
        "r": 0.7830985915,
        "f": 0.7743732591
      },
      "ccomp": {
        "p": 0.7916666667,
        "r": 0.8260869565,
        "f": 0.8085106383
      },
      "det": {
        "p": 0.9586243955,
        "r": 0.9695652174,
        "f": 0.9640637665
      },
      "obj": {
        "p": 0.8357348703,
        "r": 0.8814589666,
        "f": 0.8579881657
      },
      "flat": {
        "p": 0.6862745098,
        "r": 0.7070707071,
        "f": 0.6965174129
      },
      "case": {
        "p": 0.958554729,
        "r": 0.9636752137,
        "f": 0.9611081513
      },
      "amod": {
        "p": 0.9072929543,
        "r": 0.890776699,
        "f": 0.8989589712
      },
      "obl": {
        "p": 0.786377709,
        "r": 0.8,
        "f": 0.7931303669
      },
      "acl:relcl": {
        "p": 0.7904191617,
        "r": 0.7173913043,
        "f": 0.7521367521
      },
      "mark": {
        "p": 0.8888888889,
        "r": 0.8951048951,
        "f": 0.8919860627
      },
      "nsubj:pass": {
        "p": 0.7677419355,
        "r": 0.7212121212,
        "f": 0.74375
      },
      "nsubj": {
        "p": 0.7571428571,
        "r": 0.7429906542,
        "f": 0.75
      },
      "cop": {
        "p": 0.7474747475,
        "r": 0.7326732673,
        "f": 0.74
      },
      "parataxis": {
        "p": 0.2222222222,
        "r": 0.2352941176,
        "f": 0.2285714286
      },
      "nummod": {
        "p": 0.9125,
        "r": 0.8795180723,
        "f": 0.8957055215
      },
      "advcl": {
        "p": 0.4758064516,
        "r": 0.5566037736,
        "f": 0.5130434783
      },
      "xcomp": {
        "p": 0.7333333333,
        "r": 0.6547619048,
        "f": 0.6918238994
      },
      "csubj": {
        "p": 0.7142857143,
        "r": 0.4545454545,
        "f": 0.5555555556
      },
      "acl": {
        "p": 0.6896551724,
        "r": 0.4545454545,
        "f": 0.5479452055
      },
      "compound": {
        "p": 0.0,
        "r": 0.0,
        "f": 0.0
      },
      "appos": {
        "p": 0.3111111111,
        "r": 0.2857142857,
        "f": 0.2978723404
      },
      "fixed": {
        "p": 0.4285714286,
        "r": 0.4285714286,
        "f": 0.4285714286
      },
      "csubj:pass": {
        "p": 0.8,
        "r": 0.6666666667,
        "f": 0.7272727273
      },
      "obl:agent": {
        "p": 0.5294117647,
        "r": 0.36,
        "f": 0.4285714286
      },
      "dep": {
        "p": 0.0,
        "r": 0.0,
        "f": 0.0
      },
      "orphan": {
        "p": 0.0,
        "r": 0.0,
        "f": 0.0
      },
      "iobj": {
        "p": 1.0,
        "r": 1.0,
        "f": 1.0
      },
      "expl": {
        "p": 0.0,
        "r": 0.0,
        "f": 0.0
      }
    },
    "ents_p": 0.7975206612,
    "ents_r": 0.8109243697,
    "ents_f": 0.8041666667,
    "ents_per_type": {
      "PERSON": {
        "p": 0.8923076923,
        "r": 0.90625,
        "f": 0.8992248062
      },
      "GPE": {
        "p": 0.8404255319,
        "r": 0.908045977,
        "f": 0.8729281768
      },
      "ORG": {
        "p": 0.7042253521,
        "r": 0.7042253521,
        "f": 0.7042253521
      },
      "PRODUCT": {
        "p": 0.75,
        "r": 0.375,
        "f": 0.5
      },
      "EVENT": {
        "p": 0.5,
        "r": 0.5,
        "f": 0.5
      },
      "LOC": {
        "p": 0.0,
        "r": 0.0,
        "f": 0.0
      }
    }
  },
  "sources": [
    {
      "name": "UD Greek GDT v2.5",
      "url": "https://github.com/UniversalDependencies/UD_Greek-GDT",
      "license": "CC BY-NC-SA 3.0",
      "author": "Prokopidis, Prokopis"
    },
    {
      "name": "Greek NER Corpus (Google Summer of Code 2018)",
      "url": "https://github.com/eellak/gsoc2018-spacy",
      "license": "MIT",
      "author": "Giannis Daras"
    },
    {
      "name": "spaCy lookups data",
      "author": "Explosion",
      "url": "https://github.com/explosion/spacy-lookups-data",
      "license": "MIT"
    },
    {
      "name": "Explosion fastText Vectors (cbow, OSCAR Common Crawl + Wikipedia)",
      "url": "https://spacy.io",
      "license": "CC0",
      "author": "Explosion"
    }
  ],
  "requirements": [],
  "size": "41 MB",
  "checksum": "540eed62cfbf82c358ac8145900d29083866ff7e561a52cb4ea841a7c2756316",
  "checksum_whl": "723fd52520965c134839e86bf51d65a9e7e975c0c6397bf147949f8e4b3e2d1d"
}