{
  "name": "core_news_sm",
  "lang": "el",
  "description": "Greek pipeline with POS tags, dependencies and named entities. Syntax (dependencies and POS tags) trained from the Universal Dependencies conversion of the Greek Dependency Treebank (v2.2). Named entity annotations were created by Giannis Daras using Prodigy, using the OntoNotes 5 annotation schema.",
  "author": "Explosion and Giannis Daras",
  "email": "contact@explosion.ai",
  "license": "CC BY-NC-SA 3.0",
  "sources": [
    {
      "name": "Greek UD Treebank",
      "url": "https://github.com/UniversalDependencies/UD_Greek-GDT",
      "license": "CC BY-NC-SA 3.0"
    },
    {
      "name": "Greek NER Corpus (Google Summer of Code 2018)",
      "author": "Giannis Daras",
      "url": "https://github.com/eellak/gsoc2018-spacy"
    }
  ],
  "url": "https://github.com/eellak/gsoc2018-spacy",
  "pipeline": [
    "tagger",
    "parser",
    "ner"
  ],
  "version": "2.2.0",
  "spacy_version": ">=2.2.0",
  "parent_package": "spacy",
  "accuracy": {
    "las": 80.9807467291,
    "uas": 84.3952770982,
    "token_acc": 100.0,
    "tags_acc": 94.4077372403,
    "ents_f": 71.875,
    "ents_p": 76.6666666667,
    "ents_r": 67.6470588235
  },
  "speed": {
    "cpu": 3880.2856931459,
    "gpu": null,
    "nwords": 6191
  },
  "labels": {
    "tagger": [
      "ADJ",
      "ADP",
      "ADV",
      "AUX",
      "AsPpSp",
      "AtDf",
      "CCONJ",
      "DET",
      "NOUN",
      "NUM",
      "PART",
      "PRON",
      "PROPN",
      "PUNCT",
      "SCONJ",
      "SYM",
      "VERB",
      "X",
      "_SP"
    ],
    "parser": [
      "ROOT",
      "acl",
      "acl:relcl",
      "advcl",
      "advmod",
      "amod",
      "appos",
      "aux",
      "case",
      "cc",
      "ccomp",
      "conj",
      "cop",
      "csubj",
      "dep",
      "det",
      "fixed",
      "flat",
      "iobj",
      "mark",
      "nmod",
      "nsubj",
      "nummod",
      "obj",
      "obl",
      "parataxis",
      "punct",
      "vocative",
      "xcomp"
    ],
    "ner": [
      "EVENT",
      "GPE",
      "LOC",
      "ORG",
      "PERSON",
      "PRODUCT"
    ]
  },
  "size": "10 MB",
  "checksum": "5b7abf2d46e2666e76a8d67a83fc237321a000cb22372c994d15ea6703144fe8"
}