{
  "lang": "el",
  "name": "core_news_md",
  "version": "3.3.0",
  "description": "Greek pipeline optimized for CPU. Components: tok2vec, morphologizer, parser, lemmatizer (trainable_lemmatizer), senter, ner, attribute_ruler.",
  "author": "Explosion",
  "email": "contact@explosion.ai",
  "url": "https://explosion.ai",
  "license": "CC BY-NC-SA 3.0",
  "spacy_version": ">=3.3.0.dev0,<3.4.0",
  "spacy_git_version": "849bef2de",
  "vectors": {
    "width": 300,
    "vectors": 20000,
    "keys": 500000,
    "name": "el_vectors"
  },
  "labels": {
    "tok2vec": [],
    "morphologizer": [
      "Case=Nom|Definite=Def|Gender=Fem|Number=Sing|POS=DET|PronType=Art",
      "Foreign=Yes|POS=X",
      "Aspect=Perf|Mood=Ind|Number=Sing|POS=VERB|Person=3|Tense=Past|VerbForm=Fin|Voice=Pass",
      "POS=ADP",
      "Case=Acc|Definite=Def|Gender=Fem|Number=Sing|POS=DET|PronType=Art",
      "NumType=Card|POS=NUM",
      "POS=NOUN",
      "POS=ADV",
      "POS=PUNCT",
      "Case=Acc|Gender=Neut|Number=Plur|POS=NOUN",
      "Case=Acc|Gender=Neut|Number=Plur|POS=ADP",
      "Case=Gen|Definite=Def|Gender=Fem|Number=Sing|POS=DET|PronType=Art",
      "Case=Gen|Gender=Fem|Number=Sing|POS=NOUN",
      "Case=Gen|Definite=Def|Gender=Fem|Number=Plur|POS=DET|PronType=Art",
      "Case=Gen|Definite=Def|Gender=Neut|Number=Sing|POS=DET|PronType=Art",
      "Case=Acc|Definite=Def|Gender=Neut|Number=Sing|POS=DET|PronType=Art",
      "Case=Gen|Definite=Def|Gender=Masc|Number=Sing|POS=DET|PronType=Art",
      "Case=Gen|Gender=Masc|Number=Sing|POS=NOUN",
      "Aspect=Perf|Mood=Ind|Number=Sing|POS=VERB|Person=3|Tense=Past|VerbForm=Fin|Voice=Act",
      "Case=Nom|Definite=Def|Gender=Masc|Number=Sing|POS=DET|PronType=Art",
      "Case=Acc|Gender=Neut|Number=Sing|POS=ADP",
      "Case=Acc|Gender=Neut|NumType=Ord|Number=Sing|POS=NUM",
      "Case=Acc|Gender=Neut|Number=Sing|POS=NOUN",
      "POS=CCONJ",
      "Case=Nom|Definite=Def|Gender=Masc|Number=Plur|POS=DET|PronType=Art",
      "Case=Nom|Gender=Masc|Number=Plur|POS=ADJ",
      "Aspect=Perf|Mood=Ind|Number=Plur|POS=VERB|Person=3|Tense=Past|VerbForm=Fin|Voice=Act",
      "Case=Acc|Definite=Def|Gender=Masc|Number=Sing|POS=DET|PronType=Art",
      "Case=Acc|Gender=Neut|NumType=Card|Number=Plur|POS=NUM",
      "Case=Acc|Definite=Def|Gender=Masc|Number=Plur|POS=DET|PronType=Art",
      "Case=Nom|Gender=Masc|NumType=Card|Number=Plur|POS=NUM",
      "POS=AUX",
      "Aspect=Perf|Mood=Ind|Number=Plur|POS=VERB|Person=3|VerbForm=Fin|Voice=Pass",
      "Case=Acc|Gender=Fem|Number=Plur|POS=ADP",
      "Case=Acc|Gender=Masc|Number=Plur|POS=PROPN",
      "Aspect=Imp|Mood=Ind|Number=Plur|POS=VERB|Person=3|Tense=Pres|VerbForm=Fin|Voice=Pass",
      "Case=Acc|Gender=Fem|Number=Sing|POS=NOUN",
      "Case=Acc|Gender=Masc|Number=Plur|POS=ADJ",
      "Case=Acc|Gender=Masc|Number=Plur|POS=NOUN",
      "Case=Gen|Gender=Neut|NumType=Card|Number=Plur|POS=NUM",
      "Case=Gen|Gender=Neut|Number=Plur|POS=NOUN",
      "Case=Acc|Gender=Masc|Number=Sing|POS=ADP",
      "Case=Acc|Gender=Masc|Number=Sing|POS=NOUN",
      "Case=Acc|Gender=Neut|Number=Sing|POS=PROPN",
      "Case=Nom|Gender=Masc|Number=Sing|POS=NOUN",
      "Case=Nom|Gender=Masc|Number=Sing|POS=PROPN",
      "Aspect=Imp|Mood=Ind|Number=Sing|POS=VERB|Person=3|Tense=Past|VerbForm=Fin|Voice=Act",
      "Case=Gen|Gender=Masc|Number=Sing|POS=PRON|Person=3|PronType=Rel",
      "Case=Acc|Definite=Def|Gender=Fem|Number=Plur|POS=DET|PronType=Art",
      "Case=Acc|Gender=Fem|Number=Plur|POS=NOUN",
      "Case=Gen|Gender=Masc|Number=Sing|POS=PRON|Person=3|Poss=Yes|PronType=Prs",
      "Case=Acc|Gender=Fem|Number=Sing|POS=ADP",
      "Case=Acc|Gender=Fem|Number=Sing|POS=PROPN",
      "Aspect=Imp|Mood=Ind|Number=Sing|POS=VERB|Person=3|Tense=Pres|VerbForm=Fin|Voice=Act",
      "Case=Acc|Definite=Def|Gender=Neut|Number=Plur|POS=DET|PronType=Art",
      "Case=Acc|Gender=Neut|Number=Plur|POS=ADJ",
      "Case=Gen|Gender=Neut|Number=Plur|POS=PROPN",
      "Case=Acc|Gender=Neut|Number=Sing|POS=ADJ",
      "Aspect=Imp|POS=VERB|VerbForm=Conv|Voice=Act",
      "Case=Nom|Gender=Fem|Number=Sing|POS=PRON|Person=3|PronType=Rel",
      "Aspect=Imp|Mood=Ind|Number=Sing|POS=VERB|Person=3|Tense=Pres|VerbForm=Fin|Voice=Pass",
      "Case=Acc|Gender=Masc|Number=Plur|POS=ADP",
      "Case=Gen|Gender=Fem|Number=Sing|POS=ADJ",
      "Case=Gen|Gender=Fem|Number=Sing|POS=PROPN",
      "Case=Acc|Definite=Ind|Gender=Neut|Number=Sing|POS=DET|PronType=Art",
      "Case=Gen|Definite=Def|Gender=Neut|Number=Plur|POS=DET|PronType=Art",
      "Case=Gen|Gender=Neut|Number=Sing|POS=PROPN",
      "Case=Nom|Definite=Def|Gender=Neut|Number=Sing|POS=DET|PronType=Art",
      "Case=Nom|Gender=Neut|Number=Sing|POS=PRON|Person=3|PronType=Rel",
      "Case=Nom|Gender=Neut|Number=Plur|POS=NOUN",
      "Case=Gen|Gender=Masc|Number=Sing|POS=PROPN",
      "Case=Nom|Gender=Masc|Number=Plur|POS=NOUN",
      "Case=Nom|Gender=Fem|Number=Plur|POS=ADJ",
      "Case=Nom|Gender=Fem|Number=Plur|POS=NOUN",
      "Case=Nom|Gender=Fem|Number=Sing|POS=NOUN",
      "Case=Acc|Gender=Fem|Number=Plur|POS=PRON|Person=3|PronType=Ind",
      "Case=Nom|Gender=Neut|Number=Sing|POS=NOUN",
      "Case=Nom|Gender=Neut|Number=Plur|POS=ADJ",
      "Aspect=Imp|Mood=Ind|Number=Sing|POS=AUX|Person=3|Tense=Past|VerbForm=Fin|Voice=Pass",
      "Case=Nom|Gender=Fem|Number=Sing|POS=ADJ",
      "Case=Acc|Gender=Fem|Number=Sing|POS=ADJ",
      "Case=Nom|Degree=Cmp|Gender=Masc|Number=Sing|POS=ADJ",
      "Case=Gen|Definite=Def|Gender=Masc|Number=Plur|POS=DET|PronType=Art",
      "Case=Gen|Gender=Masc|Number=Plur|POS=NOUN",
      "Case=Gen|Gender=Fem|Number=Plur|POS=NOUN",
      "Case=Nom|Gender=Neut|NumType=Card|Number=Plur|POS=NUM",
      "Case=Gen|Gender=Masc|Number=Plur|POS=PRON|Person=3|Poss=Yes|PronType=Prs",
      "POS=SCONJ",
      "Case=Nom|Gender=Neut|Number=Plur|POS=PRON|Person=3|PronType=Ind",
      "Aspect=Perf|Mood=Ind|Number=Plur|POS=VERB|Person=3|Tense=Past|VerbForm=Fin|Voice=Pass",
      "Case=Nom|Definite=Def|Gender=Fem|Number=Plur|POS=DET|PronType=Art",
      "Case=Nom|Gender=Masc|Number=Plur|POS=PRON|Person=3|PronType=Rel",
      "Aspect=Imp|Mood=Ind|Number=Plur|POS=VERB|Person=3|Tense=Pres|VerbForm=Fin|Voice=Act",
      "Aspect=Perf|Mood=Ind|Number=Plur|POS=VERB|Person=3|VerbForm=Fin|Voice=Act",
      "Case=Nom|Gender=Masc|Number=Sing|POS=PRON|Person=3|PronType=Rel",
      "Case=Nom|Gender=Fem|Number=Sing|POS=PROPN",
      "Case=Gen|Gender=Masc|Number=Sing|POS=ADJ",
      "Case=Acc|Gender=Fem|NumType=Ord|Number=Sing|POS=NUM",
      "Case=Gen|Gender=Fem|Number=Plur|POS=PRON|Person=3|PronType=Prs",
      "Aspect=Imp|Mood=Ind|Number=Sing|POS=VERB|Person=3|Tense=Past|VerbForm=Fin|Voice=Pass",
      "Aspect=Imp|Mood=Ind|Number=Sing|POS=AUX|Person=3|Tense=Pres|VerbForm=Fin|Voice=Pass",
      "Case=Acc|Definite=Ind|Gender=Fem|Number=Sing|POS=DET|PronType=Art",
      "Case=Nom|Gender=Neut|Number=Sing|POS=ADJ",
      "Aspect=Imp|Mood=Ind|Number=Plur|POS=AUX|Person=3|Tense=Pres|VerbForm=Fin|Voice=Act",
      "Aspect=Perf|POS=VERB|VerbForm=Inf|Voice=Pass",
      "Case=Acc|Gender=Fem|Number=Plur|POS=ADJ",
      "Case=Nom|Definite=Def|Gender=Neut|Number=Plur|POS=DET|PronType=Art",
      "Case=Nom|Gender=Masc|Number=Sing|POS=ADJ",
      "Case=Gen|Gender=Neut|Number=Plur|POS=ADJ",
      "Aspect=Imp|Mood=Ind|Number=Sing|POS=AUX|Person=3|Tense=Pres|VerbForm=Fin|Voice=Act",
      "Aspect=Perf|POS=VERB|VerbForm=Inf|Voice=Act",
      "Case=Acc|Gender=Fem|Number=Plur|POS=PRON|Person=3|PronType=Rel",
      "Case=Nom|Gender=Masc|Number=Plur|POS=PROPN",
      "Aspect=Perf|Case=Acc|Gender=Fem|Number=Sing|POS=VERB|VerbForm=Part|Voice=Pass",
      "Case=Gen|Gender=Masc|Number=Plur|POS=PROPN",
      "POS=PART",
      "Case=Nom|Gender=Fem|Number=Sing|POS=PRON|Person=3|PronType=Ind",
      "Case=Nom|Degree=Cmp|Gender=Neut|Number=Sing|POS=ADJ",
      "Case=Acc|Gender=Fem|Number=Sing|POS=PRON|Person=3|PronType=Dem",
      "Case=Acc|Degree=Cmp|Gender=Fem|Number=Sing|POS=ADJ",
      "Case=Nom|Gender=Neut|Number=Plur|POS=PRON|Person=3|PronType=Dem",
      "Aspect=Imp|Mood=Ind|Number=Plur|POS=AUX|Person=3|Tense=Pres|VerbForm=Fin|Voice=Pass",
      "Case=Gen|Gender=Fem|NumType=Ord|Number=Sing|POS=NUM",
      "Aspect=Imp|Mood=Ind|Number=Plur|POS=VERB|Person=3|Tense=Past|VerbForm=Fin|Voice=Act",
      "Aspect=Perf|Mood=Ind|Number=Sing|POS=VERB|Person=3|VerbForm=Fin|Voice=Pass",
      "Case=Gen|Gender=Neut|Number=Sing|POS=NOUN",
      "Case=Gen|Gender=Fem|Number=Sing|POS=PRON|Person=3|Poss=Yes|PronType=Prs",
      "Abbr=Yes|POS=NOUN",
      "Case=Acc|Gender=Neut|Number=Plur|POS=PRON|Person=3|PronType=Ind",
      "Case=Nom|Gender=Fem|Number=Plur|POS=PRON|Person=3|PronType=Rel",
      "Aspect=Perf|Mood=Ind|Number=Sing|POS=VERB|Person=3|VerbForm=Fin|Voice=Act",
      "Case=Acc|Gender=Masc|Number=Sing|POS=PROPN",
      "Case=Gen|Gender=Fem|Number=Plur|POS=ADJ",
      "Case=Acc|Gender=Masc|Number=Sing|POS=ADJ",
      "Case=Voc|Gender=Fem|Number=Sing|POS=NOUN",
      "Aspect=Imp|Mood=Ind|Number=Plur|POS=VERB|Person=1|Tense=Pres|VerbForm=Fin|Voice=Act",
      "Case=Acc|Gender=Fem|Number=Sing|POS=PRON|Person=3|PronType=Rel",
      "Aspect=Perf|Mood=Ind|Number=Plur|POS=VERB|Person=1|Tense=Past|VerbForm=Fin|Voice=Act",
      "Aspect=Perf|Mood=Ind|Number=Plur|POS=VERB|Person=1|VerbForm=Fin|Voice=Act",
      "Case=Acc|Definite=Ind|Gender=Masc|Number=Sing|POS=DET|PronType=Art",
      "Case=Gen|Gender=Neut|Number=Plur|POS=PRON|Person=3|Poss=Yes|PronType=Prs",
      "Aspect=Imp|Mood=Ind|Number=Plur|POS=VERB|Person=1|Tense=Pres|VerbForm=Fin|Voice=Pass",
      "Case=Nom|Gender=Neut|Number=Plur|POS=PRON|Person=3|PronType=Rel",
      "Case=Gen|Gender=Masc|Number=Plur|POS=PRON|Person=1|Poss=Yes|PronType=Prs",
      "Case=Nom|Definite=Ind|Gender=Fem|Number=Sing|POS=DET|PronType=Art",
      "Case=Acc|Gender=Masc|Number=Plur|POS=PRON|Person=1|PronType=Prs",
      "Case=Acc|Gender=Neut|Number=Sing|POS=PRON|Person=3|PronType=Dem",
      "Aspect=Imp|Mood=Ind|Number=Sing|POS=VERB|Person=1|Tense=Past|VerbForm=Fin|Voice=Act",
      "Case=Gen|Gender=Masc|Number=Sing|POS=PRON|Person=1|Poss=Yes|PronType=Prs",
      "Case=Nom|Definite=Ind|Gender=Neut|Number=Sing|POS=DET|PronType=Art",
      "Aspect=Imp|Mood=Ind|Number=Sing|POS=VERB|Person=1|Tense=Pres|VerbForm=Fin|Voice=Act",
      "Case=Acc|Gender=Masc|Number=Plur|POS=PRON|Person=3|PronType=Dem",
      "Case=Acc|Gender=Neut|Number=Sing|POS=PRON|Person=3|PronType=Ind",
      "Degree=Cmp|POS=ADV",
      "Case=Acc|Gender=Masc|Number=Sing|POS=PRON|Person=3|PronType=Dem",
      "Case=Acc|Gender=Masc|Number=Sing|POS=PRON|Person=1|PronType=Prs",
      "Aspect=Perf|Mood=Ind|Number=Sing|POS=VERB|Person=1|Tense=Past|VerbForm=Fin|Voice=Act",
      "Case=Acc|Gender=Neut|Number=Plur|POS=PRON|Person=3|PronType=Dem",
      "Case=Acc|Gender=Neut|Number=Plur|POS=PRON|Person=3|PronType=Prs",
      "Case=Acc|Gender=Fem|Number=Sing|POS=PRON|Person=3|PronType=Ind,Rel",
      "Case=Nom|Gender=Masc|Number=Plur|POS=PRON|Person=3|PronType=Ind,Rel",
      "Case=Gen|Gender=Neut|Number=Plur|POS=PRON|Person=3|PronType=Dem",
      "Case=Nom|Gender=Fem|NumType=Card|Number=Sing|POS=NUM",
      "Case=Acc|Gender=Fem|Number=Sing|POS=PRON|Person=3|PronType=Ind",
      "Case=Nom|Gender=Masc|Number=Plur|POS=PRON|Person=1|PronType=Prs",
      "Aspect=Perf|Mood=Ind|Number=Plur|POS=VERB|Person=1|Tense=Past|VerbForm=Fin|Voice=Pass",
      "Case=Gen|Gender=Fem|Number=Plur|POS=PRON|Person=3|PronType=Rel",
      "Case=Acc|Gender=Neut|NumType=Card|Number=Sing|POS=NUM",
      "Aspect=Perf|Case=Acc|Gender=Neut|Number=Sing|POS=VERB|VerbForm=Part|Voice=Pass",
      "Case=Gen|Gender=Fem|Number=Sing|POS=PRON|Person=3|PronType=Dem",
      "Case=Gen|Gender=Neut|Number=Sing|POS=PRON|Person=3|Poss=Yes|PronType=Prs",
      "Case=Acc|Gender=Masc|NumType=Ord|Number=Sing|POS=NUM",
      "Case=Gen|Definite=Ind|Gender=Masc|Number=Sing|POS=DET|PronType=Art",
      "Case=Gen|Gender=Masc|NumType=Ord|Number=Sing|POS=NUM",
      "Case=Gen|Definite=Ind|Gender=Fem|Number=Sing|POS=DET|PronType=Art",
      "Case=Nom|Gender=Fem|NumType=Card|Number=Plur|POS=NUM",
      "Case=Voc|Gender=Masc|Number=Sing|POS=NOUN",
      "Aspect=Perf|Mood=Ind|Number=Sing|POS=VERB|Person=1|VerbForm=Fin|Voice=Act",
      "Case=Acc|Gender=Neut|Number=Plur|POS=PRON|Person=3|PronType=Ind,Rel",
      "Case=Gen|Gender=Neut|Number=Sing|POS=PRON|Person=3|PronType=Dem",
      "Case=Acc|Gender=Neut|Number=Plur|POS=PRON|Person=3|PronType=Rel",
      "Case=Gen|Gender=Fem|Number=Plur|POS=PRON|Person=3|PronType=Dem",
      "Case=Acc|Gender=Neut|Number=Sing|POS=PRON|Person=3|PronType=Rel",
      "Case=Acc|Gender=Neut|Number=Sing|POS=PRON|Person=3|PronType=Prs",
      "Case=Acc|Gender=Masc|Number=Plur|POS=PRON|Person=3|PronType=Rel",
      "Case=Voc|Gender=Fem|Number=Plur|POS=NOUN",
      "Case=Voc|Gender=Masc|Number=Plur|POS=NOUN",
      "Case=Gen|Gender=Masc|Number=Plur|POS=PRON|Person=2|PronType=Prs",
      "Case=Acc|Gender=Neut|Number=Sing|POS=PRON|Person=3|PronType=Int",
      "Case=Gen|Gender=Masc|Number=Plur|POS=ADJ",
      "Case=Gen|Gender=Neut|Number=Sing|POS=ADJ",
      "Case=Gen|Definite=Ind|Gender=Neut|Number=Sing|POS=DET|PronType=Art",
      "Case=Nom|Gender=Fem|Number=Plur|POS=PRON|Person=3|PronType=Ind",
      "Case=Nom|Gender=Masc|Number=Plur|POS=PRON|Person=3|PronType=Ind",
      "Case=Acc|Gender=Masc|Number=Plur|POS=PRON|Person=3|PronType=Ind",
      "Case=Nom|Gender=Neut|Number=Sing|POS=PRON|Person=3|PronType=Dem",
      "Case=Gen|Gender=Fem|Number=Plur|POS=PRON|Person=3|Poss=Yes|PronType=Prs",
      "Aspect=Perf|Mood=Ind|Number=Plur|POS=VERB|Person=1|VerbForm=Fin|Voice=Pass",
      "Aspect=Imp|Mood=Ind|Number=Sing|POS=VERB|Person=1|Tense=Pres|VerbForm=Fin|Voice=Pass",
      "Case=Nom|Gender=Masc|Number=Plur|POS=PRON|Person=3|PronType=Dem",
      "Case=Acc|Gender=Masc|Number=Plur|POS=PRON|Person=3|PronType=Prs",
      "Case=Acc|Gender=Fem|Number=Plur|POS=PRON|Person=3|PronType=Dem",
      "Case=Nom|Gender=Masc|Number=Plur|POS=PRON|Person=2|PronType=Prs",
      "Aspect=Perf|Mood=Ind|Number=Plur|POS=VERB|Person=2|Tense=Past|VerbForm=Fin|Voice=Act",
      "Case=Gen|Gender=Masc|Number=Plur|POS=PRON|Person=1|PronType=Prs",
      "Case=Acc|Gender=Masc|Number=Sing|POS=PRON|Person=3|PronType=Rel",
      "Case=Gen|Gender=Masc|Number=Plur|POS=PRON|Person=2|Poss=Yes|PronType=Prs",
      "Case=Acc|Gender=Masc|Number=Sing|POS=PRON|Person=3|PronType=Ind",
      "Case=Acc|Degree=Cmp|Gender=Masc|Number=Sing|POS=ADJ",
      "Case=Nom|Gender=Masc|Number=Sing|POS=PRON|Person=3|PronType=Ind,Rel",
      "Case=Acc|Degree=Cmp|Gender=Neut|Number=Plur|POS=ADJ",
      "Case=Nom|Gender=Neut|Number=Sing|POS=PRON|Person=3|PronType=Ind",
      "Aspect=Perf|Case=Nom|Gender=Masc|Number=Plur|POS=VERB|VerbForm=Part|Voice=Pass",
      "Aspect=Imp|Mood=Ind|Number=Plur|POS=VERB|Person=1|Tense=Past|VerbForm=Fin|Voice=Act",
      "Case=Nom|Degree=Cmp|Gender=Fem|Number=Plur|POS=ADJ",
      "Case=Nom|Gender=Fem|Number=Sing|POS=PRON|Person=3|PronType=Dem",
      "Case=Gen|Gender=Masc|NumType=Card|Number=Plur|POS=NUM",
      "Case=Acc|Gender=Fem|NumType=Card|Number=Plur|POS=NUM",
      "Case=Acc|Gender=Masc|NumType=Card|Number=Plur|POS=NUM",
      "Case=Acc|Degree=Cmp|Gender=Neut|Number=Sing|POS=ADJ",
      "Case=Acc|Gender=Fem|Number=Plur|POS=PROPN",
      "Aspect=Imp|Mood=Ind|Number=Sing|POS=AUX|Person=3|Tense=Past|VerbForm=Fin|Voice=Act",
      "Aspect=Perf|Case=Gen|Gender=Masc|Number=Sing|POS=VERB|VerbForm=Part|Voice=Pass",
      "Case=Gen|Gender=Masc|Number=Sing|POS=PRON|Person=3|PronType=Dem",
      "Case=Gen|Gender=Fem|NumType=Card|Number=Plur|POS=NUM",
      "Case=Nom|Gender=Neut|Number=Sing|POS=PROPN",
      "Aspect=Perf|Case=Acc|Gender=Masc|Number=Sing|POS=VERB|VerbForm=Part|Voice=Pass",
      "Case=Nom|Degree=Sup|Gender=Neut|Number=Plur|POS=ADJ",
      "Case=Nom|Degree=Cmp|Gender=Neut|Number=Plur|POS=ADJ",
      "Aspect=Imp|Mood=Ind|Number=Plur|POS=VERB|Person=2|Tense=Pres|VerbForm=Fin|Voice=Act",
      "Aspect=Perf|Mood=Ind|Number=Plur|POS=VERB|Person=2|VerbForm=Fin|Voice=Act",
      "Aspect=Perf|Mood=Ind|Number=Plur|POS=VERB|Person=2|VerbForm=Fin|Voice=Pass",
      "Case=Acc|Gender=Fem|Number=Sing|POS=PRON|Person=3|PronType=Prs",
      "Case=Nom|Gender=Neut|Number=Sing|POS=PRON|Person=3|PronType=Int",
      "Aspect=Perf|Case=Acc|Gender=Fem|Number=Plur|POS=VERB|VerbForm=Part|Voice=Pass",
      "Abbr=Yes|POS=ADV",
      "Case=Acc|Gender=Neut|Number=Sing|POS=PRON|Person=3|PronType=Ind,Rel",
      "Case=Nom|Gender=Neut|NumType=Ord|Number=Plur|POS=NUM",
      "Aspect=Imp|Mood=Ind|Number=Plur|POS=AUX|Person=3|Tense=Past|VerbForm=Fin|Voice=Act",
      "Case=Dat|Gender=Masc|Number=Sing|POS=NOUN",
      "Case=Nom|Gender=Fem|Number=Plur|POS=PRON|Person=3|PronType=Dem",
      "Aspect=Imp|Mood=Ind|Number=Plur|POS=AUX|Person=1|Tense=Pres|VerbForm=Fin|Voice=Pass",
      "Case=Acc|Degree=Cmp|Gender=Fem|Number=Plur|POS=ADJ",
      "Case=Gen|Degree=Cmp|Gender=Neut|Number=Plur|POS=ADJ",
      "Case=Gen|Gender=Neut|Number=Plur|POS=PRON|Person=3|PronType=Rel",
      "Aspect=Perf|Case=Nom|Gender=Fem|Number=Plur|POS=VERB|VerbForm=Part|Voice=Pass",
      "Case=Nom|Gender=Masc|Number=Sing|POS=PRON|Person=3|PronType=Ind",
      "Case=Dat|Gender=Neut|Number=Sing|POS=NOUN",
      "Case=Gen|Gender=Neut|Number=Plur|POS=PRON|Person=3|PronType=Ind",
      "Case=Acc|Degree=Sup|Gender=Masc|Number=Plur|POS=ADJ",
      "Case=Gen|Gender=Masc|Number=Sing|POS=PRON|Person=3|PronType=Prs",
      "Case=Gen|Gender=Neut|Number=Plur|POS=PRON|Person=3|PronType=Ind,Rel",
      "Case=Gen|Degree=Cmp|Gender=Masc|Number=Plur|POS=ADJ",
      "Case=Nom|Degree=Cmp|Gender=Masc|Number=Plur|POS=ADJ",
      "Case=Nom|Gender=Neut|Number=Plur|POS=PROPN",
      "Case=Gen|Gender=Masc|Number=Plur|POS=PRON|Person=3|PronType=Rel",
      "Case=Dat|Gender=Fem|Number=Sing|POS=NOUN",
      "Case=Gen|Gender=Fem|Number=Sing|POS=PRON|Person=3|PronType=Prs",
      "Aspect=Perf|Case=Acc|Gender=Neut|Number=Plur|POS=VERB|VerbForm=Part|Voice=Pass",
      "Case=Acc|Gender=Fem|NumType=Sets|Number=Plur|POS=NUM",
      "Aspect=Imp|POS=AUX|VerbForm=Conv|Voice=Act",
      "Case=Gen|Gender=Masc|Number=Plur|POS=PRON|Person=3|PronType=Prs",
      "Case=Nom|Gender=Fem|NumType=Ord|Number=Sing|POS=NUM",
      "Case=Nom|Gender=Fem|NumType=Sets|Number=Plur|POS=NUM",
      "Case=Acc|Gender=Neut|Number=Plur|POS=PROPN",
      "Aspect=Imp|Mood=Ind|Number=Plur|POS=AUX|Person=3|Tense=Past|VerbForm=Fin|Voice=Pass",
      "Aspect=Perf|Mood=Imp|Number=Plur|POS=VERB|Person=2|VerbForm=Fin|Voice=Act",
      "Case=Gen|Gender=Masc|Number=Sing|POS=PRON|Person=1|PronType=Prs",
      "Case=Acc|Gender=Masc|Number=Plur|POS=PRON|Person=2|PronType=Prs",
      "Case=Nom|Gender=Masc|Number=Sing|POS=PRON|Person=1|PronType=Prs",
      "Case=Voc|Gender=Masc|Number=Sing|POS=ADJ",
      "Case=Voc|Gender=Masc|Number=Plur|POS=ADJ",
      "Case=Acc|Gender=Masc|NumType=Card|Number=Sing|POS=NUM",
      "Case=Gen|Gender=Fem|Number=Plur|POS=PRON|Person=3|PronType=Ind",
      "Case=Nom|Degree=Cmp|Gender=Fem|Number=Sing|POS=ADJ",
      "Aspect=Perf|Mood=Ind|Number=Sing|POS=VERB|Person=1|VerbForm=Fin|Voice=Pass",
      "Case=Nom|Gender=Masc|NumType=Ord|Number=Sing|POS=NUM",
      "Aspect=Perf|Case=Gen|Gender=Fem|Number=Sing|POS=VERB|VerbForm=Part|Voice=Pass",
      "Aspect=Perf|Mood=Ind|Number=Sing|POS=AUX|Person=3|Tense=Past|VerbForm=Fin|Voice=Pass",
      "Aspect=Perf|Mood=Ind|Number=Plur|POS=AUX|Person=3|Tense=Past|VerbForm=Fin|Voice=Pass",
      "Case=Gen|Degree=Sup|Gender=Fem|Number=Sing|POS=ADJ",
      "Aspect=Imp|Mood=Ind|Number=Sing|POS=AUX|Person=1|Tense=Pres|VerbForm=Fin|Voice=Pass",
      "Case=Nom|Gender=Neut|NumType=Ord|Number=Sing|POS=NUM",
      "Aspect=Perf|Mood=Ind|Number=Sing|POS=VERB|Person=1|Tense=Past|VerbForm=Fin|Voice=Pass",
      "Case=Nom|Gender=Neut|NumType=Card|Number=Sing|POS=NUM",
      "Case=Gen|Gender=Masc|Number=Plur|POS=PRON|Person=3|PronType=Dem",
      "Case=Gen|Degree=Cmp|Gender=Fem|Number=Sing|POS=ADJ",
      "Aspect=Imp|Mood=Ind|Number=Sing|POS=AUX|Person=1|Tense=Pres|VerbForm=Fin|Voice=Act",
      "Case=Acc|Degree=Sup|Gender=Fem|Number=Plur|POS=ADJ",
      "Aspect=Imp|Mood=Ind|Number=Plur|POS=AUX|Person=1|Tense=Pres|VerbForm=Fin|Voice=Act",
      "Case=Dat|Gender=Fem|Number=Sing|POS=ADJ",
      "Case=Gen|Gender=Fem|Number=Sing|POS=PRON|Person=3|PronType=Rel",
      "Case=Gen|Gender=Fem|NumType=Sets|Number=Plur|POS=NUM",
      "Aspect=Perf|Case=Nom|Gender=Fem|Number=Sing|POS=VERB|VerbForm=Part|Voice=Pass",
      "Case=Gen|Gender=Masc|Number=Plur|POS=PRON|Person=3|PronType=Ind,Rel",
      "Aspect=Perf|Mood=Ind|Number=Plur|POS=VERB|Person=2|Tense=Past|VerbForm=Fin|Voice=Pass",
      "Aspect=Imp|Mood=Ind|Number=Plur|POS=AUX|Person=2|Tense=Pres|VerbForm=Fin|Voice=Pass",
      "Case=Gen|Gender=Masc|Number=Sing|POS=PRON|Person=3|PronType=Int",
      "Aspect=Imp|Mood=Ind|Number=Plur|POS=VERB|Person=2|Tense=Past|VerbForm=Fin|Voice=Act",
      "Case=Acc|Gender=Neut|NumType=Ord|Number=Plur|POS=NUM",
      "Case=Nom|Definite=Ind|Gender=Masc|Number=Sing|POS=DET|PronType=Art",
      "Case=Nom|Gender=Masc|Number=Sing|POS=PRON|Person=3|PronType=Dem",
      "Case=Gen|Degree=Sup|Gender=Masc|Number=Plur|POS=ADJ",
      "Case=Acc|Gender=Fem|NumType=Ord|Number=Plur|POS=NUM",
      "Case=Nom|Gender=Fem|NumType=Ord|Number=Plur|POS=NUM",
      "Case=Gen|Degree=Cmp|Gender=Fem|Number=Plur|POS=ADJ",
      "Case=Nom|Degree=Sup|Gender=Fem|Number=Plur|POS=ADJ",
      "Case=Acc|Degree=Sup|Gender=Neut|Number=Sing|POS=ADJ",
      "Case=Nom|Gender=Masc|NumType=Card|Number=Sing|POS=NUM",
      "Case=Acc|Gender=Masc|Number=Sing|POS=PRON|Person=3|PronType=Ind,Rel",
      "Case=Acc|Gender=Fem|NumType=Card|Number=Sing|POS=NUM",
      "Case=Nom|Degree=Sup|Gender=Neut|Number=Sing|POS=ADJ",
      "Case=Acc|Gender=Masc|Number=Sing|POS=PRON|Person=3|PronType=Int",
      "Case=Acc|Gender=Fem|Number=Plur|POS=PRON|Person=3|PronType=Prs",
      "Case=Gen|Gender=Fem|Number=Sing|POS=PRON|Person=3|PronType=Ind",
      "Aspect=Perf|Case=Gen|Gender=Fem|Number=Plur|POS=VERB|VerbForm=Part|Voice=Pass",
      "Case=Nom|Gender=Fem|NumType=Mult|Number=Sing|POS=NUM",
      "Case=Acc|Gender=Masc|Number=Sing|POS=PRON|Person=3|PronType=Prs",
      "Case=Acc|Gender=Masc|NumType=Mult|Number=Sing|POS=NUM",
      "Case=Nom|Degree=Sup|Gender=Masc|Number=Plur|POS=ADJ",
      "Case=Acc|Degree=Cmp|Gender=Masc|Number=Plur|POS=ADJ",
      "Case=Gen|Degree=Cmp|Gender=Neut|Number=Sing|POS=ADJ",
      "Case=Nom|Gender=Fem|Number=Plur|POS=PRON|Person=3|PronType=Int",
      "Case=Gen|Gender=Masc|Number=Plur|POS=PRON|Person=3|PronType=Ind",
      "Degree=Sup|POS=ADV",
      "Aspect=Perf|Mood=Ind|Number=Sing|POS=VERB|Person=2|Tense=Past|VerbForm=Fin|Voice=Pass",
      "Case=Nom|Degree=Sup|Gender=Fem|Number=Sing|POS=ADJ",
      "Case=Nom|Gender=Fem|Number=Sing|POS=PRON|Person=3|PronType=Ind,Rel",
      "Case=Gen|Gender=Neut|Number=Sing|POS=PRON|Person=3|PronType=Prs",
      "Case=Gen|Gender=Fem|Number=Plur|POS=PROPN",
      "Aspect=Imp|Mood=Ind|Number=Plur|POS=VERB|Person=3|Tense=Past|VerbForm=Fin|Voice=Pass",
      "Aspect=Perf|Mood=Ind|Number=Plur|POS=AUX|Person=2|Tense=Past|VerbForm=Fin|Voice=Act",
      "Case=Gen|Gender=Neut|Number=Sing|POS=PRON|Person=3|PronType=Ind",
      "Case=Nom|Gender=Masc|Number=Plur|POS=PRON|Person=3|PronType=Int",
      "Case=Nom|Gender=Neut|Number=Sing|POS=PRON|Person=3|PronType=Ind,Rel",
      "POS=SYM",
      "Case=Gen|Gender=Neut|Number=Sing|POS=PRON|Person=3|PronType=Rel",
      "Case=Nom|Gender=Masc|NumType=Ord|Number=Plur|POS=NUM",
      "Case=Nom|Gender=Fem|Number=Plur|POS=PROPN",
      "Aspect=Perf|Case=Nom|Gender=Neut|Number=Sing|POS=VERB|VerbForm=Part|Voice=Pass",
      "Case=Acc|Gender=Masc|Number=Plur|POS=PRON|Person=3|PronType=Ind,Rel",
      "Aspect=Perf|Case=Gen|Gender=Masc|Number=Plur|POS=VERB|VerbForm=Part|Voice=Pass",
      "Aspect=Imp|Mood=Ind|Number=Plur|POS=AUX|Person=2|Tense=Pres|VerbForm=Fin|Voice=Act",
      "Aspect=Perf|Case=Nom|Gender=Neut|Number=Plur|POS=VERB|VerbForm=Part|Voice=Pass",
      "Case=Acc|Gender=Neut|NumType=Mult|Number=Sing|POS=NUM",
      "Case=Acc|Degree=Sup|Gender=Neut|Number=Plur|POS=ADJ",
      "Aspect=Perf|Case=Acc|Gender=Masc|Number=Plur|POS=VERB|VerbForm=Part|Voice=Pass",
      "Aspect=Imp|Mood=Ind|Number=Plur|POS=VERB|Person=2|Tense=Pres|VerbForm=Fin|Voice=Pass",
      "Case=Nom|Gender=Masc|Number=Sing|POS=PRON|Person=3|PronType=Int",
      "Case=Gen|Gender=Neut|NumType=Ord|Number=Sing|POS=NUM",
      "Aspect=Perf|Case=Nom|Gender=Masc|Number=Sing|POS=VERB|VerbForm=Part|Voice=Pass",
      "Case=Dat|Definite=Def|Gender=Neut|Number=Sing|POS=DET|PronType=Art",
      "Case=Gen|Gender=Masc|Number=Sing|POS=PRON|Person=3|PronType=Ind",
      "Case=Gen|Gender=Fem|NumType=Ord|Number=Plur|POS=NUM",
      "Case=Dat|Definite=Def|Gender=Fem|Number=Sing|POS=DET|PronType=Art",
      "Case=Gen|Degree=Cmp|Gender=Masc|Number=Sing|POS=ADJ"
    ],
    "parser": [
      "ROOT",
      "acl",
      "acl:relcl",
      "advcl",
      "advmod",
      "amod",
      "appos",
      "aux",
      "case",
      "cc",
      "ccomp",
      "conj",
      "cop",
      "csubj",
      "csubj:pass",
      "dep",
      "det",
      "fixed",
      "flat",
      "iobj",
      "mark",
      "nmod",
      "nsubj",
      "nsubj:pass",
      "nummod",
      "obj",
      "obl",
      "obl:agent",
      "parataxis",
      "punct",
      "vocative",
      "xcomp"
    ],
    "attribute_ruler": [],
    "ner": [
      "EVENT",
      "GPE",
      "LOC",
      "ORG",
      "PERSON",
      "PRODUCT"
    ]
  },
  "pipeline": [
    "tok2vec",
    "morphologizer",
    "parser",
    "lemmatizer",
    "attribute_ruler",
    "ner"
  ],
  "components": [
    "tok2vec",
    "morphologizer",
    "parser",
    "lemmatizer",
    "senter",
    "attribute_ruler",
    "ner"
  ],
  "disabled": [
    "senter"
  ],
  "performance": {
    "token_acc": 1.0,
    "token_p": 0.9990295973,
    "token_r": 0.9995068547,
    "token_f": 0.9992604644,
    "pos_acc": 0.9586353104,
    "morph_acc": 0.9024306069,
    "morph_micro_p": 0.9566750288,
    "morph_micro_r": 0.9568372156,
    "morph_micro_f": 0.9567561153,
    "morph_per_feat": {
      "Abbr": {
        "p": 0.9240506329,
        "r": 0.7849462366,
        "f": 0.8488372093
      },
      "Case": {
        "p": 0.9316708229,
        "r": 0.9343114371,
        "f": 0.9329892616
      },
      "Gender": {
        "p": 0.9311720698,
        "r": 0.9338112704,
        "f": 0.9324898027
      },
      "Number": {
        "p": 0.9781420765,
        "r": 0.981812933,
        "f": 0.9799740671
      },
      "Aspect": {
        "p": 0.9494949495,
        "r": 0.9437751004,
        "f": 0.9466263847
      },
      "Mood": {
        "p": 0.9861554846,
        "r": 0.9956989247,
        "f": 0.9909042269
      },
      "Person": {
        "p": 0.969320672,
        "r": 0.9721611722,
        "f": 0.9707388442
      },
      "Tense": {
        "p": 0.9716859717,
        "r": 0.9843546284,
        "f": 0.9779792746
      },
      "VerbForm": {
        "p": 0.9818181818,
        "r": 0.9759036145,
        "f": 0.9788519637
      },
      "Voice": {
        "p": 0.9616161616,
        "r": 0.9558232932,
        "f": 0.9587109768
      },
      "Definite": {
        "p": 0.9897727273,
        "r": 0.995997713,
        "f": 0.9928754631
      },
      "PronType": {
        "p": 0.9821917808,
        "r": 0.9848901099,
        "f": 0.9835390947
      },
      "Foreign": {
        "p": 0.7322834646,
        "r": 0.5776397516,
        "f": 0.6458333333
      },
      "NumType": {
        "p": 0.9572192513,
        "r": 0.8731707317,
        "f": 0.9132653061
      },
      "Poss": {
        "p": 0.8988764045,
        "r": 0.8988764045,
        "f": 0.8988764045
      },
      "Degree": {
        "p": 0.8518518519,
        "r": 0.6052631579,
        "f": 0.7076923077
      }
    },
    "sents_p": 0.9333333333,
    "sents_r": 0.9379652605,
    "sents_f": 0.9356435644,
    "dep_uas": 0.8788345245,
    "dep_las": 0.8415612974,
    "dep_las_per_type": {},
    "lemma_acc": 0.8887245477,
    "tag_acc": 0.9286594685,
    "ents_p": 0.7991452991,
    "ents_r": 0.7857142857,
    "ents_f": 0.7923728814,
    "ents_per_type": {
      "PERSON": {
        "p": 0.9152542373,
        "r": 0.84375,
        "f": 0.8780487805
      },
      "GPE": {
        "p": 0.8461538462,
        "r": 0.8850574713,
        "f": 0.8651685393
      },
      "ORG": {
        "p": 0.7246376812,
        "r": 0.7042253521,
        "f": 0.7142857143
      },
      "PRODUCT": {
        "p": 0.5,
        "r": 0.375,
        "f": 0.4285714286
      },
      "EVENT": {
        "p": 0.5,
        "r": 0.5,
        "f": 0.5
      },
      "LOC": {
        "p": 0.0,
        "r": 0.0,
        "f": 0.0
      }
    },
    "speed": 8640.5339185519
  },
  "sources": [
    {
      "name": "UD Greek GDT v2.8",
      "url": "https://github.com/UniversalDependencies/UD_Greek-GDT",
      "license": "CC BY-NC-SA 3.0",
      "author": "Prokopidis, Prokopis"
    },
    {
      "name": "Greek NER Corpus (Google Summer of Code 2018)",
      "url": "https://github.com/eellak/gsoc2018-spacy",
      "license": "MIT",
      "author": "Giannis Daras"
    },
    {
      "name": "Explosion fastText Vectors (cbow, OSCAR Common Crawl + Wikipedia)",
      "url": "https://spacy.io",
      "license": "CC0",
      "author": "Explosion"
    }
  ],
  "requirements": [],
  "size": "40 MB",
  "checksum": "6b58e16823545af80491ab568d540434422d9ef12afcc884312a485ee913e34b",
  "checksum_whl": "badd2e8d597e3764da644c30e411f1d4585e1cb0a307e856910e24c155a16cfa"
}