{
  "lang": "el",
  "name": "core_news_lg",
  "version": "3.1.0",
  "description": "Greek pipeline optimized for CPU. Components: tok2vec, morphologizer, parser, senter, ner, attribute_ruler, lemmatizer.",
  "author": "Explosion",
  "email": "contact@explosion.ai",
  "url": "https://explosion.ai",
  "license": "CC BY-NC-SA 3.0",
  "spacy_version": ">=3.1.0,<3.2.0",
  "spacy_git_version": "caba63b74",
  "vectors": {
    "width": 300,
    "vectors": 500000,
    "keys": 500000,
    "name": "el_vectors"
  },
  "labels": {
    "tok2vec": [],
    "morphologizer": [
      "Case=Nom|Definite=Def|Gender=Fem|Number=Sing|POS=DET|PronType=Art",
      "Foreign=Yes|POS=X",
      "Aspect=Perf|Mood=Ind|Number=Sing|POS=VERB|Person=3|Tense=Past|VerbForm=Fin|Voice=Pass",
      "POS=ADP",
      "Case=Acc|Definite=Def|Gender=Fem|Number=Sing|POS=DET|PronType=Art",
      "NumType=Card|POS=NUM",
      "POS=NOUN",
      "POS=ADV",
      "POS=PUNCT",
      "Case=Acc|Gender=Neut|Number=Plur|POS=NOUN",
      "Case=Acc|Gender=Neut|Number=Plur|POS=ADP",
      "Case=Gen|Definite=Def|Gender=Fem|Number=Sing|POS=DET|PronType=Art",
      "Case=Gen|Gender=Fem|Number=Sing|POS=NOUN",
      "Case=Gen|Definite=Def|Gender=Fem|Number=Plur|POS=DET|PronType=Art",
      "Case=Gen|Definite=Def|Gender=Neut|Number=Sing|POS=DET|PronType=Art",
      "Case=Acc|Definite=Def|Gender=Neut|Number=Sing|POS=DET|PronType=Art",
      "Case=Gen|Definite=Def|Gender=Masc|Number=Sing|POS=DET|PronType=Art",
      "Case=Gen|Gender=Masc|Number=Sing|POS=NOUN",
      "Aspect=Perf|Mood=Ind|Number=Sing|POS=VERB|Person=3|Tense=Past|VerbForm=Fin|Voice=Act",
      "Case=Nom|Definite=Def|Gender=Masc|Number=Sing|POS=DET|PronType=Art",
      "Case=Acc|Gender=Neut|Number=Sing|POS=ADP",
      "Case=Acc|Gender=Neut|NumType=Ord|Number=Sing|POS=NUM",
      "Case=Acc|Gender=Neut|Number=Sing|POS=NOUN",
      "POS=CCONJ",
      "Case=Nom|Definite=Def|Gender=Masc|Number=Plur|POS=DET|PronType=Art",
      "Case=Nom|Gender=Masc|Number=Plur|POS=ADJ",
      "Aspect=Perf|Mood=Ind|Number=Plur|POS=VERB|Person=3|Tense=Past|VerbForm=Fin|Voice=Act",
      "Case=Acc|Definite=Def|Gender=Masc|Number=Sing|POS=DET|PronType=Art",
      "Case=Acc|Gender=Neut|NumType=Card|Number=Plur|POS=NUM",
      "Case=Acc|Definite=Def|Gender=Masc|Number=Plur|POS=DET|PronType=Art",
      "Case=Nom|Gender=Masc|NumType=Card|Number=Plur|POS=NUM",
      "POS=AUX",
      "Aspect=Perf|Mood=Ind|Number=Plur|POS=VERB|Person=3|VerbForm=Fin|Voice=Pass",
      "Case=Acc|Gender=Fem|Number=Plur|POS=ADP",
      "Case=Acc|Gender=Masc|Number=Plur|POS=PROPN",
      "Aspect=Imp|Mood=Ind|Number=Plur|POS=VERB|Person=3|Tense=Pres|VerbForm=Fin|Voice=Pass",
      "Case=Acc|Gender=Fem|Number=Sing|POS=NOUN",
      "Case=Acc|Gender=Masc|Number=Plur|POS=ADJ",
      "Case=Acc|Gender=Masc|Number=Plur|POS=NOUN",
      "Case=Gen|Gender=Neut|NumType=Card|Number=Plur|POS=NUM",
      "Case=Gen|Gender=Neut|Number=Plur|POS=NOUN",
      "Case=Acc|Gender=Masc|Number=Sing|POS=ADP",
      "Case=Acc|Gender=Masc|Number=Sing|POS=NOUN",
      "Case=Acc|Gender=Neut|Number=Sing|POS=PROPN",
      "Case=Nom|Gender=Masc|Number=Sing|POS=NOUN",
      "Case=Nom|Gender=Masc|Number=Sing|POS=PROPN",
      "Aspect=Imp|Mood=Ind|Number=Sing|POS=VERB|Person=3|Tense=Past|VerbForm=Fin|Voice=Act",
      "Case=Gen|Gender=Masc|Number=Sing|POS=PRON|Person=3|PronType=Rel",
      "Case=Acc|Definite=Def|Gender=Fem|Number=Plur|POS=DET|PronType=Art",
      "Case=Acc|Gender=Fem|Number=Plur|POS=NOUN",
      "Case=Gen|Gender=Masc|Number=Sing|POS=PRON|Person=3|Poss=Yes|PronType=Prs",
      "Case=Acc|Gender=Fem|Number=Sing|POS=ADP",
      "Case=Acc|Gender=Fem|Number=Sing|POS=PROPN",
      "Aspect=Imp|Mood=Ind|Number=Sing|POS=VERB|Person=3|Tense=Pres|VerbForm=Fin|Voice=Act",
      "Case=Acc|Definite=Def|Gender=Neut|Number=Plur|POS=DET|PronType=Art",
      "Case=Acc|Gender=Neut|Number=Plur|POS=ADJ",
      "Case=Gen|Gender=Neut|Number=Plur|POS=PROPN",
      "Case=Acc|Gender=Neut|Number=Sing|POS=ADJ",
      "Aspect=Imp|POS=VERB|VerbForm=Conv|Voice=Act",
      "Case=Nom|Gender=Fem|Number=Sing|POS=PRON|Person=3|PronType=Rel",
      "Aspect=Imp|Mood=Ind|Number=Sing|POS=VERB|Person=3|Tense=Pres|VerbForm=Fin|Voice=Pass",
      "Case=Acc|Gender=Masc|Number=Plur|POS=ADP",
      "Case=Gen|Gender=Fem|Number=Sing|POS=ADJ",
      "Case=Gen|Gender=Fem|Number=Sing|POS=PROPN",
      "Case=Acc|Definite=Ind|Gender=Neut|Number=Sing|POS=DET|PronType=Art",
      "Case=Gen|Definite=Def|Gender=Neut|Number=Plur|POS=DET|PronType=Art",
      "Case=Gen|Gender=Neut|Number=Sing|POS=PROPN",
      "Case=Nom|Definite=Def|Gender=Neut|Number=Sing|POS=DET|PronType=Art",
      "Case=Nom|Gender=Neut|Number=Sing|POS=PRON|Person=3|PronType=Rel",
      "Case=Nom|Gender=Neut|Number=Plur|POS=NOUN",
      "Case=Gen|Gender=Masc|Number=Sing|POS=PROPN",
      "Case=Nom|Gender=Masc|Number=Plur|POS=NOUN",
      "Case=Nom|Gender=Fem|Number=Plur|POS=ADJ",
      "Case=Nom|Gender=Fem|Number=Plur|POS=NOUN",
      "Case=Nom|Gender=Fem|Number=Sing|POS=NOUN",
      "Case=Acc|Gender=Fem|Number=Plur|POS=PRON|Person=3|PronType=Ind",
      "Case=Nom|Gender=Neut|Number=Sing|POS=NOUN",
      "Case=Nom|Gender=Neut|Number=Plur|POS=ADJ",
      "Aspect=Imp|Mood=Ind|Number=Sing|POS=AUX|Person=3|Tense=Past|VerbForm=Fin|Voice=Pass",
      "Case=Nom|Gender=Fem|Number=Sing|POS=ADJ",
      "Case=Acc|Gender=Fem|Number=Sing|POS=ADJ",
      "Case=Nom|Degree=Cmp|Gender=Masc|Number=Sing|POS=ADJ",
      "Case=Gen|Definite=Def|Gender=Masc|Number=Plur|POS=DET|PronType=Art",
      "Case=Gen|Gender=Masc|Number=Plur|POS=NOUN",
      "Case=Gen|Gender=Fem|Number=Plur|POS=NOUN",
      "Case=Nom|Gender=Neut|NumType=Card|Number=Plur|POS=NUM",
      "Case=Gen|Gender=Masc|Number=Plur|POS=PRON|Person=3|Poss=Yes|PronType=Prs",
      "POS=SCONJ",
      "Case=Nom|Gender=Neut|Number=Plur|POS=PRON|Person=3|PronType=Ind",
      "Aspect=Perf|Mood=Ind|Number=Plur|POS=VERB|Person=3|Tense=Past|VerbForm=Fin|Voice=Pass",
      "Case=Nom|Definite=Def|Gender=Fem|Number=Plur|POS=DET|PronType=Art",
      "Case=Nom|Gender=Masc|Number=Plur|POS=PRON|Person=3|PronType=Rel",
      "Aspect=Imp|Mood=Ind|Number=Plur|POS=VERB|Person=3|Tense=Pres|VerbForm=Fin|Voice=Act",
      "Aspect=Perf|Mood=Ind|Number=Plur|POS=VERB|Person=3|VerbForm=Fin|Voice=Act",
      "Case=Nom|Gender=Masc|Number=Sing|POS=PRON|Person=3|PronType=Rel",
      "Case=Nom|Gender=Fem|Number=Sing|POS=PROPN",
      "Case=Gen|Gender=Masc|Number=Sing|POS=ADJ",
      "Case=Acc|Gender=Fem|NumType=Ord|Number=Sing|POS=NUM",
      "Case=Gen|Gender=Fem|Number=Plur|POS=PRON|Person=3|PronType=Prs",
      "Aspect=Imp|Mood=Ind|Number=Sing|POS=VERB|Person=3|Tense=Past|VerbForm=Fin|Voice=Pass",
      "Aspect=Imp|Mood=Ind|Number=Sing|POS=AUX|Person=3|Tense=Pres|VerbForm=Fin|Voice=Pass",
      "Case=Acc|Definite=Ind|Gender=Fem|Number=Sing|POS=DET|PronType=Art",
      "Case=Nom|Gender=Neut|Number=Sing|POS=ADJ",
      "Aspect=Imp|Mood=Ind|Number=Plur|POS=AUX|Person=3|Tense=Pres|VerbForm=Fin|Voice=Act",
      "Aspect=Perf|POS=VERB|VerbForm=Inf|Voice=Pass",
      "Case=Acc|Gender=Fem|Number=Plur|POS=ADJ",
      "Case=Nom|Definite=Def|Gender=Neut|Number=Plur|POS=DET|PronType=Art",
      "Case=Nom|Gender=Masc|Number=Sing|POS=ADJ",
      "Case=Gen|Gender=Neut|Number=Plur|POS=ADJ",
      "Aspect=Imp|Mood=Ind|Number=Sing|POS=AUX|Person=3|Tense=Pres|VerbForm=Fin|Voice=Act",
      "Aspect=Perf|POS=VERB|VerbForm=Inf|Voice=Act",
      "Case=Acc|Gender=Fem|Number=Plur|POS=PRON|Person=3|PronType=Rel",
      "Case=Nom|Gender=Masc|Number=Plur|POS=PROPN",
      "Aspect=Perf|Case=Acc|Gender=Fem|Number=Sing|POS=VERB|VerbForm=Part|Voice=Pass",
      "Case=Gen|Gender=Masc|Number=Plur|POS=PROPN",
      "POS=PART",
      "Case=Nom|Gender=Fem|Number=Sing|POS=PRON|Person=3|PronType=Ind",
      "Case=Nom|Degree=Cmp|Gender=Neut|Number=Sing|POS=ADJ",
      "Case=Acc|Gender=Fem|Number=Sing|POS=PRON|Person=3|PronType=Dem",
      "Case=Acc|Degree=Cmp|Gender=Fem|Number=Sing|POS=ADJ",
      "Case=Nom|Gender=Neut|Number=Plur|POS=PRON|Person=3|PronType=Dem",
      "Aspect=Imp|Mood=Ind|Number=Plur|POS=AUX|Person=3|Tense=Pres|VerbForm=Fin|Voice=Pass",
      "Case=Gen|Gender=Fem|NumType=Ord|Number=Sing|POS=NUM",
      "Aspect=Imp|Mood=Ind|Number=Plur|POS=VERB|Person=3|Tense=Past|VerbForm=Fin|Voice=Act",
      "Aspect=Perf|Mood=Ind|Number=Sing|POS=VERB|Person=3|VerbForm=Fin|Voice=Pass",
      "Case=Gen|Gender=Neut|Number=Sing|POS=NOUN",
      "Case=Gen|Gender=Fem|Number=Sing|POS=PRON|Person=3|Poss=Yes|PronType=Prs",
      "Abbr=Yes|POS=NOUN",
      "Case=Acc|Gender=Neut|Number=Plur|POS=PRON|Person=3|PronType=Ind",
      "Case=Nom|Gender=Fem|Number=Plur|POS=PRON|Person=3|PronType=Rel",
      "Aspect=Perf|Mood=Ind|Number=Sing|POS=VERB|Person=3|VerbForm=Fin|Voice=Act",
      "Case=Acc|Gender=Masc|Number=Sing|POS=PROPN",
      "Case=Gen|Gender=Fem|Number=Plur|POS=ADJ",
      "Case=Acc|Gender=Masc|Number=Sing|POS=ADJ",
      "Case=Voc|Gender=Fem|Number=Sing|POS=NOUN",
      "Aspect=Imp|Mood=Ind|Number=Plur|POS=VERB|Person=1|Tense=Pres|VerbForm=Fin|Voice=Act",
      "Case=Acc|Gender=Fem|Number=Sing|POS=PRON|Person=3|PronType=Rel",
      "Aspect=Perf|Mood=Ind|Number=Plur|POS=VERB|Person=1|Tense=Past|VerbForm=Fin|Voice=Act",
      "Aspect=Perf|Mood=Ind|Number=Plur|POS=VERB|Person=1|VerbForm=Fin|Voice=Act",
      "Case=Acc|Definite=Ind|Gender=Masc|Number=Sing|POS=DET|PronType=Art",
      "Case=Gen|Gender=Neut|Number=Plur|POS=PRON|Person=3|Poss=Yes|PronType=Prs",
      "Aspect=Imp|Mood=Ind|Number=Plur|POS=VERB|Person=1|Tense=Pres|VerbForm=Fin|Voice=Pass",
      "Case=Nom|Gender=Neut|Number=Plur|POS=PRON|Person=3|PronType=Rel",
      "Case=Gen|Gender=Masc|Number=Plur|POS=PRON|Person=1|Poss=Yes|PronType=Prs",
      "Case=Nom|Definite=Ind|Gender=Fem|Number=Sing|POS=DET|PronType=Art",
      "Case=Acc|Gender=Masc|Number=Plur|POS=PRON|Person=1|PronType=Prs",
      "Case=Acc|Gender=Neut|Number=Sing|POS=PRON|Person=3|PronType=Dem",
      "Aspect=Imp|Mood=Ind|Number=Sing|POS=VERB|Person=1|Tense=Past|VerbForm=Fin|Voice=Act",
      "Case=Gen|Gender=Masc|Number=Sing|POS=PRON|Person=1|Poss=Yes|PronType=Prs",
      "Case=Nom|Definite=Ind|Gender=Neut|Number=Sing|POS=DET|PronType=Art",
      "Aspect=Imp|Mood=Ind|Number=Sing|POS=VERB|Person=1|Tense=Pres|VerbForm=Fin|Voice=Act",
      "Case=Acc|Gender=Masc|Number=Plur|POS=PRON|Person=3|PronType=Dem",
      "Case=Acc|Gender=Neut|Number=Sing|POS=PRON|Person=3|PronType=Ind",
      "Degree=Cmp|POS=ADV",
      "Case=Acc|Gender=Masc|Number=Sing|POS=PRON|Person=3|PronType=Dem",
      "Case=Acc|Gender=Masc|Number=Sing|POS=PRON|Person=1|PronType=Prs",
      "Aspect=Perf|Mood=Ind|Number=Sing|POS=VERB|Person=1|Tense=Past|VerbForm=Fin|Voice=Act",
      "Case=Acc|Gender=Neut|Number=Plur|POS=PRON|Person=3|PronType=Dem",
      "Case=Acc|Gender=Neut|Number=Plur|POS=PRON|Person=3|PronType=Prs",
      "Case=Acc|Gender=Fem|Number=Sing|POS=PRON|Person=3|PronType=Ind,Rel",
      "Case=Nom|Gender=Masc|Number=Plur|POS=PRON|Person=3|PronType=Ind,Rel",
      "Case=Gen|Gender=Neut|Number=Plur|POS=PRON|Person=3|PronType=Dem",
      "Case=Nom|Gender=Fem|NumType=Card|Number=Sing|POS=NUM",
      "Case=Acc|Gender=Fem|Number=Sing|POS=PRON|Person=3|PronType=Ind",
      "Case=Nom|Gender=Masc|Number=Plur|POS=PRON|Person=1|PronType=Prs",
      "Aspect=Perf|Mood=Ind|Number=Plur|POS=VERB|Person=1|Tense=Past|VerbForm=Fin|Voice=Pass",
      "Case=Gen|Gender=Fem|Number=Plur|POS=PRON|Person=3|PronType=Rel",
      "Case=Acc|Gender=Neut|NumType=Card|Number=Sing|POS=NUM",
      "Aspect=Perf|Case=Acc|Gender=Neut|Number=Sing|POS=VERB|VerbForm=Part|Voice=Pass",
      "Case=Gen|Gender=Fem|Number=Sing|POS=PRON|Person=3|PronType=Dem",
      "Case=Gen|Gender=Neut|Number=Sing|POS=PRON|Person=3|Poss=Yes|PronType=Prs",
      "Case=Acc|Gender=Masc|NumType=Ord|Number=Sing|POS=NUM",
      "Case=Gen|Definite=Ind|Gender=Masc|Number=Sing|POS=DET|PronType=Art",
      "Case=Gen|Gender=Masc|NumType=Ord|Number=Sing|POS=NUM",
      "Case=Gen|Definite=Ind|Gender=Fem|Number=Sing|POS=DET|PronType=Art",
      "Case=Nom|Gender=Fem|NumType=Card|Number=Plur|POS=NUM",
      "Case=Voc|Gender=Masc|Number=Sing|POS=NOUN",
      "Aspect=Perf|Mood=Ind|Number=Sing|POS=VERB|Person=1|VerbForm=Fin|Voice=Act",
      "Case=Acc|Gender=Neut|Number=Plur|POS=PRON|Person=3|PronType=Ind,Rel",
      "Case=Gen|Gender=Neut|Number=Sing|POS=PRON|Person=3|PronType=Dem",
      "Case=Acc|Gender=Neut|Number=Plur|POS=PRON|Person=3|PronType=Rel",
      "Case=Gen|Gender=Fem|Number=Plur|POS=PRON|Person=3|PronType=Dem",
      "Case=Acc|Gender=Neut|Number=Sing|POS=PRON|Person=3|PronType=Rel",
      "Case=Acc|Gender=Neut|Number=Sing|POS=PRON|Person=3|PronType=Prs",
      "Case=Acc|Gender=Masc|Number=Plur|POS=PRON|Person=3|PronType=Rel",
      "Case=Voc|Gender=Fem|Number=Plur|POS=NOUN",
      "Case=Voc|Gender=Masc|Number=Plur|POS=NOUN",
      "Case=Gen|Gender=Masc|Number=Plur|POS=PRON|Person=2|PronType=Prs",
      "Case=Acc|Gender=Neut|Number=Sing|POS=PRON|Person=3|PronType=Int",
      "Case=Gen|Gender=Masc|Number=Plur|POS=ADJ",
      "Case=Gen|Gender=Neut|Number=Sing|POS=ADJ",
      "Case=Gen|Definite=Ind|Gender=Neut|Number=Sing|POS=DET|PronType=Art",
      "Case=Nom|Gender=Fem|Number=Plur|POS=PRON|Person=3|PronType=Ind",
      "Case=Nom|Gender=Masc|Number=Plur|POS=PRON|Person=3|PronType=Ind",
      "Case=Acc|Gender=Masc|Number=Plur|POS=PRON|Person=3|PronType=Ind",
      "Case=Nom|Gender=Neut|Number=Sing|POS=PRON|Person=3|PronType=Dem",
      "Case=Gen|Gender=Fem|Number=Plur|POS=PRON|Person=3|Poss=Yes|PronType=Prs",
      "Aspect=Perf|Mood=Ind|Number=Plur|POS=VERB|Person=1|VerbForm=Fin|Voice=Pass",
      "Aspect=Imp|Mood=Ind|Number=Sing|POS=VERB|Person=1|Tense=Pres|VerbForm=Fin|Voice=Pass",
      "Case=Nom|Gender=Masc|Number=Plur|POS=PRON|Person=3|PronType=Dem",
      "Case=Acc|Gender=Masc|Number=Plur|POS=PRON|Person=3|PronType=Prs",
      "Case=Acc|Gender=Fem|Number=Plur|POS=PRON|Person=3|PronType=Dem",
      "Case=Nom|Gender=Masc|Number=Plur|POS=PRON|Person=2|PronType=Prs",
      "Aspect=Perf|Mood=Ind|Number=Plur|POS=VERB|Person=2|Tense=Past|VerbForm=Fin|Voice=Act",
      "Case=Gen|Gender=Masc|Number=Plur|POS=PRON|Person=1|PronType=Prs",
      "Case=Acc|Gender=Masc|Number=Sing|POS=PRON|Person=3|PronType=Rel",
      "Case=Gen|Gender=Masc|Number=Plur|POS=PRON|Person=2|Poss=Yes|PronType=Prs",
      "Case=Acc|Gender=Masc|Number=Sing|POS=PRON|Person=3|PronType=Ind",
      "Case=Acc|Degree=Cmp|Gender=Masc|Number=Sing|POS=ADJ",
      "Case=Nom|Gender=Masc|Number=Sing|POS=PRON|Person=3|PronType=Ind,Rel",
      "Case=Acc|Degree=Cmp|Gender=Neut|Number=Plur|POS=ADJ",
      "Case=Nom|Gender=Neut|Number=Sing|POS=PRON|Person=3|PronType=Ind",
      "Aspect=Perf|Case=Nom|Gender=Masc|Number=Plur|POS=VERB|VerbForm=Part|Voice=Pass",
      "Aspect=Imp|Mood=Ind|Number=Plur|POS=VERB|Person=1|Tense=Past|VerbForm=Fin|Voice=Act",
      "Case=Nom|Degree=Cmp|Gender=Fem|Number=Plur|POS=ADJ",
      "Case=Nom|Gender=Fem|Number=Sing|POS=PRON|Person=3|PronType=Dem",
      "Case=Gen|Gender=Masc|NumType=Card|Number=Plur|POS=NUM",
      "Case=Acc|Gender=Fem|NumType=Card|Number=Plur|POS=NUM",
      "Case=Acc|Gender=Masc|NumType=Card|Number=Plur|POS=NUM",
      "Case=Acc|Degree=Cmp|Gender=Neut|Number=Sing|POS=ADJ",
      "Case=Acc|Gender=Fem|Number=Plur|POS=PROPN",
      "Aspect=Imp|Mood=Ind|Number=Sing|POS=AUX|Person=3|Tense=Past|VerbForm=Fin|Voice=Act",
      "Aspect=Perf|Case=Gen|Gender=Masc|Number=Sing|POS=VERB|VerbForm=Part|Voice=Pass",
      "Case=Gen|Gender=Masc|Number=Sing|POS=PRON|Person=3|PronType=Dem",
      "Case=Gen|Gender=Fem|NumType=Card|Number=Plur|POS=NUM",
      "Case=Nom|Gender=Neut|Number=Sing|POS=PROPN",
      "Aspect=Perf|Case=Acc|Gender=Masc|Number=Sing|POS=VERB|VerbForm=Part|Voice=Pass",
      "Case=Nom|Degree=Sup|Gender=Neut|Number=Plur|POS=ADJ",
      "Case=Nom|Degree=Cmp|Gender=Neut|Number=Plur|POS=ADJ",
      "Aspect=Imp|Mood=Ind|Number=Plur|POS=VERB|Person=2|Tense=Pres|VerbForm=Fin|Voice=Act",
      "Aspect=Perf|Mood=Ind|Number=Plur|POS=VERB|Person=2|VerbForm=Fin|Voice=Act",
      "Aspect=Perf|Mood=Ind|Number=Plur|POS=VERB|Person=2|VerbForm=Fin|Voice=Pass",
      "Case=Acc|Gender=Fem|Number=Sing|POS=PRON|Person=3|PronType=Prs",
      "Case=Nom|Gender=Neut|Number=Sing|POS=PRON|Person=3|PronType=Int",
      "Aspect=Perf|Case=Acc|Gender=Fem|Number=Plur|POS=VERB|VerbForm=Part|Voice=Pass",
      "Abbr=Yes|POS=ADV",
      "Case=Acc|Gender=Neut|Number=Sing|POS=PRON|Person=3|PronType=Ind,Rel",
      "Case=Nom|Gender=Neut|NumType=Ord|Number=Plur|POS=NUM",
      "Aspect=Imp|Mood=Ind|Number=Plur|POS=AUX|Person=3|Tense=Past|VerbForm=Fin|Voice=Act",
      "Case=Dat|Gender=Masc|Number=Sing|POS=NOUN",
      "Case=Nom|Gender=Fem|Number=Plur|POS=PRON|Person=3|PronType=Dem",
      "Aspect=Imp|Mood=Ind|Number=Plur|POS=AUX|Person=1|Tense=Pres|VerbForm=Fin|Voice=Pass",
      "Case=Acc|Degree=Cmp|Gender=Fem|Number=Plur|POS=ADJ",
      "Case=Gen|Degree=Cmp|Gender=Neut|Number=Plur|POS=ADJ",
      "Case=Gen|Gender=Neut|Number=Plur|POS=PRON|Person=3|PronType=Rel",
      "Aspect=Perf|Case=Nom|Gender=Fem|Number=Plur|POS=VERB|VerbForm=Part|Voice=Pass",
      "Case=Nom|Gender=Masc|Number=Sing|POS=PRON|Person=3|PronType=Ind",
      "Case=Dat|Gender=Neut|Number=Sing|POS=NOUN",
      "Case=Gen|Gender=Neut|Number=Plur|POS=PRON|Person=3|PronType=Ind",
      "Case=Acc|Degree=Sup|Gender=Masc|Number=Plur|POS=ADJ",
      "Case=Gen|Gender=Masc|Number=Sing|POS=PRON|Person=3|PronType=Prs",
      "Case=Gen|Gender=Neut|Number=Plur|POS=PRON|Person=3|PronType=Ind,Rel",
      "Case=Gen|Degree=Cmp|Gender=Masc|Number=Plur|POS=ADJ",
      "Case=Nom|Degree=Cmp|Gender=Masc|Number=Plur|POS=ADJ",
      "Case=Nom|Gender=Neut|Number=Plur|POS=PROPN",
      "Case=Gen|Gender=Masc|Number=Plur|POS=PRON|Person=3|PronType=Rel",
      "Case=Dat|Gender=Fem|Number=Sing|POS=NOUN",
      "Case=Gen|Gender=Fem|Number=Sing|POS=PRON|Person=3|PronType=Prs",
      "Aspect=Perf|Case=Acc|Gender=Neut|Number=Plur|POS=VERB|VerbForm=Part|Voice=Pass",
      "Case=Acc|Gender=Fem|NumType=Sets|Number=Plur|POS=NUM",
      "Aspect=Imp|POS=AUX|VerbForm=Conv|Voice=Act",
      "Case=Gen|Gender=Masc|Number=Plur|POS=PRON|Person=3|PronType=Prs",
      "Case=Nom|Gender=Fem|NumType=Ord|Number=Sing|POS=NUM",
      "Case=Nom|Gender=Fem|NumType=Sets|Number=Plur|POS=NUM",
      "Case=Acc|Gender=Neut|Number=Plur|POS=PROPN",
      "Aspect=Imp|Mood=Ind|Number=Plur|POS=AUX|Person=3|Tense=Past|VerbForm=Fin|Voice=Pass",
      "Aspect=Perf|Mood=Imp|Number=Plur|POS=VERB|Person=2|VerbForm=Fin|Voice=Act",
      "Case=Gen|Gender=Masc|Number=Sing|POS=PRON|Person=1|PronType=Prs",
      "Case=Acc|Gender=Masc|Number=Plur|POS=PRON|Person=2|PronType=Prs",
      "Case=Nom|Gender=Masc|Number=Sing|POS=PRON|Person=1|PronType=Prs",
      "Case=Voc|Gender=Masc|Number=Sing|POS=ADJ",
      "Case=Voc|Gender=Masc|Number=Plur|POS=ADJ",
      "Case=Acc|Gender=Masc|NumType=Card|Number=Sing|POS=NUM",
      "Case=Gen|Gender=Fem|Number=Plur|POS=PRON|Person=3|PronType=Ind",
      "Case=Nom|Degree=Cmp|Gender=Fem|Number=Sing|POS=ADJ",
      "Aspect=Perf|Mood=Ind|Number=Sing|POS=VERB|Person=1|VerbForm=Fin|Voice=Pass",
      "Case=Nom|Gender=Masc|NumType=Ord|Number=Sing|POS=NUM",
      "Aspect=Perf|Case=Gen|Gender=Fem|Number=Sing|POS=VERB|VerbForm=Part|Voice=Pass",
      "Aspect=Perf|Mood=Ind|Number=Sing|POS=AUX|Person=3|Tense=Past|VerbForm=Fin|Voice=Pass",
      "Aspect=Perf|Mood=Ind|Number=Plur|POS=AUX|Person=3|Tense=Past|VerbForm=Fin|Voice=Pass",
      "Case=Gen|Degree=Sup|Gender=Fem|Number=Sing|POS=ADJ",
      "Aspect=Imp|Mood=Ind|Number=Sing|POS=AUX|Person=1|Tense=Pres|VerbForm=Fin|Voice=Pass",
      "Case=Nom|Gender=Neut|NumType=Ord|Number=Sing|POS=NUM",
      "Aspect=Perf|Mood=Ind|Number=Sing|POS=VERB|Person=1|Tense=Past|VerbForm=Fin|Voice=Pass",
      "Case=Nom|Gender=Neut|NumType=Card|Number=Sing|POS=NUM",
      "Case=Gen|Gender=Masc|Number=Plur|POS=PRON|Person=3|PronType=Dem",
      "Case=Gen|Degree=Cmp|Gender=Fem|Number=Sing|POS=ADJ",
      "Aspect=Imp|Mood=Ind|Number=Sing|POS=AUX|Person=1|Tense=Pres|VerbForm=Fin|Voice=Act",
      "Case=Acc|Degree=Sup|Gender=Fem|Number=Plur|POS=ADJ",
      "Aspect=Imp|Mood=Ind|Number=Plur|POS=AUX|Person=1|Tense=Pres|VerbForm=Fin|Voice=Act",
      "Case=Dat|Gender=Fem|Number=Sing|POS=ADJ",
      "Case=Gen|Gender=Fem|Number=Sing|POS=PRON|Person=3|PronType=Rel",
      "Case=Gen|Gender=Fem|NumType=Sets|Number=Plur|POS=NUM",
      "Aspect=Perf|Case=Nom|Gender=Fem|Number=Sing|POS=VERB|VerbForm=Part|Voice=Pass",
      "Case=Gen|Gender=Masc|Number=Plur|POS=PRON|Person=3|PronType=Ind,Rel",
      "Aspect=Perf|Mood=Ind|Number=Plur|POS=VERB|Person=2|Tense=Past|VerbForm=Fin|Voice=Pass",
      "Aspect=Imp|Mood=Ind|Number=Plur|POS=AUX|Person=2|Tense=Pres|VerbForm=Fin|Voice=Pass",
      "Case=Gen|Gender=Masc|Number=Sing|POS=PRON|Person=3|PronType=Int",
      "Aspect=Imp|Mood=Ind|Number=Plur|POS=VERB|Person=2|Tense=Past|VerbForm=Fin|Voice=Act",
      "Case=Acc|Gender=Neut|NumType=Ord|Number=Plur|POS=NUM",
      "Case=Nom|Definite=Ind|Gender=Masc|Number=Sing|POS=DET|PronType=Art",
      "Case=Nom|Gender=Masc|Number=Sing|POS=PRON|Person=3|PronType=Dem",
      "Case=Gen|Degree=Sup|Gender=Masc|Number=Plur|POS=ADJ",
      "Case=Acc|Gender=Fem|NumType=Ord|Number=Plur|POS=NUM",
      "Case=Nom|Gender=Fem|NumType=Ord|Number=Plur|POS=NUM",
      "Case=Gen|Degree=Cmp|Gender=Fem|Number=Plur|POS=ADJ",
      "Case=Nom|Degree=Sup|Gender=Fem|Number=Plur|POS=ADJ",
      "Case=Acc|Degree=Sup|Gender=Neut|Number=Sing|POS=ADJ",
      "Case=Nom|Gender=Masc|NumType=Card|Number=Sing|POS=NUM",
      "Case=Acc|Gender=Masc|Number=Sing|POS=PRON|Person=3|PronType=Ind,Rel",
      "Case=Acc|Gender=Fem|NumType=Card|Number=Sing|POS=NUM",
      "Case=Nom|Degree=Sup|Gender=Neut|Number=Sing|POS=ADJ",
      "Case=Acc|Gender=Masc|Number=Sing|POS=PRON|Person=3|PronType=Int",
      "Case=Acc|Gender=Fem|Number=Plur|POS=PRON|Person=3|PronType=Prs",
      "Case=Gen|Gender=Fem|Number=Sing|POS=PRON|Person=3|PronType=Ind",
      "Aspect=Perf|Case=Gen|Gender=Fem|Number=Plur|POS=VERB|VerbForm=Part|Voice=Pass",
      "Case=Nom|Gender=Fem|NumType=Mult|Number=Sing|POS=NUM",
      "Case=Acc|Gender=Masc|Number=Sing|POS=PRON|Person=3|PronType=Prs",
      "Case=Acc|Gender=Masc|NumType=Mult|Number=Sing|POS=NUM",
      "Case=Nom|Degree=Sup|Gender=Masc|Number=Plur|POS=ADJ",
      "Case=Acc|Degree=Cmp|Gender=Masc|Number=Plur|POS=ADJ",
      "Case=Gen|Degree=Cmp|Gender=Neut|Number=Sing|POS=ADJ",
      "Case=Nom|Gender=Fem|Number=Plur|POS=PRON|Person=3|PronType=Int",
      "Case=Gen|Gender=Masc|Number=Plur|POS=PRON|Person=3|PronType=Ind",
      "Degree=Sup|POS=ADV",
      "Aspect=Perf|Mood=Ind|Number=Sing|POS=VERB|Person=2|Tense=Past|VerbForm=Fin|Voice=Pass",
      "Case=Nom|Degree=Sup|Gender=Fem|Number=Sing|POS=ADJ",
      "Case=Nom|Gender=Fem|Number=Sing|POS=PRON|Person=3|PronType=Ind,Rel",
      "Case=Gen|Gender=Neut|Number=Sing|POS=PRON|Person=3|PronType=Prs",
      "Case=Gen|Gender=Fem|Number=Plur|POS=PROPN",
      "Aspect=Imp|Mood=Ind|Number=Plur|POS=VERB|Person=3|Tense=Past|VerbForm=Fin|Voice=Pass",
      "Aspect=Perf|Mood=Ind|Number=Plur|POS=AUX|Person=2|Tense=Past|VerbForm=Fin|Voice=Act",
      "Case=Gen|Gender=Neut|Number=Sing|POS=PRON|Person=3|PronType=Ind",
      "Case=Nom|Gender=Masc|Number=Plur|POS=PRON|Person=3|PronType=Int",
      "Case=Nom|Gender=Neut|Number=Sing|POS=PRON|Person=3|PronType=Ind,Rel",
      "POS=SYM",
      "Case=Gen|Gender=Neut|Number=Sing|POS=PRON|Person=3|PronType=Rel",
      "Case=Nom|Gender=Masc|NumType=Ord|Number=Plur|POS=NUM",
      "Case=Nom|Gender=Fem|Number=Plur|POS=PROPN",
      "Aspect=Perf|Case=Nom|Gender=Neut|Number=Sing|POS=VERB|VerbForm=Part|Voice=Pass",
      "Case=Acc|Gender=Masc|Number=Plur|POS=PRON|Person=3|PronType=Ind,Rel",
      "Aspect=Perf|Case=Gen|Gender=Masc|Number=Plur|POS=VERB|VerbForm=Part|Voice=Pass",
      "Aspect=Imp|Mood=Ind|Number=Plur|POS=AUX|Person=2|Tense=Pres|VerbForm=Fin|Voice=Act",
      "Aspect=Perf|Case=Nom|Gender=Neut|Number=Plur|POS=VERB|VerbForm=Part|Voice=Pass",
      "Case=Acc|Gender=Neut|NumType=Mult|Number=Sing|POS=NUM",
      "Case=Acc|Degree=Sup|Gender=Neut|Number=Plur|POS=ADJ",
      "Aspect=Perf|Case=Acc|Gender=Masc|Number=Plur|POS=VERB|VerbForm=Part|Voice=Pass",
      "Aspect=Imp|Mood=Ind|Number=Plur|POS=VERB|Person=2|Tense=Pres|VerbForm=Fin|Voice=Pass",
      "Case=Nom|Gender=Masc|Number=Sing|POS=PRON|Person=3|PronType=Int",
      "Case=Gen|Gender=Neut|NumType=Ord|Number=Sing|POS=NUM",
      "Aspect=Perf|Case=Nom|Gender=Masc|Number=Sing|POS=VERB|VerbForm=Part|Voice=Pass",
      "Case=Dat|Definite=Def|Gender=Neut|Number=Sing|POS=DET|PronType=Art",
      "Case=Gen|Gender=Masc|Number=Sing|POS=PRON|Person=3|PronType=Ind",
      "Case=Gen|Gender=Fem|NumType=Ord|Number=Plur|POS=NUM",
      "Case=Dat|Definite=Def|Gender=Fem|Number=Sing|POS=DET|PronType=Art",
      "Case=Gen|Degree=Cmp|Gender=Masc|Number=Sing|POS=ADJ"
    ],
    "parser": [
      "ROOT",
      "acl",
      "acl:relcl",
      "advcl",
      "advmod",
      "amod",
      "appos",
      "aux",
      "case",
      "cc",
      "ccomp",
      "conj",
      "cop",
      "csubj",
      "csubj:pass",
      "dep",
      "det",
      "fixed",
      "flat",
      "iobj",
      "mark",
      "nmod",
      "nsubj",
      "nsubj:pass",
      "nummod",
      "obj",
      "obl",
      "obl:agent",
      "parataxis",
      "punct",
      "vocative",
      "xcomp"
    ],
    "senter": [
      "I",
      "S"
    ],
    "attribute_ruler": [],
    "lemmatizer": [],
    "ner": [
      "EVENT",
      "GPE",
      "LOC",
      "ORG",
      "PERSON",
      "PRODUCT"
    ]
  },
  "pipeline": [
    "tok2vec",
    "morphologizer",
    "parser",
    "attribute_ruler",
    "lemmatizer",
    "ner"
  ],
  "components": [
    "tok2vec",
    "morphologizer",
    "parser",
    "senter",
    "attribute_ruler",
    "lemmatizer",
    "ner"
  ],
  "disabled": [
    "senter"
  ],
  "performance": {
    "token_acc": 1.0,
    "tag_acc": 0.9349701721,
    "pos_acc": 0.9649460139,
    "morph_acc": 0.9168268994,
    "lemma_acc": 0.5655968052,
    "dep_uas": 0.8808176273,
    "dep_las": 0.8492774328,
    "sents_p": 0.9164619165,
    "sents_r": 0.9255583127,
    "sents_f": 0.9209876543,
    "speed": 3094.9893702595,
    "morph_per_feat": {
      "Abbr": {
        "p": 0.9638554217,
        "r": 0.8602150538,
        "f": 0.9090909091
      },
      "Case": {
        "p": 0.9394544245,
        "r": 0.9416472157,
        "f": 0.940549542
      },
      "Gender": {
        "p": 0.9451097804,
        "r": 0.9473157719,
        "f": 0.9462114904
      },
      "Number": {
        "p": 0.9825673534,
        "r": 0.9844110855,
        "f": 0.9834883553
      },
      "Aspect": {
        "p": 0.9562118126,
        "r": 0.9427710843,
        "f": 0.9494438827
      },
      "Mood": {
        "p": 0.9935414424,
        "r": 0.9924731183,
        "f": 0.993006993
      },
      "Person": {
        "p": 0.9859675037,
        "r": 0.978021978,
        "f": 0.9819786686
      },
      "Tense": {
        "p": 0.9868938401,
        "r": 0.9817470665,
        "f": 0.9843137255
      },
      "VerbForm": {
        "p": 0.9867617108,
        "r": 0.9728915663,
        "f": 0.9797775531
      },
      "Voice": {
        "p": 0.9765784114,
        "r": 0.9628514056,
        "f": 0.9696663296
      },
      "Definite": {
        "p": 0.9886685552,
        "r": 0.9977129788,
        "f": 0.9931701764
      },
      "PronType": {
        "p": 0.9858447489,
        "r": 0.9885531136,
        "f": 0.9871970736
      },
      "Foreign": {
        "p": 0.7928571429,
        "r": 0.6894409938,
        "f": 0.7375415282
      },
      "NumType": {
        "p": 0.9692307692,
        "r": 0.9219512195,
        "f": 0.945
      },
      "Poss": {
        "p": 0.9213483146,
        "r": 0.9213483146,
        "f": 0.9213483146
      },
      "Degree": {
        "p": 0.8666666667,
        "r": 0.6842105263,
        "f": 0.7647058824
      }
    },
    "dep_las_per_type": {
      "root": {
        "p": 0.8771498771,
        "r": 0.8858560794,
        "f": 0.8814814815
      },
      "nmod": {
        "p": 0.8143100511,
        "r": 0.8213058419,
        "f": 0.8177929855
      },
      "vocative": {
        "p": 1.0,
        "r": 0.5714285714,
        "f": 0.7272727273
      },
      "cc": {
        "p": 0.85,
        "r": 0.8473520249,
        "f": 0.848673947
      },
      "conj": {
        "p": 0.5,
        "r": 0.4862637363,
        "f": 0.4930362117
      },
      "aux": {
        "p": 0.9814814815,
        "r": 0.9742647059,
        "f": 0.9778597786
      },
      "advmod": {
        "p": 0.7733711048,
        "r": 0.7690140845,
        "f": 0.7711864407
      },
      "ccomp": {
        "p": 0.8260869565,
        "r": 0.8260869565,
        "f": 0.8260869565
      },
      "det": {
        "p": 0.9628232759,
        "r": 0.9711956522,
        "f": 0.966991342
      },
      "obj": {
        "p": 0.8652694611,
        "r": 0.8784194529,
        "f": 0.8717948718
      },
      "flat": {
        "p": 0.6788990826,
        "r": 0.7474747475,
        "f": 0.7115384615
      },
      "case": {
        "p": 0.9605963791,
        "r": 0.9636752137,
        "f": 0.9621333333
      },
      "amod": {
        "p": 0.925093633,
        "r": 0.8992718447,
        "f": 0.912
      },
      "obl": {
        "p": 0.7770992366,
        "r": 0.8015748031,
        "f": 0.7891472868
      },
      "acl:relcl": {
        "p": 0.7471264368,
        "r": 0.7065217391,
        "f": 0.7262569832
      },
      "mark": {
        "p": 0.9097222222,
        "r": 0.9160839161,
        "f": 0.9128919861
      },
      "nsubj:pass": {
        "p": 0.7865853659,
        "r": 0.7818181818,
        "f": 0.7841945289
      },
      "nsubj": {
        "p": 0.7690531178,
        "r": 0.7780373832,
        "f": 0.7735191638
      },
      "cop": {
        "p": 0.7857142857,
        "r": 0.7623762376,
        "f": 0.7738693467
      },
      "parataxis": {
        "p": 0.125,
        "r": 0.0588235294,
        "f": 0.08
      },
      "nummod": {
        "p": 0.8488372093,
        "r": 0.8795180723,
        "f": 0.8639053254
      },
      "advcl": {
        "p": 0.5041322314,
        "r": 0.5754716981,
        "f": 0.5374449339
      },
      "xcomp": {
        "p": 0.7972972973,
        "r": 0.7023809524,
        "f": 0.746835443
      },
      "csubj": {
        "p": 0.8823529412,
        "r": 0.6818181818,
        "f": 0.7692307692
      },
      "fixed": {
        "p": 0.3,
        "r": 0.4285714286,
        "f": 0.3529411765
      },
      "compound": {
        "p": 0.0,
        "r": 0.0,
        "f": 0.0
      },
      "appos": {
        "p": 0.3076923077,
        "r": 0.2448979592,
        "f": 0.2727272727
      },
      "acl": {
        "p": 0.7916666667,
        "r": 0.4318181818,
        "f": 0.5588235294
      },
      "csubj:pass": {
        "p": 1.0,
        "r": 0.8333333333,
        "f": 0.9090909091
      },
      "obl:agent": {
        "p": 0.8,
        "r": 0.48,
        "f": 0.6
      },
      "dep": {
        "p": 0.0,
        "r": 0.0,
        "f": 0.0
      },
      "orphan": {
        "p": 0.0,
        "r": 0.0,
        "f": 0.0
      },
      "iobj": {
        "p": 0.6666666667,
        "r": 1.0,
        "f": 0.8
      },
      "expl": {
        "p": 0.0,
        "r": 0.0,
        "f": 0.0
      }
    },
    "ents_p": 0.7644628099,
    "ents_r": 0.7773109244,
    "ents_f": 0.7708333333,
    "ents_per_type": {
      "PERSON": {
        "p": 0.9,
        "r": 0.84375,
        "f": 0.8709677419
      },
      "GPE": {
        "p": 0.806122449,
        "r": 0.908045977,
        "f": 0.8540540541
      },
      "ORG": {
        "p": 0.6351351351,
        "r": 0.661971831,
        "f": 0.6482758621
      },
      "PRODUCT": {
        "p": 0.4,
        "r": 0.25,
        "f": 0.3076923077
      },
      "EVENT": {
        "p": 0.6,
        "r": 0.5,
        "f": 0.5454545455
      },
      "LOC": {
        "p": 0.0,
        "r": 0.0,
        "f": 0.0
      }
    }
  },
  "sources": [
    {
      "name": "UD Greek GDT v2.5",
      "url": "https://github.com/UniversalDependencies/UD_Greek-GDT",
      "license": "CC BY-NC-SA 3.0",
      "author": "Prokopidis, Prokopis"
    },
    {
      "name": "Greek NER Corpus (Google Summer of Code 2018)",
      "url": "https://github.com/eellak/gsoc2018-spacy",
      "license": "MIT",
      "author": "Giannis Daras"
    },
    {
      "name": "spaCy lookups data",
      "author": "Explosion",
      "url": "https://github.com/explosion/spacy-lookups-data",
      "license": "MIT"
    },
    {
      "name": "Explosion fastText Vectors (cbow, OSCAR Common Crawl + Wikipedia)",
      "url": "https://spacy.io",
      "license": "CC0",
      "author": "Explosion"
    }
  ],
  "requirements": [],
  "size": "542 MB",
  "checksum": "7cc6baef54be12d835d2866e088b0b183615ba52e9fe8fc684a3f956f22bc8bd",
  "checksum_whl": "f4ada4425d07c8679c7ef7d5c7ab31bd611b35e44dc15c689933d6cbac5109b8"
}