{
  "lang": "en",
  "name": "core_web_md",
  "version": "3.0.0",
  "description": "English pipeline optimized for CPU. Components: tok2vec, tagger, parser, senter, ner, attribute_ruler, lemmatizer.",
  "author": "Explosion",
  "email": "contact@explosion.ai",
  "url": "https://explosion.ai",
  "license": "MIT",
  "spacy_version": ">=3.0.0,<3.1.0",
  "spacy_git_version": "e7db07a0b",
  "vectors": {
    "width": 300,
    "vectors": 20000,
    "keys": 684830,
    "name": "en_vectors"
  },
  "labels": {
    "tok2vec": [],
    "tagger": [
      "$",
      "''",
      ",",
      "-LRB-",
      "-RRB-",
      ".",
      ":",
      "ADD",
      "AFX",
      "CC",
      "CD",
      "DT",
      "EX",
      "FW",
      "HYPH",
      "IN",
      "JJ",
      "JJR",
      "JJS",
      "LS",
      "MD",
      "NFP",
      "NN",
      "NNP",
      "NNPS",
      "NNS",
      "PDT",
      "POS",
      "PRP",
      "PRP$",
      "RB",
      "RBR",
      "RBS",
      "RP",
      "SYM",
      "TO",
      "UH",
      "VB",
      "VBD",
      "VBG",
      "VBN",
      "VBP",
      "VBZ",
      "WDT",
      "WP",
      "WP$",
      "WRB",
      "XX",
      "``"
    ],
    "parser": [
      "ROOT",
      "acl",
      "acomp",
      "advcl",
      "advmod",
      "agent",
      "amod",
      "appos",
      "attr",
      "aux",
      "auxpass",
      "case",
      "cc",
      "ccomp",
      "compound",
      "conj",
      "csubj",
      "csubjpass",
      "dative",
      "dep",
      "det",
      "dobj",
      "expl",
      "intj",
      "mark",
      "meta",
      "neg",
      "nmod",
      "npadvmod",
      "nsubj",
      "nsubjpass",
      "nummod",
      "oprd",
      "parataxis",
      "pcomp",
      "pobj",
      "poss",
      "preconj",
      "predet",
      "prep",
      "prt",
      "punct",
      "quantmod",
      "relcl",
      "xcomp"
    ],
    "senter": [
      "I",
      "S"
    ],
    "ner": [
      "CARDINAL",
      "DATE",
      "EVENT",
      "FAC",
      "GPE",
      "LANGUAGE",
      "LAW",
      "LOC",
      "MONEY",
      "NORP",
      "ORDINAL",
      "ORG",
      "PERCENT",
      "PERSON",
      "PRODUCT",
      "QUANTITY",
      "TIME",
      "WORK_OF_ART"
    ],
    "attribute_ruler": [],
    "lemmatizer": []
  },
  "pipeline": [
    "tok2vec",
    "tagger",
    "parser",
    "ner",
    "attribute_ruler",
    "lemmatizer"
  ],
  "components": [
    "tok2vec",
    "tagger",
    "parser",
    "senter",
    "ner",
    "attribute_ruler",
    "lemmatizer"
  ],
  "disabled": [
    "senter"
  ],
  "performance": {
    "token_acc": 0.9993053983,
    "tag_acc": 0.9733407463,
    "dep_uas": 0.9197408204,
    "dep_las": 0.9014937818,
    "ents_p": 0.8555471317,
    "ents_r": 0.8477063301,
    "ents_f": 0.8516086836,
    "sents_p": 0.9005737428,
    "sents_r": 0.8801372122,
    "sents_f": 0.8902382064,
    "speed": 9932.0395294483,
    "dep_las_per_type": {
      "prep": {
        "p": 0.8552631579,
        "r": 0.8656801366,
        "f": 0.8604401199
      },
      "det": {
        "p": 0.9782396088,
        "r": 0.9787980103,
        "f": 0.9785187299
      },
      "pobj": {
        "p": 0.9620193993,
        "r": 0.9698016886,
        "f": 0.9658948686
      },
      "nsubj": {
        "p": 0.9605714031,
        "r": 0.9456736035,
        "f": 0.9530642882
      },
      "aux": {
        "p": 0.9803730018,
        "r": 0.9827294578,
        "f": 0.9815498155
      },
      "advmod": {
        "p": 0.8562030868,
        "r": 0.8541140838,
        "f": 0.8551573095
      },
      "relcl": {
        "p": 0.7669146298,
        "r": 0.7855587808,
        "f": 0.7761247535
      },
      "root": {
        "p": 0.9168413224,
        "r": 0.8945840755,
        "f": 0.9055759599
      },
      "xcomp": {
        "p": 0.8816067653,
        "r": 0.8980617373,
        "f": 0.8897581792
      },
      "amod": {
        "p": 0.921858707,
        "r": 0.9164237123,
        "f": 0.9191331752
      },
      "compound": {
        "p": 0.9207795773,
        "r": 0.9340610381,
        "f": 0.9273727572
      },
      "poss": {
        "p": 0.974632575,
        "r": 0.9744363929,
        "f": 0.9745344741
      },
      "ccomp": {
        "p": 0.7759910247,
        "r": 0.8452138493,
        "f": 0.8091245857
      },
      "attr": {
        "p": 0.9024390244,
        "r": 0.9335576114,
        "f": 0.9177346011
      },
      "case": {
        "p": 0.9777777778,
        "r": 0.990990991,
        "f": 0.9843400447
      },
      "mark": {
        "p": 0.9067164179,
        "r": 0.9014308426,
        "f": 0.9040659049
      },
      "intj": {
        "p": 0.6888888889,
        "r": 0.6358974359,
        "f": 0.6613333333
      },
      "advcl": {
        "p": 0.6740570846,
        "r": 0.6660790733,
        "f": 0.6700443319
      },
      "cc": {
        "p": 0.8358011316,
        "r": 0.8304030618,
        "f": 0.8330933525
      },
      "neg": {
        "p": 0.9445831253,
        "r": 0.9493226292,
        "f": 0.9469469469
      },
      "conj": {
        "p": 0.7600147005,
        "r": 0.7809667674,
        "f": 0.7703482958
      },
      "nsubjpass": {
        "p": 0.9275737196,
        "r": 0.9194871795,
        "f": 0.9235127479
      },
      "auxpass": {
        "p": 0.9484444444,
        "r": 0.9722095672,
        "f": 0.9601799775
      },
      "dobj": {
        "p": 0.9235078982,
        "r": 0.9457327277,
        "f": 0.934488189
      },
      "nummod": {
        "p": 0.9400663096,
        "r": 0.9308080808,
        "f": 0.9354142875
      },
      "npadvmod": {
        "p": 0.7835564054,
        "r": 0.7278863233,
        "f": 0.7546961326
      },
      "prt": {
        "p": 0.8154224774,
        "r": 0.8906810036,
        "f": 0.851391863
      },
      "pcomp": {
        "p": 0.8814035088,
        "r": 0.8795518207,
        "f": 0.8804766912
      },
      "expl": {
        "p": 0.9809725159,
        "r": 0.9935760171,
        "f": 0.9872340426
      },
      "acl": {
        "p": 0.7563805104,
        "r": 0.7114020731,
        "f": 0.7332021366
      },
      "agent": {
        "p": 0.901384083,
        "r": 0.9336917563,
        "f": 0.9172535211
      },
      "dative": {
        "p": 0.7725,
        "r": 0.7087155963,
        "f": 0.7392344498
      },
      "acomp": {
        "p": 0.9147961521,
        "r": 0.9056689342,
        "f": 0.9102096627
      },
      "dep": {
        "p": 0.4160305344,
        "r": 0.1769480519,
        "f": 0.2482915718
      },
      "csubj": {
        "p": 0.7533333333,
        "r": 0.6686390533,
        "f": 0.7084639498
      },
      "quantmod": {
        "p": 0.8553682343,
        "r": 0.7831031682,
        "f": 0.8176420696
      },
      "nmod": {
        "p": 0.7716150082,
        "r": 0.5764777575,
        "f": 0.6599232647
      },
      "appos": {
        "p": 0.6870263041,
        "r": 0.6685466377,
        "f": 0.6776605101
      },
      "predet": {
        "p": 0.8333333333,
        "r": 0.9012875536,
        "f": 0.8659793814
      },
      "preconj": {
        "p": 0.5471698113,
        "r": 0.6744186047,
        "f": 0.6041666667
      },
      "oprd": {
        "p": 0.8293515358,
        "r": 0.7253731343,
        "f": 0.7738853503
      },
      "parataxis": {
        "p": 0.6101694915,
        "r": 0.4685466377,
        "f": 0.5300613497
      },
      "csubjpass": {
        "p": 0.5,
        "r": 0.6666666667,
        "f": 0.5714285714
      },
      "meta": {
        "p": 0.9047619048,
        "r": 0.3653846154,
        "f": 0.5205479452
      }
    },
    "ents_per_type": {
      "DATE": {
        "p": 0.8651968504,
        "r": 0.8720634921,
        "f": 0.8686166008
      },
      "GPE": {
        "p": 0.9210526316,
        "r": 0.9079497908,
        "f": 0.9144542773
      },
      "ORDINAL": {
        "p": 0.7790055249,
        "r": 0.8757763975,
        "f": 0.8245614035
      },
      "LOC": {
        "p": 0.6826568266,
        "r": 0.5891719745,
        "f": 0.6324786325
      },
      "ORG": {
        "p": 0.8205533597,
        "r": 0.8255567338,
        "f": 0.8230474428
      },
      "QUANTITY": {
        "p": 0.8041958042,
        "r": 0.6318681319,
        "f": 0.7076923077
      },
      "CARDINAL": {
        "p": 0.8167130919,
        "r": 0.8715814507,
        "f": 0.8432556802
      },
      "PERSON": {
        "p": 0.8758556316,
        "r": 0.9187336815,
        "f": 0.8967824148
      },
      "NORP": {
        "p": 0.9159802306,
        "r": 0.8896,
        "f": 0.9025974026
      },
      "FAC": {
        "p": 0.4351851852,
        "r": 0.3615384615,
        "f": 0.3949579832
      },
      "MONEY": {
        "p": 0.9020310633,
        "r": 0.8913813459,
        "f": 0.8966745843
      },
      "TIME": {
        "p": 0.7168674699,
        "r": 0.6959064327,
        "f": 0.706231454
      },
      "PRODUCT": {
        "p": 0.6666666667,
        "r": 0.2559241706,
        "f": 0.3698630137
      },
      "WORK_OF_ART": {
        "p": 0.4696969697,
        "r": 0.3195876289,
        "f": 0.3803680982
      },
      "EVENT": {
        "p": 0.5869565217,
        "r": 0.3103448276,
        "f": 0.4060150376
      },
      "LAW": {
        "p": 0.6041666667,
        "r": 0.453125,
        "f": 0.5178571429
      },
      "PERCENT": {
        "p": 0.923566879,
        "r": 0.8882082695,
        "f": 0.9055425449
      },
      "LANGUAGE": {
        "p": 0.7083333333,
        "r": 0.53125,
        "f": 0.6071428571
      }
    }
  },
  "sources": [
    {
      "name": "OntoNotes 5",
      "url": "https://catalog.ldc.upenn.edu/LDC2013T19",
      "license": "commercial (licensed by Explosion)"
    }
  ],
  "requirements": [],
  "size": "44 MB",
  "checksum": "45757583a3c9d15c6895cf4bf9512e86243bab8cda51512c127f5cbdc34ac630",
  "checksum_whl": "8b8e01146ab3ac6b5b8f7ed9484c46ece78e755970800f90c203abb7a0c32770"
}