{
  "accuracy": {
    "ents_f": 86.1972773934,
    "ents_p": 86.0484544695,
    "ents_r": 86.3466159951,
    "las": 90.343103398,
    "tags_acc": 96.9774055116,
    "token_acc": 99.17262232,
    "uas": 92.091792562
  },
  "author": "Explosion AI",
  "description": "English multi-task CNN trained on OntoNotes, with GloVe vectors trained on Common Crawl. Assigns word vectors, context-specific token vectors, POS tags, dependency parse and named entities.",
  "email": "contact@explosion.ai",
  "lang": "en",
  "license": "MIT",
  "name": "core_web_lg",
  "parent_package": "spacy-nightly",
  "pipeline": [
    "tagger",
    "parser",
    "ner"
  ],
  "sources": [
    "OntoNotes 5",
    "Common Crawl"
  ],
  "spacy_version": ">=2.1.0a0",
  "speed": {
    "cpu": 6512.5850566778,
    "gpu": null,
    "nwords": 291344
  },
  "url": "https://explosion.ai",
  "vectors": {
    "keys": 684830,
    "name": "en_model.vectors",
    "vectors": 684831,
    "width": 300
  },
  "version": "2.1.0a0",
  "size": "805 MB",
  "checksum": "d793080b1ee9358fc43b12b3f96c79f5f636885bdb213076aeba4fa9e5e37779"
}