{
  "lang": "en",
  "name": "core_web_sm",
  "version": "3.0.0a1",
  "description": "English pipeline optimized for CPU. Components: tok2vec, tagger, parser, senter, ner, attribute_ruler, lemmatizer.",
  "author": "Explosion",
  "email": "contact@explosion.ai",
  "url": "https://explosion.ai",
  "license": "MIT",
  "spacy_version": ">=3.0.0rc3,<3.1.0",
  "spacy_git_version": "43a752a2a",
  "vectors": {
    "width": 0,
    "vectors": 0,
    "keys": 0,
    "name": null
  },
  "labels": {
    "tok2vec": [],
    "tagger": [
      "$",
      "''",
      ",",
      "-LRB-",
      "-RRB-",
      ".",
      ":",
      "ADD",
      "AFX",
      "CC",
      "CD",
      "DT",
      "EX",
      "FW",
      "HYPH",
      "IN",
      "JJ",
      "JJR",
      "JJS",
      "LS",
      "MD",
      "NFP",
      "NN",
      "NNP",
      "NNPS",
      "NNS",
      "PDT",
      "POS",
      "PRP",
      "PRP$",
      "RB",
      "RBR",
      "RBS",
      "RP",
      "SYM",
      "TO",
      "UH",
      "VB",
      "VBD",
      "VBG",
      "VBN",
      "VBP",
      "VBZ",
      "WDT",
      "WP",
      "WP$",
      "WRB",
      "XX",
      "``"
    ],
    "parser": [
      "ROOT",
      "acl",
      "acomp",
      "advcl",
      "advmod",
      "agent",
      "amod",
      "appos",
      "attr",
      "aux",
      "auxpass",
      "case",
      "cc",
      "ccomp",
      "compound",
      "conj",
      "csubj",
      "csubjpass",
      "dative",
      "dep",
      "det",
      "dobj",
      "expl",
      "intj",
      "mark",
      "meta",
      "neg",
      "nmod",
      "npadvmod",
      "nsubj",
      "nsubjpass",
      "nummod",
      "oprd",
      "parataxis",
      "pcomp",
      "pobj",
      "poss",
      "preconj",
      "predet",
      "prep",
      "prt",
      "punct",
      "quantmod",
      "relcl",
      "xcomp"
    ],
    "senter": [
      "I",
      "S"
    ],
    "ner": [
      "CARDINAL",
      "DATE",
      "EVENT",
      "FAC",
      "GPE",
      "LANGUAGE",
      "LAW",
      "LOC",
      "MONEY",
      "NORP",
      "ORDINAL",
      "ORG",
      "PERCENT",
      "PERSON",
      "PRODUCT",
      "QUANTITY",
      "TIME",
      "WORK_OF_ART"
    ],
    "attribute_ruler": [],
    "lemmatizer": []
  },
  "pipeline": [
    "tok2vec",
    "tagger",
    "parser",
    "ner",
    "attribute_ruler",
    "lemmatizer"
  ],
  "components": [
    "tok2vec",
    "tagger",
    "parser",
    "senter",
    "ner",
    "attribute_ruler",
    "lemmatizer"
  ],
  "disabled": [
    "senter"
  ],
  "performance": {
    "token_acc": 0.9993053983,
    "tag_acc": 0.9718794067,
    "dep_uas": 0.9152022185,
    "dep_las": 0.8963897834,
    "ents_p": 0.8476757197,
    "ents_r": 0.8346854968,
    "ents_f": 0.8411304567,
    "sents_p": 0.8993329703,
    "sents_r": 0.8716274161,
    "sents_f": 0.8852634753,
    "speed": 10691.9958177067,
    "dep_las_per_type": {
      "prep": {
        "p": 0.8524233209,
        "r": 0.861544299,
        "f": 0.8569595411
      },
      "det": {
        "p": 0.9763901327,
        "r": 0.9779825491,
        "f": 0.9771856922
      },
      "pobj": {
        "p": 0.9599127352,
        "r": 0.9676025918,
        "f": 0.9637423241
      },
      "nsubj": {
        "p": 0.9564946064,
        "r": 0.940109529,
        "f": 0.948231291
      },
      "aux": {
        "p": 0.9784517159,
        "r": 0.9822843408,
        "f": 0.9803642825
      },
      "advmod": {
        "p": 0.8534962089,
        "r": 0.8523472993,
        "f": 0.8529213672
      },
      "relcl": {
        "p": 0.7627360171,
        "r": 0.776850508,
        "f": 0.7697285637
      },
      "root": {
        "p": 0.9088005437,
        "r": 0.882182202,
        "f": 0.8952935663
      },
      "xcomp": {
        "p": 0.8732984293,
        "r": 0.8980617373,
        "f": 0.8855069899
      },
      "amod": {
        "p": 0.9129983793,
        "r": 0.9124068675,
        "f": 0.9127025275
      },
      "compound": {
        "p": 0.9157587763,
        "r": 0.92687681,
        "f": 0.9212842513
      },
      "poss": {
        "p": 0.9725065222,
        "r": 0.9754428341,
        "f": 0.9739724651
      },
      "ccomp": {
        "p": 0.7752979005,
        "r": 0.8348268839,
        "f": 0.8039619496
      },
      "attr": {
        "p": 0.8970528866,
        "r": 0.9343986543,
        "f": 0.9153450051
      },
      "case": {
        "p": 0.975308642,
        "r": 0.9884884885,
        "f": 0.9818543376
      },
      "mark": {
        "p": 0.9017048482,
        "r": 0.8969263381,
        "f": 0.8993092455
      },
      "intj": {
        "p": 0.5814116003,
        "r": 0.6095238095,
        "f": 0.5951359084
      },
      "advcl": {
        "p": 0.6656457376,
        "r": 0.656761521,
        "f": 0.6611737863
      },
      "cc": {
        "p": 0.8286469599,
        "r": 0.8247817247,
        "f": 0.8267098244
      },
      "neg": {
        "p": 0.9436970603,
        "r": 0.9503261415,
        "f": 0.947
      },
      "conj": {
        "p": 0.7536320352,
        "r": 0.7770644512,
        "f": 0.7651688875
      },
      "nsubjpass": {
        "p": 0.9217527387,
        "r": 0.9061538462,
        "f": 0.9138867339
      },
      "auxpass": {
        "p": 0.9466192171,
        "r": 0.969476082,
        "f": 0.9579113212
      },
      "dobj": {
        "p": 0.919036519,
        "r": 0.9425452227,
        "f": 0.9306424328
      },
      "nummod": {
        "p": 0.933773154,
        "r": 0.9292929293,
        "f": 0.9315276547
      },
      "npadvmod": {
        "p": 0.7582744515,
        "r": 0.7243339254,
        "f": 0.7409156977
      },
      "prt": {
        "p": 0.8142031379,
        "r": 0.8835125448,
        "f": 0.8474430597
      },
      "pcomp": {
        "p": 0.8704481793,
        "r": 0.8704481793,
        "f": 0.8704481793
      },
      "expl": {
        "p": 0.9789029536,
        "r": 0.9935760171,
        "f": 0.9861849097
      },
      "acl": {
        "p": 0.7334102712,
        "r": 0.6933987998,
        "f": 0.7128435222
      },
      "agent": {
        "p": 0.8948275862,
        "r": 0.9301075269,
        "f": 0.9121265378
      },
      "dative": {
        "p": 0.7690288714,
        "r": 0.6720183486,
        "f": 0.7172582619
      },
      "acomp": {
        "p": 0.9024278516,
        "r": 0.8934240363,
        "f": 0.8979033728
      },
      "dep": {
        "p": 0.389380531,
        "r": 0.1428571429,
        "f": 0.2090261283
      },
      "csubj": {
        "p": 0.6666666667,
        "r": 0.6153846154,
        "f": 0.64
      },
      "quantmod": {
        "p": 0.8633928571,
        "r": 0.7855402112,
        "f": 0.8226286687
      },
      "nmod": {
        "p": 0.7462211615,
        "r": 0.5716026813,
        "f": 0.6473429952
      },
      "appos": {
        "p": 0.6785237884,
        "r": 0.6620390456,
        "f": 0.6701800615
      },
      "predet": {
        "p": 0.8477366255,
        "r": 0.8841201717,
        "f": 0.8655462185
      },
      "preconj": {
        "p": 0.580952381,
        "r": 0.7093023256,
        "f": 0.6387434555
      },
      "oprd": {
        "p": 0.8149350649,
        "r": 0.7492537313,
        "f": 0.7807153966
      },
      "meta": {
        "p": 0.3076923077,
        "r": 0.2307692308,
        "f": 0.2637362637
      },
      "parataxis": {
        "p": 0.584,
        "r": 0.4750542299,
        "f": 0.523923445
      },
      "csubjpass": {
        "p": 0.8333333333,
        "r": 0.8333333333,
        "f": 0.8333333333
      }
    },
    "ents_per_type": {
      "DATE": {
        "p": 0.8639498433,
        "r": 0.8749206349,
        "f": 0.8694006309
      },
      "GPE": {
        "p": 0.9228769497,
        "r": 0.8912133891,
        "f": 0.9067688378
      },
      "ORDINAL": {
        "p": 0.7709497207,
        "r": 0.8571428571,
        "f": 0.8117647059
      },
      "ORG": {
        "p": 0.8057248874,
        "r": 0.8059384942,
        "f": 0.8058316766
      },
      "QUANTITY": {
        "p": 0.8235294118,
        "r": 0.6153846154,
        "f": 0.7044025157
      },
      "CARDINAL": {
        "p": 0.8169014085,
        "r": 0.8620689655,
        "f": 0.8388776396
      },
      "PERSON": {
        "p": 0.8393462843,
        "r": 0.888381201,
        "f": 0.8631679087
      },
      "NORP": {
        "p": 0.9109477124,
        "r": 0.892,
        "f": 0.9013742926
      },
      "FAC": {
        "p": 0.39,
        "r": 0.3,
        "f": 0.3391304348
      },
      "TIME": {
        "p": 0.7392638037,
        "r": 0.7046783626,
        "f": 0.7215568862
      },
      "LOC": {
        "p": 0.7425373134,
        "r": 0.6337579618,
        "f": 0.6838487973
      },
      "WORK_OF_ART": {
        "p": 0.4859813084,
        "r": 0.2680412371,
        "f": 0.3455149502
      },
      "EVENT": {
        "p": 0.5913978495,
        "r": 0.316091954,
        "f": 0.4119850187
      },
      "LAW": {
        "p": 0.44,
        "r": 0.34375,
        "f": 0.3859649123
      },
      "MONEY": {
        "p": 0.9163679809,
        "r": 0.9055489965,
        "f": 0.9109263658
      },
      "PERCENT": {
        "p": 0.9092356688,
        "r": 0.8744257274,
        "f": 0.8914910226
      },
      "LANGUAGE": {
        "p": 0.7407407407,
        "r": 0.625,
        "f": 0.6779661017
      },
      "PRODUCT": {
        "p": 0.5384615385,
        "r": 0.1658767773,
        "f": 0.2536231884
      }
    }
  },
  "sources": [
    {
      "name": "OntoNotes 5",
      "url": "https://catalog.ldc.upenn.edu/LDC2013T19",
      "license": "commercial (licensed by Explosion)"
    }
  ],
  "requirements": [],
  "parent_package": "spacy-nightly",
  "size": "13 MB",
  "checksum": "05bf9df87cecd7ab8a672b744ae293a045c1c2ea3402db8ce8bd4a4330c8766c"
}