{
  "lang": "en",
  "name": "core_web_md",
  "license": "MIT",
  "author": "Explosion",
  "url": "https://explosion.ai",
  "email": "contact@explosion.ai",
  "description": "English multi-task CNN trained on OntoNotes, with GloVe vectors trained on Common Crawl. Assigns word vectors, POS tags, dependency parse and named entities.",
  "sources": [
    {
      "name": "OntoNotes 5",
      "url": "https://catalog.ldc.upenn.edu/LDC2013T19",
      "license": "commercial (licensed by Explosion)"
    },
    {
      "name": "GloVe Common Crawl",
      "author": "Jeffrey Pennington, Richard Socher, and Christopher D. Manning",
      "url": "https://nlp.stanford.edu/projects/glove/",
      "license": "Public Domain Dedication and License v1.0"
    }
  ],
  "pipeline": [
    "tagger",
    "parser",
    "ner"
  ],
  "version": "2.3.0",
  "spacy_version": ">=2.3.0,<2.4.0",
  "parent_package": "spacy",
  "accuracy": {
    "las": 90.068835253,
    "uas": 91.8871763916,
    "token_acc": 99.7576498212,
    "las_per_type": {
      "nsubj": {
        "p": 95.6253579453,
        "r": 95.0808182575,
        "f": 95.352310666
      },
      "root": {
        "p": 89.1155153614,
        "r": 91.6309437446,
        "f": 90.3557260844
      },
      "dobj": {
        "p": 93.1963146704,
        "r": 94.2952752769,
        "f": 93.7425742574
      },
      "dative": {
        "p": 75.1789976134,
        "r": 72.247706422,
        "f": 73.6842105263
      },
      "compound": {
        "p": 91.2180368436,
        "r": 92.3813766986,
        "f": 91.7960211394
      },
      "pobj": {
        "p": 96.2808141579,
        "r": 96.7684937961,
        "f": 96.5240379908
      },
      "amod": {
        "p": 91.9976289271,
        "r": 90.4956268222,
        "f": 91.240446796
      },
      "nsubjpass": {
        "p": 92.9387331256,
        "r": 91.7948717949,
        "f": 92.3632610939
      },
      "prep": {
        "p": 86.2037769988,
        "r": 86.7663239367,
        "f": 86.4841356881
      },
      "det": {
        "p": 97.8682644493,
        "r": 97.8961960289,
        "f": 97.8822282465
      },
      "nummod": {
        "p": 93.4408886538,
        "r": 89.2171717172,
        "f": 91.2801963571
      },
      "auxpass": {
        "p": 95.2316689159,
        "r": 96.4464692483,
        "f": 95.8352195564
      },
      "advmod": {
        "p": 85.7833163784,
        "r": 85.119448183,
        "f": 85.4500928897
      },
      "quantmod": {
        "p": 86.3802559415,
        "r": 76.7668562145,
        "f": 81.2903225806
      },
      "cc": {
        "p": 83.9311506981,
        "r": 83.3891413537,
        "f": 83.6592681464
      },
      "conj": {
        "p": 77.6696606786,
        "r": 78.3637507867,
        "f": 78.0151619573
      },
      "appos": {
        "p": 71.5924736117,
        "r": 67.6789587852,
        "f": 69.5807314897
      },
      "mark": {
        "p": 90.5962700289,
        "r": 91.3884472708,
        "f": 90.9906344809
      },
      "acl": {
        "p": 76.752546435,
        "r": 69.8854337152,
        "f": 73.158195317
      },
      "prt": {
        "p": 82.6745164003,
        "r": 88.082437276,
        "f": 85.2928416486
      },
      "attr": {
        "p": 90.5737704918,
        "r": 92.9352396972,
        "f": 91.7393109174
      },
      "advcl": {
        "p": 69.2046049189,
        "r": 66.6079073281,
        "f": 67.8814320544
      },
      "aux": {
        "p": 98.1298423724,
        "r": 98.0861669931,
        "f": 98.1079998219
      },
      "relcl": {
        "p": 77.8291814947,
        "r": 79.2965917331,
        "f": 78.5560344828
      },
      "poss": {
        "p": 97.1960745043,
        "r": 97.6851851852,
        "f": 97.4400160626
      },
      "case": {
        "p": 97.8712871287,
        "r": 98.9489489489,
        "f": 98.4071677451
      },
      "agent": {
        "p": 90.3780068729,
        "r": 94.2652329749,
        "f": 92.2807017544
      },
      "xcomp": {
        "p": 90.0933237617,
        "r": 90.0933237617,
        "f": 90.0933237617
      },
      "acomp": {
        "p": 89.6536212326,
        "r": 90.3035795197,
        "f": 89.9774266366
      },
      "pcomp": {
        "p": 88.6379675371,
        "r": 87.9551820728,
        "f": 88.295254833
      },
      "ccomp": {
        "p": 80.1355275895,
        "r": 84.2973523422,
        "f": 82.1637717122
      },
      "npadvmod": {
        "p": 77.743902439,
        "r": 72.4689165187,
        "f": 75.0137892995
      },
      "nmod": {
        "p": 76.5354330709,
        "r": 59.2321755027,
        "f": 66.781174854
      },
      "preconj": {
        "p": 30.8988764045,
        "r": 63.9534883721,
        "f": 41.6666666667
      },
      "neg": {
        "p": 94.6526736632,
        "r": 95.0326141495,
        "f": 94.8422633951
      },
      "predet": {
        "p": 84.3621399177,
        "r": 87.982832618,
        "f": 86.1344537815
      },
      "parataxis": {
        "p": 66.4451827243,
        "r": 43.3839479393,
        "f": 52.4934383202
      },
      "csubj": {
        "p": 70.1149425287,
        "r": 72.1893491124,
        "f": 71.1370262391
      },
      "dep": {
        "p": 40.7272727273,
        "r": 18.1818181818,
        "f": 25.140291807
      },
      "intj": {
        "p": 67.8899082569,
        "r": 59.6336996337,
        "f": 63.4945397816
      },
      "expl": {
        "p": 98.5169491525,
        "r": 99.5717344754,
        "f": 99.0415335463
      },
      "oprd": {
        "p": 86.5979381443,
        "r": 75.223880597,
        "f": 80.5111821086
      },
      "csubjpass": {
        "p": 42.8571428571,
        "r": 50.0,
        "f": 46.1538461538
      },
      "meta": {
        "p": 84.2105263158,
        "r": 30.7692307692,
        "f": 45.0704225352
      }
    },
    "tags_acc": 97.188643273,
    "ents_f": 85.9194679632,
    "ents_p": 85.9170671734,
    "ents_r": 85.9218688873,
    "ents_per_type": {
      "DATE": {
        "p": 84.7283908439,
        "r": 86.4412687348,
        "f": 85.5762594893
      },
      "PERCENT": {
        "p": 91.3961038961,
        "r": 87.96875,
        "f": 89.6496815287
      },
      "MONEY": {
        "p": 91.9413919414,
        "r": 90.5048076923,
        "f": 91.2174439733
      },
      "GPE": {
        "p": 92.8979074192,
        "r": 91.277258567,
        "f": 92.0804525456
      },
      "TIME": {
        "p": 68.7050359712,
        "r": 72.9007633588,
        "f": 70.7407407407
      },
      "ORG": {
        "p": 83.2508250825,
        "r": 83.8504155125,
        "f": 83.5495445763
      },
      "EVENT": {
        "p": 69.3333333333,
        "r": 38.5185185185,
        "f": 49.5238095238
      },
      "CARDINAL": {
        "p": 83.4300451322,
        "r": 87.138047138,
        "f": 85.2437417655
      },
      "PERSON": {
        "p": 88.0961182994,
        "r": 93.3046202036,
        "f": 90.6255942194
      },
      "NORP": {
        "p": 90.0709219858,
        "r": 90.3914590747,
        "f": 90.2309058615
      },
      "LAW": {
        "p": 64.0,
        "r": 53.3333333333,
        "f": 58.1818181818
      },
      "LOC": {
        "p": 72.7678571429,
        "r": 65.2,
        "f": 68.776371308
      },
      "ORDINAL": {
        "p": 77.972027972,
        "r": 85.1145038168,
        "f": 81.3868613139
      },
      "FAC": {
        "p": 43.4782608696,
        "r": 49.3827160494,
        "f": 46.2427745665
      },
      "QUANTITY": {
        "p": 78.7234042553,
        "r": 69.8113207547,
        "f": 74.0
      },
      "WORK_OF_ART": {
        "p": 53.0,
        "r": 39.552238806,
        "f": 45.2991452991
      },
      "PRODUCT": {
        "p": 52.1276595745,
        "r": 24.1379310345,
        "f": 32.9966329966
      },
      "LANGUAGE": {
        "p": 77.7777777778,
        "r": 60.8695652174,
        "f": 68.2926829268
      }
    }
  },
  "speed": {
    "cpu": 6303.6945365102,
    "gpu": null,
    "nwords": 291314
  },
  "labels": {
    "tagger": [
      "$",
      "''",
      ",",
      "-LRB-",
      "-RRB-",
      ".",
      ":",
      "ADD",
      "AFX",
      "CC",
      "CD",
      "DT",
      "EX",
      "FW",
      "HYPH",
      "IN",
      "JJ",
      "JJR",
      "JJS",
      "LS",
      "MD",
      "NFP",
      "NN",
      "NNP",
      "NNPS",
      "NNS",
      "PDT",
      "POS",
      "PRP",
      "PRP$",
      "RB",
      "RBR",
      "RBS",
      "RP",
      "SYM",
      "TO",
      "UH",
      "VB",
      "VBD",
      "VBG",
      "VBN",
      "VBP",
      "VBZ",
      "WDT",
      "WP",
      "WP$",
      "WRB",
      "XX",
      "_SP",
      "``"
    ],
    "parser": [
      "ROOT",
      "acl",
      "acomp",
      "advcl",
      "advmod",
      "agent",
      "amod",
      "appos",
      "attr",
      "aux",
      "auxpass",
      "case",
      "cc",
      "ccomp",
      "compound",
      "conj",
      "csubj",
      "csubjpass",
      "dative",
      "dep",
      "det",
      "dobj",
      "expl",
      "intj",
      "mark",
      "meta",
      "neg",
      "nmod",
      "npadvmod",
      "nsubj",
      "nsubjpass",
      "nummod",
      "oprd",
      "parataxis",
      "pcomp",
      "pobj",
      "poss",
      "preconj",
      "predet",
      "prep",
      "prt",
      "punct",
      "quantmod",
      "relcl",
      "xcomp"
    ],
    "ner": [
      "CARDINAL",
      "DATE",
      "EVENT",
      "FAC",
      "GPE",
      "LANGUAGE",
      "LAW",
      "LOC",
      "MONEY",
      "NORP",
      "ORDINAL",
      "ORG",
      "PERCENT",
      "PERSON",
      "PRODUCT",
      "QUANTITY",
      "TIME",
      "WORK_OF_ART"
    ]
  },
  "vectors": {
    "width": 300,
    "vectors": 20000,
    "keys": 684830,
    "name": "en_core_web_md.vectors"
  },
  "size": "48 MB",
  "checksum": "70a957e8cf71f3d98b387d3ddb91a19b1ec016c26b2e580daee1aa0827d648fb"
}