{
  "lang": "en", 
  "pipeline": [
    "tagger", 
    "parser", 
    "ner"
  ], 
  "accuracy": {
    "token_acc": 99.8581769732, 
    "ents_p": 85.6206935502, 
    "ents_r": 84.7258704521, 
    "uas": 91.1698080867, 
    "tags_acc": 97.0609395309, 
    "ents_f": 85.1709317677, 
    "las": 89.2430791046
  }, 
  "name": "core_web_sm", 
  "license": "CC BY-SA 3.0", 
  "author": "Explosion AI", 
  "url": "https://explosion.ai", 
  "checksum": "332ca9c341b7027fc166d79fa480d25667e8521ade268635b302f922a2276352", 
  "size": "35 MB", 
  "sources": [
    "OntoNotes 5", 
    "Common Crawl"
  ], 
  "version": "2.0.0a6", 
  "spacy_version": ">=2.0.0a17", 
  "parent_package": "spacy-nightly", 
  "speed": {
    "gpu": 6627.6598050681, 
    "nwords": 291344, 
    "cpu": 4028.8687307264
  }, 
  "email": "contact@explosion.ai", 
  "description": "English multi-task CNN trained on OntoNotes, with GloVe vectors trained on Common Crawl. Assigns word vectors, context-specific token vectors, POS tags, dependency parse and named entities."
}