{
  "lang": "en",
  "name": "core_web_lg",
  "version": "3.0.0a1",
  "description": "English pipeline optimized for CPU. Components: tok2vec, tagger, parser, senter, ner, attribute_ruler, lemmatizer.",
  "author": "Explosion",
  "email": "contact@explosion.ai",
  "url": "https://explosion.ai",
  "license": "MIT",
  "spacy_version": ">=3.0.0rc3,<3.1.0",
  "spacy_git_version": "43a752a2a",
  "vectors": {
    "width": 300,
    "vectors": 684830,
    "keys": 684830,
    "name": "en_vectors"
  },
  "labels": {
    "tok2vec": [],
    "tagger": [
      "$",
      "''",
      ",",
      "-LRB-",
      "-RRB-",
      ".",
      ":",
      "ADD",
      "AFX",
      "CC",
      "CD",
      "DT",
      "EX",
      "FW",
      "HYPH",
      "IN",
      "JJ",
      "JJR",
      "JJS",
      "LS",
      "MD",
      "NFP",
      "NN",
      "NNP",
      "NNPS",
      "NNS",
      "PDT",
      "POS",
      "PRP",
      "PRP$",
      "RB",
      "RBR",
      "RBS",
      "RP",
      "SYM",
      "TO",
      "UH",
      "VB",
      "VBD",
      "VBG",
      "VBN",
      "VBP",
      "VBZ",
      "WDT",
      "WP",
      "WP$",
      "WRB",
      "XX",
      "``"
    ],
    "parser": [
      "ROOT",
      "acl",
      "acomp",
      "advcl",
      "advmod",
      "agent",
      "amod",
      "appos",
      "attr",
      "aux",
      "auxpass",
      "case",
      "cc",
      "ccomp",
      "compound",
      "conj",
      "csubj",
      "csubjpass",
      "dative",
      "dep",
      "det",
      "dobj",
      "expl",
      "intj",
      "mark",
      "meta",
      "neg",
      "nmod",
      "npadvmod",
      "nsubj",
      "nsubjpass",
      "nummod",
      "oprd",
      "parataxis",
      "pcomp",
      "pobj",
      "poss",
      "preconj",
      "predet",
      "prep",
      "prt",
      "punct",
      "quantmod",
      "relcl",
      "xcomp"
    ],
    "senter": [
      "I",
      "S"
    ],
    "ner": [
      "CARDINAL",
      "DATE",
      "EVENT",
      "FAC",
      "GPE",
      "LANGUAGE",
      "LAW",
      "LOC",
      "MONEY",
      "NORP",
      "ORDINAL",
      "ORG",
      "PERCENT",
      "PERSON",
      "PRODUCT",
      "QUANTITY",
      "TIME",
      "WORK_OF_ART"
    ],
    "attribute_ruler": [],
    "lemmatizer": []
  },
  "pipeline": [
    "tok2vec",
    "tagger",
    "parser",
    "ner",
    "attribute_ruler",
    "lemmatizer"
  ],
  "components": [
    "tok2vec",
    "tagger",
    "parser",
    "senter",
    "ner",
    "attribute_ruler",
    "lemmatizer"
  ],
  "disabled": [
    "senter"
  ],
  "performance": {
    "token_acc": 0.9993053983,
    "tag_acc": 0.973753551,
    "dep_uas": 0.9186113091,
    "dep_las": 0.9005436222,
    "ents_p": 0.8592004852,
    "ents_r": 0.8514122596,
    "ents_f": 0.8552886429,
    "sents_p": 0.9057377049,
    "sents_r": 0.8747278844,
    "sents_f": 0.8899627504,
    "speed": 8581.9946261412,
    "dep_las_per_type": {
      "prep": {
        "p": 0.8573948287,
        "r": 0.8668943275,
        "f": 0.8621184106
      },
      "det": {
        "p": 0.9788109694,
        "r": 0.9794096061,
        "f": 0.9791101963
      },
      "pobj": {
        "p": 0.9615399603,
        "r": 0.9690162969,
        "f": 0.965263652
      },
      "nsubj": {
        "p": 0.957579261,
        "r": 0.943483023,
        "f": 0.9504788807
      },
      "aux": {
        "p": 0.9818586038,
        "r": 0.9829075047,
        "f": 0.9823827743
      },
      "advmod": {
        "p": 0.8597751669,
        "r": 0.8557967357,
        "f": 0.8577813383
      },
      "relcl": {
        "p": 0.7739531583,
        "r": 0.7913642961,
        "f": 0.7825618945
      },
      "root": {
        "p": 0.9171488869,
        "r": 0.8887129758,
        "f": 0.902707049
      },
      "xcomp": {
        "p": 0.8770577933,
        "r": 0.8987796123,
        "f": 0.8877858536
      },
      "amod": {
        "p": 0.9179467237,
        "r": 0.9175898931,
        "f": 0.9177682737
      },
      "compound": {
        "p": 0.9202922435,
        "r": 0.933002896,
        "f": 0.9266039823
      },
      "poss": {
        "p": 0.9748743719,
        "r": 0.9762479871,
        "f": 0.975560696
      },
      "ccomp": {
        "p": 0.7744164332,
        "r": 0.8446028513,
        "f": 0.8079883098
      },
      "attr": {
        "p": 0.8928141309,
        "r": 0.9352396972,
        "f": 0.9135346067
      },
      "case": {
        "p": 0.9773175542,
        "r": 0.991991992,
        "f": 0.9846000994
      },
      "mark": {
        "p": 0.9118118653,
        "r": 0.9040805511,
        "f": 0.9079297499
      },
      "intj": {
        "p": 0.5960866527,
        "r": 0.6249084249,
        "f": 0.6101573677
      },
      "advcl": {
        "p": 0.6721144025,
        "r": 0.6628053387,
        "f": 0.6674274122
      },
      "cc": {
        "p": 0.836558106,
        "r": 0.8325559144,
        "f": 0.834552212
      },
      "neg": {
        "p": 0.9392127554,
        "r": 0.9458103362,
        "f": 0.9425
      },
      "conj": {
        "p": 0.766043271,
        "r": 0.788897281,
        "f": 0.7773023256
      },
      "nsubjpass": {
        "p": 0.9225536368,
        "r": 0.9041025641,
        "f": 0.9132349132
      },
      "auxpass": {
        "p": 0.9493727599,
        "r": 0.9653758542,
        "f": 0.9573074317
      },
      "dobj": {
        "p": 0.9202758193,
        "r": 0.946529604,
        "f": 0.9332181018
      },
      "nummod": {
        "p": 0.9344512195,
        "r": 0.9287878788,
        "f": 0.9316109422
      },
      "npadvmod": {
        "p": 0.7671028037,
        "r": 0.7289520426,
        "f": 0.7475409836
      },
      "prt": {
        "p": 0.8169129721,
        "r": 0.8915770609,
        "f": 0.852613539
      },
      "pcomp": {
        "p": 0.8736915562,
        "r": 0.8767507003,
        "f": 0.8752184551
      },
      "expl": {
        "p": 0.9808917197,
        "r": 0.9892933619,
        "f": 0.9850746269
      },
      "acl": {
        "p": 0.75795053,
        "r": 0.7021276596,
        "f": 0.7289719626
      },
      "agent": {
        "p": 0.9008547009,
        "r": 0.9444444444,
        "f": 0.9221347332
      },
      "dative": {
        "p": 0.75,
        "r": 0.6811926606,
        "f": 0.7139423077
      },
      "acomp": {
        "p": 0.9024167807,
        "r": 0.8975056689,
        "f": 0.8999545248
      },
      "dep": {
        "p": 0.4096385542,
        "r": 0.1655844156,
        "f": 0.2358381503
      },
      "csubj": {
        "p": 0.7105263158,
        "r": 0.6390532544,
        "f": 0.6728971963
      },
      "quantmod": {
        "p": 0.8626570916,
        "r": 0.7806661251,
        "f": 0.8196162047
      },
      "nmod": {
        "p": 0.7529691211,
        "r": 0.5795246801,
        "f": 0.6549586777
      },
      "appos": {
        "p": 0.6746666667,
        "r": 0.6585683297,
        "f": 0.6665203074
      },
      "predet": {
        "p": 0.8421052632,
        "r": 0.8927038627,
        "f": 0.8666666667
      },
      "preconj": {
        "p": 0.5368421053,
        "r": 0.5930232558,
        "f": 0.5635359116
      },
      "oprd": {
        "p": 0.8487972509,
        "r": 0.7373134328,
        "f": 0.7891373802
      },
      "parataxis": {
        "p": 0.6246575342,
        "r": 0.4945770065,
        "f": 0.5520581114
      },
      "meta": {
        "p": 0.7857142857,
        "r": 0.2115384615,
        "f": 0.3333333333
      },
      "csubjpass": {
        "p": 0.5714285714,
        "r": 0.6666666667,
        "f": 0.6153846154
      }
    },
    "ents_per_type": {
      "DATE": {
        "p": 0.8656998739,
        "r": 0.8717460317,
        "f": 0.8687124328
      },
      "GPE": {
        "p": 0.9189265537,
        "r": 0.9073919107,
        "f": 0.913122807
      },
      "ORG": {
        "p": 0.8270241851,
        "r": 0.8340402969,
        "f": 0.8305174234
      },
      "QUANTITY": {
        "p": 0.7876712329,
        "r": 0.6318681319,
        "f": 0.7012195122
      },
      "LOC": {
        "p": 0.7321428571,
        "r": 0.652866242,
        "f": 0.6902356902
      },
      "CARDINAL": {
        "p": 0.8244406196,
        "r": 0.8543400713,
        "f": 0.8391240876
      },
      "PERSON": {
        "p": 0.8719437653,
        "r": 0.9311357702,
        "f": 0.9005681818
      },
      "NORP": {
        "p": 0.9153783564,
        "r": 0.9,
        "f": 0.907624042
      },
      "ORDINAL": {
        "p": 0.7768361582,
        "r": 0.8540372671,
        "f": 0.8136094675
      },
      "FAC": {
        "p": 0.5483870968,
        "r": 0.3923076923,
        "f": 0.4573991031
      },
      "TIME": {
        "p": 0.7370030581,
        "r": 0.7046783626,
        "f": 0.7204783259
      },
      "WORK_OF_ART": {
        "p": 0.5,
        "r": 0.2989690722,
        "f": 0.3741935484
      },
      "EVENT": {
        "p": 0.6105263158,
        "r": 0.3333333333,
        "f": 0.4312267658
      },
      "MONEY": {
        "p": 0.9097387173,
        "r": 0.9043683589,
        "f": 0.9070455891
      },
      "LAW": {
        "p": 0.5510204082,
        "r": 0.421875,
        "f": 0.4778761062
      },
      "PERCENT": {
        "p": 0.9240506329,
        "r": 0.8943338438,
        "f": 0.9089494163
      },
      "LANGUAGE": {
        "p": 0.8181818182,
        "r": 0.5625,
        "f": 0.6666666667
      },
      "PRODUCT": {
        "p": 0.6056338028,
        "r": 0.2037914692,
        "f": 0.304964539
      }
    }
  },
  "sources": [
    {
      "name": "OntoNotes 5",
      "url": "https://catalog.ldc.upenn.edu/LDC2013T19",
      "license": "commercial (licensed by Explosion)"
    }
  ],
  "requirements": [],
  "parent_package": "spacy-nightly",
  "size": "742 MB",
  "checksum": "7a906615d46af70cd722681dc0d5f284801a924e45f3dfbe869aa9e2e38fecd9"
}