{
  "lang": "en", 
  "pipeline": [
    "tagger", 
    "parser", 
    "ner"
  ], 
  "accuracy": {
    "token_acc": 99.8677793805, 
    "ents_p": 85.9826589595, 
    "ents_r": 86.4583915498, 
    "uas": 91.8532112952, 
    "tags_acc": 97.1845665414, 
    "ents_f": 86.2198690261, 
    "las": 90.0421210952
  }, 
  "name": "core_web_lg", 
  "license": "CC BY-SA 3.0", 
  "author": "Explosion AI", 
  "url": "https://explosion.ai", 
  "checksum": "c4ddcfb819d15e2225af1e9e27b00f1dcdbb03c1a4795a9e872903f24cf48435", 
  "size": "665 MB", 
  "sources": [
    "OntoNotes 5", 
    "Common Crawl"
  ], 
  "version": "2.0.0a2", 
  "spacy_version": ">=2.0.0a17", 
  "parent_package": "spacy-nightly", 
  "speed": {
    "gpu": 4734.6701139701, 
    "nwords": 291344, 
    "cpu": 3548.3176554928
  }, 
  "email": "contact@explosion.ai", 
  "description": "English multi-task CNN trained on OntoNotes, with GloVe vectors trained on Common Crawl. Assigns word vectors, context-specific token vectors, POS tags, dependency parse and named entities."
}