{
  "lang": "en",
  "name": "core_web_sm",
  "license": "MIT",
  "author": "Explosion",
  "url": "https://explosion.ai",
  "email": "contact@explosion.ai",
  "description": "English multi-task CNN trained on OntoNotes. Assigns context-specific token vectors, POS tags, dependency parse and named entities.",
  "sources": [
    {
      "name": "OntoNotes 5",
      "url": "https://catalog.ldc.upenn.edu/LDC2013T19",
      "license": "commercial (licensed by Explosion)"
    }
  ],
  "pipeline": [
    "tagger",
    "parser",
    "ner"
  ],
  "version": "2.3.1",
  "spacy_version": ">=2.3.0,<2.4.0",
  "parent_package": "spacy",
  "accuracy": {
    "las": 89.7572754092,
    "uas": 91.6570115569,
    "token_acc": 99.756964111,
    "las_per_type": {
      "advmod": {
        "p": 85.6065101297,
        "r": 84.9512113055,
        "f": 85.2776018577
      },
      "aux": {
        "p": 97.9464841319,
        "r": 98.0772654442,
        "f": 98.0118311613
      },
      "nsubj": {
        "p": 95.530627567,
        "r": 94.7522887555,
        "f": 95.1398662913
      },
      "root": {
        "p": 89.5162856958,
        "r": 91.1692936754,
        "f": 90.3352283866
      },
      "compound": {
        "p": 90.4871122761,
        "r": 92.2811316552,
        "f": 91.3753170839
      },
      "poss": {
        "p": 97.0346623923,
        "r": 97.4838969404,
        "f": 97.2587609198
      },
      "case": {
        "p": 97.927972373,
        "r": 99.3493493493,
        "f": 98.6335403727
      },
      "dobj": {
        "p": 92.4513496547,
        "r": 93.8729981675,
        "f": 93.1567503459
      },
      "prep": {
        "p": 85.6642170718,
        "r": 86.2427438631,
        "f": 85.9525069954
      },
      "pobj": {
        "p": 96.0694769711,
        "r": 96.6428459243,
        "f": 96.3553084873
      },
      "relcl": {
        "p": 76.5768958186,
        "r": 78.3538796229,
        "f": 77.4551971326
      },
      "det": {
        "p": 97.7105145232,
        "r": 97.7901904024,
        "f": 97.7503362269
      },
      "amod": {
        "p": 91.5748754262,
        "r": 90.4891480402,
        "f": 91.0287743996
      },
      "attr": {
        "p": 90.4294478528,
        "r": 92.9772918419,
        "f": 91.6856728177
      },
      "cc": {
        "p": 83.8244137102,
        "r": 83.3532647692,
        "f": 83.5881753313
      },
      "mark": {
        "p": 90.3421052632,
        "r": 90.9644939057,
        "f": 90.6522313177
      },
      "nmod": {
        "p": 76.3772954925,
        "r": 55.7586837294,
        "f": 64.4593166608
      },
      "conj": {
        "p": 76.8877867328,
        "r": 78.0490874764,
        "f": 77.4640849469
      },
      "advcl": {
        "p": 68.9203354298,
        "r": 66.2301687232,
        "f": 67.548478233
      },
      "pcomp": {
        "p": 85.2515506547,
        "r": 86.6246498599,
        "f": 85.9326154915
      },
      "nummod": {
        "p": 93.1951089846,
        "r": 88.5353535354,
        "f": 90.8054908055
      },
      "nsubjpass": {
        "p": 92.4265842349,
        "r": 92.0,
        "f": 92.2127987664
      },
      "quantmod": {
        "p": 85.3463587922,
        "r": 78.0666125102,
        "f": 81.5443360204
      },
      "auxpass": {
        "p": 94.7204968944,
        "r": 97.2665148064,
        "f": 95.9766239604
      },
      "ccomp": {
        "p": 79.9260844194,
        "r": 83.6863543788,
        "f": 81.7630086559
      },
      "npadvmod": {
        "p": 76.8636539204,
        "r": 70.6927175844,
        "f": 73.6491487787
      },
      "appos": {
        "p": 70.0960219479,
        "r": 66.5075921909,
        "f": 68.2546749777
      },
      "neg": {
        "p": 94.5082376435,
        "r": 94.9824385349,
        "f": 94.7447447447
      },
      "xcomp": {
        "p": 88.2854100106,
        "r": 89.2677674085,
        "f": 88.7738711405
      },
      "predet": {
        "p": 85.2459016393,
        "r": 89.2703862661,
        "f": 87.2117400419
      },
      "acomp": {
        "p": 90.3553299492,
        "r": 88.717716357,
        "f": 89.529035208
      },
      "acl": {
        "p": 75.6578947368,
        "r": 69.012547736,
        "f": 72.182596291
      },
      "oprd": {
        "p": 81.0810810811,
        "r": 71.6417910448,
        "f": 76.0697305864
      },
      "dative": {
        "p": 73.9659367397,
        "r": 69.7247706422,
        "f": 71.7827626919
      },
      "agent": {
        "p": 88.5328836425,
        "r": 94.0860215054,
        "f": 91.2250217202
      },
      "meta": {
        "p": 94.7368421053,
        "r": 34.6153846154,
        "f": 50.7042253521
      },
      "dep": {
        "p": 40.329218107,
        "r": 15.9090909091,
        "f": 22.8172293364
      },
      "prt": {
        "p": 81.9166666667,
        "r": 88.082437276,
        "f": 84.8877374784
      },
      "expl": {
        "p": 98.3014861996,
        "r": 99.1434689507,
        "f": 98.7206823028
      },
      "parataxis": {
        "p": 63.9240506329,
        "r": 43.8177874187,
        "f": 51.9948519949
      },
      "intj": {
        "p": 69.387755102,
        "r": 59.7802197802,
        "f": 64.2266824085
      },
      "csubj": {
        "p": 70.5882352941,
        "r": 71.0059171598,
        "f": 70.796460177
      },
      "preconj": {
        "p": 57.4468085106,
        "r": 62.7906976744,
        "f": 60.0
      },
      "csubjpass": {
        "p": 44.4444444444,
        "r": 66.6666666667,
        "f": 53.3333333333
      }
    },
    "tags_acc": 97.056555292,
    "ents_f": 85.4306864065,
    "ents_p": 85.7239322492,
    "ents_r": 85.1394400045,
    "ents_per_type": {
      "ORG": {
        "p": 83.3194096352,
        "r": 82.8808864266,
        "f": 83.0995695042
      },
      "CARDINAL": {
        "p": 83.9554682384,
        "r": 86.32996633,
        "f": 85.1261620186
      },
      "DATE": {
        "p": 84.6522781775,
        "r": 86.1275705821,
        "f": 85.3835521769
      },
      "GPE": {
        "p": 92.5831202046,
        "r": 90.2180685358,
        "f": 91.3852950458
      },
      "PERSON": {
        "p": 88.0239520958,
        "r": 92.0908379013,
        "f": 90.0114810563
      },
      "MONEY": {
        "p": 92.9181929182,
        "r": 91.4663461538,
        "f": 92.1865536039
      },
      "PRODUCT": {
        "p": 52.1276595745,
        "r": 24.1379310345,
        "f": 32.9966329966
      },
      "TIME": {
        "p": 70.1886792453,
        "r": 70.9923664122,
        "f": 70.5882352941
      },
      "PERCENT": {
        "p": 91.8566775244,
        "r": 88.125,
        "f": 89.95215311
      },
      "WORK_OF_ART": {
        "p": 48.1481481481,
        "r": 38.8059701493,
        "f": 42.9752066116
      },
      "QUANTITY": {
        "p": 78.1954887218,
        "r": 65.4088050314,
        "f": 71.2328767123
      },
      "NORP": {
        "p": 88.682581786,
        "r": 89.2348754448,
        "f": 88.9578713969
      },
      "LOC": {
        "p": 70.8154506438,
        "r": 66.0,
        "f": 68.3229813665
      },
      "EVENT": {
        "p": 63.2911392405,
        "r": 37.037037037,
        "f": 46.7289719626
      },
      "ORDINAL": {
        "p": 80.0,
        "r": 83.9694656489,
        "f": 81.9366852886
      },
      "FAC": {
        "p": 34.8623853211,
        "r": 46.9135802469,
        "f": 40.0
      },
      "LAW": {
        "p": 62.962962963,
        "r": 56.6666666667,
        "f": 59.649122807
      },
      "LANGUAGE": {
        "p": 75.0,
        "r": 65.2173913043,
        "f": 69.7674418605
      }
    }
  },
  "speed": {
    "cpu": 6107.3535050376,
    "gpu": null,
    "nwords": 291315
  },
  "labels": {
    "tagger": [
      "$",
      "''",
      ",",
      "-LRB-",
      "-RRB-",
      ".",
      ":",
      "ADD",
      "AFX",
      "CC",
      "CD",
      "DT",
      "EX",
      "FW",
      "HYPH",
      "IN",
      "JJ",
      "JJR",
      "JJS",
      "LS",
      "MD",
      "NFP",
      "NN",
      "NNP",
      "NNPS",
      "NNS",
      "PDT",
      "POS",
      "PRP",
      "PRP$",
      "RB",
      "RBR",
      "RBS",
      "RP",
      "SYM",
      "TO",
      "UH",
      "VB",
      "VBD",
      "VBG",
      "VBN",
      "VBP",
      "VBZ",
      "WDT",
      "WP",
      "WP$",
      "WRB",
      "XX",
      "_SP",
      "``"
    ],
    "parser": [
      "ROOT",
      "acl",
      "acomp",
      "advcl",
      "advmod",
      "agent",
      "amod",
      "appos",
      "attr",
      "aux",
      "auxpass",
      "case",
      "cc",
      "ccomp",
      "compound",
      "conj",
      "csubj",
      "csubjpass",
      "dative",
      "dep",
      "det",
      "dobj",
      "expl",
      "intj",
      "mark",
      "meta",
      "neg",
      "nmod",
      "npadvmod",
      "nsubj",
      "nsubjpass",
      "nummod",
      "oprd",
      "parataxis",
      "pcomp",
      "pobj",
      "poss",
      "preconj",
      "predet",
      "prep",
      "prt",
      "punct",
      "quantmod",
      "relcl",
      "xcomp"
    ],
    "ner": [
      "CARDINAL",
      "DATE",
      "EVENT",
      "FAC",
      "GPE",
      "LANGUAGE",
      "LAW",
      "LOC",
      "MONEY",
      "NORP",
      "ORDINAL",
      "ORG",
      "PERCENT",
      "PERSON",
      "PRODUCT",
      "QUANTITY",
      "TIME",
      "WORK_OF_ART"
    ]
  },
  "size": "11 MB",
  "checksum": "06c80936324012d1223291d2af41a5229e746dc2dee8fe31a532666ee3d18aaa"
}