{
  "lang": "en",
  "name": "core_web_md",
  "license": "MIT",
  "author": "Explosion",
  "url": "https://explosion.ai",
  "email": "contact@explosion.ai",
  "description": "English multi-task CNN trained on OntoNotes, with GloVe vectors trained on Common Crawl. Assigns word vectors, POS tags, dependency parse and named entities.",
  "sources": [
    {
      "name": "OntoNotes 5",
      "url": "https://catalog.ldc.upenn.edu/LDC2013T19",
      "license": "commercial (licensed by Explosion)"
    },
    {
      "name": "GloVe Common Crawl",
      "author": "Jeffrey Pennington, Richard Socher, and Christopher D. Manning",
      "url": "https://nlp.stanford.edu/projects/glove/",
      "license": "Public Domain Dedication and License v1.0"
    }
  ],
  "pipeline": [
    "tagger",
    "parser",
    "ner"
  ],
  "version": "2.3.1",
  "spacy_version": ">=2.3.0,<2.4.0",
  "parent_package": "spacy",
  "accuracy": {
    "las": 90.0643010426,
    "uas": 91.8827236224,
    "token_acc": 99.756964111,
    "las_per_type": {
      "det": {
        "p": 97.7570626069,
        "r": 97.9125045868,
        "f": 97.8347218544
      },
      "poss": {
        "p": 97.3092369478,
        "r": 97.5442834138,
        "f": 97.4266184158
      },
      "case": {
        "p": 98.116013882,
        "r": 99.049049049,
        "f": 98.5803237858
      },
      "amod": {
        "p": 91.9366450684,
        "r": 91.0074505993,
        "f": 91.4696880901
      },
      "nsubj": {
        "p": 95.724308344,
        "r": 95.0282535372,
        "f": 95.3750109909
      },
      "aux": {
        "p": 98.0101270321,
        "r": 98.2107886772,
        "f": 98.1103552532
      },
      "root": {
        "p": 89.1237509608,
        "r": 91.7628437644,
        "f": 90.4240454915
      },
      "prt": {
        "p": 82.4324324324,
        "r": 87.4551971326,
        "f": 84.8695652174
      },
      "dobj": {
        "p": 92.9708431836,
        "r": 94.0004780496,
        "f": 93.4828255616
      },
      "npadvmod": {
        "p": 77.4143901501,
        "r": 71.4742451155,
        "f": 74.3258219431
      },
      "neg": {
        "p": 94.5137157107,
        "r": 95.0827897642,
        "f": 94.7973986993
      },
      "advmod": {
        "p": 86.1094611795,
        "r": 85.3633916555,
        "f": 85.7348033625
      },
      "acomp": {
        "p": 90.1133786848,
        "r": 90.0317172633,
        "f": 90.0725294651
      },
      "mark": {
        "p": 90.6546990496,
        "r": 90.990990991,
        "f": 90.8225337212
      },
      "advcl": {
        "p": 69.5273303406,
        "r": 66.3057164442,
        "f": 67.8783191544
      },
      "compound": {
        "p": 91.1735591729,
        "r": 92.3312541769,
        "f": 91.7487548423
      },
      "appos": {
        "p": 70.9183673469,
        "r": 66.3340563991,
        "f": 68.5496525443
      },
      "prep": {
        "p": 86.3262689494,
        "r": 86.8535872823,
        "f": 86.5891252955
      },
      "pobj": {
        "p": 96.23620266,
        "r": 96.88236218,
        "f": 96.5582014205
      },
      "cc": {
        "p": 83.3794015142,
        "r": 82.9705812007,
        "f": 83.1744890008
      },
      "xcomp": {
        "p": 90.2658045977,
        "r": 90.2010050251,
        "f": 90.2333931777
      },
      "ccomp": {
        "p": 79.6989579313,
        "r": 84.1140529532,
        "f": 81.8470075307
      },
      "pcomp": {
        "p": 87.2487872488,
        "r": 88.1652661064,
        "f": 87.7046325322
      },
      "conj": {
        "p": 77.4355121463,
        "r": 77.8351164254,
        "f": 77.6348000753
      },
      "acl": {
        "p": 74.9567224466,
        "r": 70.8674304419,
        "f": 72.8547392036
      },
      "attr": {
        "p": 90.5383360522,
        "r": 93.3557611438,
        "f": 91.9254658385
      },
      "preconj": {
        "p": 62.3529411765,
        "r": 61.6279069767,
        "f": 61.9883040936
      },
      "nummod": {
        "p": 93.5518252065,
        "r": 88.6616161616,
        "f": 91.0410994425
      },
      "relcl": {
        "p": 77.7271132936,
        "r": 80.3480783176,
        "f": 79.015867356
      },
      "predet": {
        "p": 85.7723577236,
        "r": 90.5579399142,
        "f": 88.1002087683
      },
      "nmod": {
        "p": 76.2057877814,
        "r": 57.7696526508,
        "f": 65.719237435
      },
      "csubj": {
        "p": 69.0058479532,
        "r": 69.8224852071,
        "f": 69.4117647059
      },
      "dative": {
        "p": 76.3959390863,
        "r": 69.0366972477,
        "f": 72.5301204819
      },
      "nsubjpass": {
        "p": 93.1699687174,
        "r": 91.641025641,
        "f": 92.3991726991
      },
      "auxpass": {
        "p": 95.4136690647,
        "r": 96.6742596811,
        "f": 96.0398280154
      },
      "quantmod": {
        "p": 86.5316901408,
        "r": 79.8537774167,
        "f": 83.0587241234
      },
      "agent": {
        "p": 88.2747068677,
        "r": 94.4444444444,
        "f": 91.2554112554
      },
      "parataxis": {
        "p": 64.1447368421,
        "r": 42.2993492408,
        "f": 50.9803921569
      },
      "oprd": {
        "p": 84.8993288591,
        "r": 75.5223880597,
        "f": 79.9368088468
      },
      "dep": {
        "p": 39.4422310757,
        "r": 16.0714285714,
        "f": 22.8373702422
      },
      "expl": {
        "p": 98.1012658228,
        "r": 99.5717344754,
        "f": 98.8310308183
      },
      "csubjpass": {
        "p": 33.3333333333,
        "r": 66.6666666667,
        "f": 44.4444444444
      },
      "intj": {
        "p": 70.1376936317,
        "r": 59.706959707,
        "f": 64.5033636723
      },
      "meta": {
        "p": 82.3529411765,
        "r": 26.9230769231,
        "f": 40.5797101449
      }
    },
    "tags_acc": 97.2104519168,
    "ents_f": 86.2009173286,
    "ents_p": 86.2733023568,
    "ents_r": 86.1286536634,
    "ents_per_type": {
      "DATE": {
        "p": 85.1393188854,
        "r": 86.2669919833,
        "f": 85.6994459834
      },
      "PERSON": {
        "p": 89.008540661,
        "r": 93.852779953,
        "f": 91.3664951401
      },
      "ORG": {
        "p": 84.0683572216,
        "r": 84.487534626,
        "f": 84.277424703
      },
      "MONEY": {
        "p": 92.0828258222,
        "r": 90.8653846154,
        "f": 91.4700544465
      },
      "PERCENT": {
        "p": 91.3539967374,
        "r": 87.5,
        "f": 89.3854748603
      },
      "CARDINAL": {
        "p": 84.7267939434,
        "r": 86.6666666667,
        "f": 85.6857523302
      },
      "GPE": {
        "p": 93.2973316391,
        "r": 91.4953271028,
        "f": 92.3875432526
      },
      "ORDINAL": {
        "p": 79.7202797203,
        "r": 87.0229007634,
        "f": 83.2116788321
      },
      "NORP": {
        "p": 89.8589065256,
        "r": 90.6583629893,
        "f": 90.2568644818
      },
      "PRODUCT": {
        "p": 52.5773195876,
        "r": 25.1231527094,
        "f": 34.0
      },
      "LAW": {
        "p": 63.4615384615,
        "r": 55.0,
        "f": 58.9285714286
      },
      "LANGUAGE": {
        "p": 78.9473684211,
        "r": 65.2173913043,
        "f": 71.4285714286
      },
      "LOC": {
        "p": 72.268907563,
        "r": 68.8,
        "f": 70.4918032787
      },
      "QUANTITY": {
        "p": 78.1690140845,
        "r": 69.8113207547,
        "f": 73.7541528239
      },
      "EVENT": {
        "p": 60.7142857143,
        "r": 37.7777777778,
        "f": 46.5753424658
      },
      "TIME": {
        "p": 68.9138576779,
        "r": 70.2290076336,
        "f": 69.5652173913
      },
      "WORK_OF_ART": {
        "p": 44.8598130841,
        "r": 35.8208955224,
        "f": 39.8340248963
      },
      "FAC": {
        "p": 34.2592592593,
        "r": 45.6790123457,
        "f": 39.1534391534
      }
    }
  },
  "speed": {
    "cpu": 6525.0709404874,
    "gpu": null,
    "nwords": 291315
  },
  "labels": {
    "tagger": [
      "$",
      "''",
      ",",
      "-LRB-",
      "-RRB-",
      ".",
      ":",
      "ADD",
      "AFX",
      "CC",
      "CD",
      "DT",
      "EX",
      "FW",
      "HYPH",
      "IN",
      "JJ",
      "JJR",
      "JJS",
      "LS",
      "MD",
      "NFP",
      "NN",
      "NNP",
      "NNPS",
      "NNS",
      "PDT",
      "POS",
      "PRP",
      "PRP$",
      "RB",
      "RBR",
      "RBS",
      "RP",
      "SYM",
      "TO",
      "UH",
      "VB",
      "VBD",
      "VBG",
      "VBN",
      "VBP",
      "VBZ",
      "WDT",
      "WP",
      "WP$",
      "WRB",
      "XX",
      "_SP",
      "``"
    ],
    "parser": [
      "ROOT",
      "acl",
      "acomp",
      "advcl",
      "advmod",
      "agent",
      "amod",
      "appos",
      "attr",
      "aux",
      "auxpass",
      "case",
      "cc",
      "ccomp",
      "compound",
      "conj",
      "csubj",
      "csubjpass",
      "dative",
      "dep",
      "det",
      "dobj",
      "expl",
      "intj",
      "mark",
      "meta",
      "neg",
      "nmod",
      "npadvmod",
      "nsubj",
      "nsubjpass",
      "nummod",
      "oprd",
      "parataxis",
      "pcomp",
      "pobj",
      "poss",
      "preconj",
      "predet",
      "prep",
      "prt",
      "punct",
      "quantmod",
      "relcl",
      "xcomp"
    ],
    "ner": [
      "CARDINAL",
      "DATE",
      "EVENT",
      "FAC",
      "GPE",
      "LANGUAGE",
      "LAW",
      "LOC",
      "MONEY",
      "NORP",
      "ORDINAL",
      "ORG",
      "PERCENT",
      "PERSON",
      "PRODUCT",
      "QUANTITY",
      "TIME",
      "WORK_OF_ART"
    ]
  },
  "vectors": {
    "width": 300,
    "vectors": 20000,
    "keys": 684830,
    "name": "en_core_web_md.vectors"
  },
  "size": "48 MB",
  "checksum": "904c7b8ac18b045898d34195c9dc8aee3b94ca019d25cd20eab3a94d8aa2e515"
}