{
  "lang": "en",
  "name": "core_web_sm",
  "license": "MIT",
  "author": "Explosion",
  "url": "https://explosion.ai",
  "email": "contact@explosion.ai",
  "description": "English multi-task CNN trained on OntoNotes. Assigns context-specific token vectors, POS tags, dependency parse and named entities.",
  "sources": [
    {
      "name": "OntoNotes 5",
      "url": "https://catalog.ldc.upenn.edu/LDC2013T19",
      "license": "commercial (licensed by Explosion)"
    }
  ],
  "pipeline": [
    "tagger",
    "parser",
    "ner"
  ],
  "version": "2.3.0",
  "spacy_version": ">=2.3.0,<2.4.0",
  "parent_package": "spacy",
  "accuracy": {
    "las": 89.6760148148,
    "uas": 91.5566789084,
    "token_acc": 99.7576498212,
    "las_per_type": {
      "compound": {
        "p": 90.4808743169,
        "r": 92.2143016262,
        "f": 91.339364519
      },
      "root": {
        "p": 88.3934259141,
        "r": 91.5122337268,
        "f": 89.9257963125
      },
      "advcl": {
        "p": 68.2166446499,
        "r": 65.0214051876,
        "f": 66.5807117071
      },
      "prep": {
        "p": 85.668083186,
        "r": 86.4286527298,
        "f": 86.0466873159
      },
      "det": {
        "p": 97.5984043636,
        "r": 97.7575732866,
        "f": 97.6779239826
      },
      "pobj": {
        "p": 95.9272840758,
        "r": 96.5525365164,
        "f": 96.2388947595
      },
      "agent": {
        "p": 88.2747068677,
        "r": 94.4444444444,
        "f": 91.2554112554
      },
      "nsubjpass": {
        "p": 92.1215242019,
        "r": 91.7435897436,
        "f": 91.9321685509
      },
      "auxpass": {
        "p": 94.8098434004,
        "r": 96.5375854214,
        "f": 95.6659142212
      },
      "amod": {
        "p": 91.8095489317,
        "r": 90.1976028507,
        "f": 90.9964377921
      },
      "npadvmod": {
        "p": 78.2401902497,
        "r": 70.1243339254,
        "f": 73.9602847508
      },
      "nsubj": {
        "p": 95.6152006378,
        "r": 94.5639318411,
        "f": 95.086660647
      },
      "pcomp": {
        "p": 84.1463414634,
        "r": 86.974789916,
        "f": 85.5371900826
      },
      "cc": {
        "p": 83.2791621524,
        "r": 82.7314039703,
        "f": 83.0043793869
      },
      "conj": {
        "p": 77.0646828899,
        "r": 76.9288860919,
        "f": 76.9967246158
      },
      "ccomp": {
        "p": 79.3469860896,
        "r": 83.6456211813,
        "f": 81.4396192742
      },
      "advmod": {
        "p": 85.6985418786,
        "r": 85.0353297443,
        "f": 85.3656476946
      },
      "neg": {
        "p": 93.9830929886,
        "r": 94.8319116909,
        "f": 94.4055944056
      },
      "poss": {
        "p": 97.1354166667,
        "r": 97.6046698873,
        "f": 97.3694779116
      },
      "dobj": {
        "p": 92.4811439346,
        "r": 93.7853557485,
        "f": 93.1286838878
      },
      "relcl": {
        "p": 76.1283497884,
        "r": 78.2813633067,
        "f": 77.1898462639
      },
      "appos": {
        "p": 70.5693296602,
        "r": 66.6811279826,
        "f": 68.5701539148
      },
      "mark": {
        "p": 90.7485503426,
        "r": 91.2294647589,
        "f": 90.988372093
      },
      "aux": {
        "p": 97.805224809,
        "r": 97.9793484066,
        "f": 97.8922091782
      },
      "acomp": {
        "p": 89.9175068744,
        "r": 88.8989578614,
        "f": 89.4053315106
      },
      "case": {
        "p": 97.5345167653,
        "r": 98.998998999,
        "f": 98.26130154
      },
      "prt": {
        "p": 80.987654321,
        "r": 88.1720430108,
        "f": 84.4272844273
      },
      "nmod": {
        "p": 74.6825396825,
        "r": 57.3430834857,
        "f": 64.8741813168
      },
      "xcomp": {
        "p": 89.1514500537,
        "r": 89.3754486719,
        "f": 89.2633088367
      },
      "attr": {
        "p": 90.446904469,
        "r": 92.7670311186,
        "f": 91.592277351
      },
      "nummod": {
        "p": 93.5037273695,
        "r": 88.6868686869,
        "f": 91.0316226024
      },
      "oprd": {
        "p": 83.3910034602,
        "r": 71.9402985075,
        "f": 77.2435897436
      },
      "acl": {
        "p": 74.2789876398,
        "r": 68.8488816148,
        "f": 71.4609286523
      },
      "dep": {
        "p": 37.9310344828,
        "r": 16.0714285714,
        "f": 22.5769669327
      },
      "quantmod": {
        "p": 87.8733031674,
        "r": 78.878960195,
        "f": 83.1335616438
      },
      "expl": {
        "p": 98.2978723404,
        "r": 98.9293361884,
        "f": 98.6125933831
      },
      "csubj": {
        "p": 75.1515151515,
        "r": 73.3727810651,
        "f": 74.251497006
      },
      "preconj": {
        "p": 59.0909090909,
        "r": 60.4651162791,
        "f": 59.7701149425
      },
      "dative": {
        "p": 77.9792746114,
        "r": 69.0366972477,
        "f": 73.2360097324
      },
      "parataxis": {
        "p": 65.7980456026,
        "r": 43.8177874187,
        "f": 52.6041666667
      },
      "predet": {
        "p": 85.3658536585,
        "r": 90.1287553648,
        "f": 87.6826722338
      },
      "intj": {
        "p": 69.9828473413,
        "r": 59.7802197802,
        "f": 64.4804425128
      },
      "meta": {
        "p": 81.8181818182,
        "r": 34.6153846154,
        "f": 48.6486486486
      },
      "csubjpass": {
        "p": 71.4285714286,
        "r": 83.3333333333,
        "f": 76.9230769231
      }
    },
    "tags_acc": 97.0508922897,
    "ents_f": 85.356163617,
    "ents_p": 85.4613703849,
    "ents_r": 85.2512155592,
    "ents_per_type": {
      "ORG": {
        "p": 82.6970612469,
        "r": 83.4072022161,
        "f": 83.0506137085
      },
      "PERSON": {
        "p": 86.6202346041,
        "r": 92.5215348473,
        "f": 89.4736842105
      },
      "NORP": {
        "p": 90.0090009001,
        "r": 88.9679715302,
        "f": 89.485458613
      },
      "GPE": {
        "p": 92.1481008618,
        "r": 89.937694704,
        "f": 91.029481318
      },
      "CARDINAL": {
        "p": 83.9739413681,
        "r": 86.8013468013,
        "f": 85.3642384106
      },
      "DATE": {
        "p": 84.981054082,
        "r": 85.9881491809,
        "f": 85.4816354816
      },
      "TIME": {
        "p": 69.1729323308,
        "r": 70.2290076336,
        "f": 69.696969697
      },
      "PERCENT": {
        "p": 91.6802610114,
        "r": 87.8125,
        "f": 89.7047086991
      },
      "WORK_OF_ART": {
        "p": 45.5445544554,
        "r": 34.328358209,
        "f": 39.1489361702
      },
      "QUANTITY": {
        "p": 79.6992481203,
        "r": 66.6666666667,
        "f": 72.602739726
      },
      "LOC": {
        "p": 73.6625514403,
        "r": 71.6,
        "f": 72.61663286
      },
      "FAC": {
        "p": 40.8602150538,
        "r": 46.9135802469,
        "f": 43.6781609195
      },
      "MONEY": {
        "p": 91.7174177832,
        "r": 90.5048076923,
        "f": 91.1070780399
      },
      "LANGUAGE": {
        "p": 75.0,
        "r": 65.2173913043,
        "f": 69.7674418605
      },
      "ORDINAL": {
        "p": 80.0724637681,
        "r": 84.3511450382,
        "f": 82.156133829
      },
      "EVENT": {
        "p": 64.4736842105,
        "r": 36.2962962963,
        "f": 46.4454976303
      },
      "PRODUCT": {
        "p": 50.5263157895,
        "r": 23.645320197,
        "f": 32.2147651007
      },
      "LAW": {
        "p": 59.0163934426,
        "r": 60.0,
        "f": 59.5041322314
      }
    }
  },
  "speed": {
    "cpu": 7206.4588205683,
    "gpu": null,
    "nwords": 291314
  },
  "labels": {
    "tagger": [
      "$",
      "''",
      ",",
      "-LRB-",
      "-RRB-",
      ".",
      ":",
      "ADD",
      "AFX",
      "CC",
      "CD",
      "DT",
      "EX",
      "FW",
      "HYPH",
      "IN",
      "JJ",
      "JJR",
      "JJS",
      "LS",
      "MD",
      "NFP",
      "NN",
      "NNP",
      "NNPS",
      "NNS",
      "PDT",
      "POS",
      "PRP",
      "PRP$",
      "RB",
      "RBR",
      "RBS",
      "RP",
      "SYM",
      "TO",
      "UH",
      "VB",
      "VBD",
      "VBG",
      "VBN",
      "VBP",
      "VBZ",
      "WDT",
      "WP",
      "WP$",
      "WRB",
      "XX",
      "_SP",
      "``"
    ],
    "parser": [
      "ROOT",
      "acl",
      "acomp",
      "advcl",
      "advmod",
      "agent",
      "amod",
      "appos",
      "attr",
      "aux",
      "auxpass",
      "case",
      "cc",
      "ccomp",
      "compound",
      "conj",
      "csubj",
      "csubjpass",
      "dative",
      "dep",
      "det",
      "dobj",
      "expl",
      "intj",
      "mark",
      "meta",
      "neg",
      "nmod",
      "npadvmod",
      "nsubj",
      "nsubjpass",
      "nummod",
      "oprd",
      "parataxis",
      "pcomp",
      "pobj",
      "poss",
      "preconj",
      "predet",
      "prep",
      "prt",
      "punct",
      "quantmod",
      "relcl",
      "xcomp"
    ],
    "ner": [
      "CARDINAL",
      "DATE",
      "EVENT",
      "FAC",
      "GPE",
      "LANGUAGE",
      "LAW",
      "LOC",
      "MONEY",
      "NORP",
      "ORDINAL",
      "ORG",
      "PERCENT",
      "PERSON",
      "PRODUCT",
      "QUANTITY",
      "TIME",
      "WORK_OF_ART"
    ]
  },
  "size": "11 MB",
  "checksum": "ea8c87848b4a97ced174919e08c00c7888a30495ace38d281d455ee270da2c12"
}