{
  "lang": "en",
  "name": "core_web_md",
  "version": "3.0.0a1",
  "description": "English pipeline optimized for CPU. Components: tok2vec, tagger, parser, senter, ner, attribute_ruler, lemmatizer.",
  "author": "Explosion",
  "email": "contact@explosion.ai",
  "url": "https://explosion.ai",
  "license": "MIT",
  "spacy_version": ">=3.0.0rc3,<3.1.0",
  "spacy_git_version": "43a752a2a",
  "vectors": {
    "width": 300,
    "vectors": 20000,
    "keys": 684830,
    "name": "en_vectors"
  },
  "labels": {
    "tok2vec": [],
    "tagger": [
      "$",
      "''",
      ",",
      "-LRB-",
      "-RRB-",
      ".",
      ":",
      "ADD",
      "AFX",
      "CC",
      "CD",
      "DT",
      "EX",
      "FW",
      "HYPH",
      "IN",
      "JJ",
      "JJR",
      "JJS",
      "LS",
      "MD",
      "NFP",
      "NN",
      "NNP",
      "NNPS",
      "NNS",
      "PDT",
      "POS",
      "PRP",
      "PRP$",
      "RB",
      "RBR",
      "RBS",
      "RP",
      "SYM",
      "TO",
      "UH",
      "VB",
      "VBD",
      "VBG",
      "VBN",
      "VBP",
      "VBZ",
      "WDT",
      "WP",
      "WP$",
      "WRB",
      "XX",
      "``"
    ],
    "parser": [
      "ROOT",
      "acl",
      "acomp",
      "advcl",
      "advmod",
      "agent",
      "amod",
      "appos",
      "attr",
      "aux",
      "auxpass",
      "case",
      "cc",
      "ccomp",
      "compound",
      "conj",
      "csubj",
      "csubjpass",
      "dative",
      "dep",
      "det",
      "dobj",
      "expl",
      "intj",
      "mark",
      "meta",
      "neg",
      "nmod",
      "npadvmod",
      "nsubj",
      "nsubjpass",
      "nummod",
      "oprd",
      "parataxis",
      "pcomp",
      "pobj",
      "poss",
      "preconj",
      "predet",
      "prep",
      "prt",
      "punct",
      "quantmod",
      "relcl",
      "xcomp"
    ],
    "senter": [
      "I",
      "S"
    ],
    "ner": [
      "CARDINAL",
      "DATE",
      "EVENT",
      "FAC",
      "GPE",
      "LANGUAGE",
      "LAW",
      "LOC",
      "MONEY",
      "NORP",
      "ORDINAL",
      "ORG",
      "PERCENT",
      "PERSON",
      "PRODUCT",
      "QUANTITY",
      "TIME",
      "WORK_OF_ART"
    ],
    "attribute_ruler": [],
    "lemmatizer": []
  },
  "pipeline": [
    "tok2vec",
    "tagger",
    "parser",
    "ner",
    "attribute_ruler",
    "lemmatizer"
  ],
  "components": [
    "tok2vec",
    "tagger",
    "parser",
    "senter",
    "ner",
    "attribute_ruler",
    "lemmatizer"
  ],
  "disabled": [
    "senter"
  ],
  "performance": {
    "token_acc": 0.9993053983,
    "tag_acc": 0.9730900008,
    "dep_uas": 0.918572789,
    "dep_las": 0.9001783572,
    "ents_p": 0.8553004248,
    "ents_r": 0.8469050481,
    "ents_f": 0.8510820332,
    "sents_p": 0.9029277902,
    "sents_r": 0.8768388416,
    "sents_f": 0.8896921017,
    "speed": 8999.2699422026,
    "dep_las_per_type": {
      "prep": {
        "p": 0.8548997564,
        "r": 0.8656042497,
        "f": 0.8602187029
      },
      "det": {
        "p": 0.9783237583,
        "r": 0.9790018756,
        "f": 0.9786626995
      },
      "pobj": {
        "p": 0.9616703023,
        "r": 0.9694875319,
        "f": 0.9655630952
      },
      "nsubj": {
        "p": 0.9594600615,
        "r": 0.9435706462,
        "f": 0.9514490193
      },
      "aux": {
        "p": 0.9795049241,
        "r": 0.9828184813,
        "f": 0.9811589051
      },
      "advmod": {
        "p": 0.853596971,
        "r": 0.8535251556,
        "f": 0.8535610618
      },
      "relcl": {
        "p": 0.7694770544,
        "r": 0.7848330914,
        "f": 0.7770792168
      },
      "root": {
        "p": 0.9150233787,
        "r": 0.8907579656,
        "f": 0.9027276374
      },
      "xcomp": {
        "p": 0.8799718409,
        "r": 0.8973438622,
        "f": 0.8885729518
      },
      "amod": {
        "p": 0.9206349206,
        "r": 0.9168772271,
        "f": 0.9187522316
      },
      "compound": {
        "p": 0.9195175439,
        "r": 0.9340610381,
        "f": 0.9267322356
      },
      "poss": {
        "p": 0.97385358,
        "r": 0.9746376812,
        "f": 0.9742454728
      },
      "ccomp": {
        "p": 0.7740250047,
        "r": 0.8448065173,
        "f": 0.8078683416
      },
      "attr": {
        "p": 0.902200489,
        "r": 0.9310344828,
        "f": 0.9163907285
      },
      "case": {
        "p": 0.9644422796,
        "r": 0.990990991,
        "f": 0.9775364108
      },
      "mark": {
        "p": 0.9066915489,
        "r": 0.9011658718,
        "f": 0.9039202658
      },
      "intj": {
        "p": 0.6105111591,
        "r": 0.6212454212,
        "f": 0.6158315178
      },
      "advcl": {
        "p": 0.6718352822,
        "r": 0.6655754218,
        "f": 0.6686907021
      },
      "cc": {
        "p": 0.8339954255,
        "r": 0.8286090181,
        "f": 0.8312934965
      },
      "neg": {
        "p": 0.9415584416,
        "r": 0.9458103362,
        "f": 0.9436795995
      },
      "conj": {
        "p": 0.760053948,
        "r": 0.7803373615,
        "f": 0.7700621118
      },
      "nsubjpass": {
        "p": 0.9245867769,
        "r": 0.9179487179,
        "f": 0.92125579
      },
      "auxpass": {
        "p": 0.9476253884,
        "r": 0.9726651481,
        "f": 0.9599820144
      },
      "dobj": {
        "p": 0.9216006216,
        "r": 0.9451749143,
        "f": 0.9332389158
      },
      "nummod": {
        "p": 0.9399338254,
        "r": 0.9325757576,
        "f": 0.9362403346
      },
      "npadvmod": {
        "p": 0.7768500949,
        "r": 0.7271758437,
        "f": 0.7511926606
      },
      "prt": {
        "p": 0.8157894737,
        "r": 0.8888888889,
        "f": 0.8507718696
      },
      "pcomp": {
        "p": 0.876396648,
        "r": 0.8788515406,
        "f": 0.8776223776
      },
      "expl": {
        "p": 0.978858351,
        "r": 0.9914346895,
        "f": 0.985106383
      },
      "acl": {
        "p": 0.755942029,
        "r": 0.7114020731,
        "f": 0.7329960652
      },
      "agent": {
        "p": 0.9036777583,
        "r": 0.9247311828,
        "f": 0.9140832595
      },
      "dative": {
        "p": 0.7738693467,
        "r": 0.7064220183,
        "f": 0.7386091127
      },
      "acomp": {
        "p": 0.9153244363,
        "r": 0.9020408163,
        "f": 0.9086340795
      },
      "dep": {
        "p": 0.374015748,
        "r": 0.1542207792,
        "f": 0.2183908046
      },
      "csubj": {
        "p": 0.7516778523,
        "r": 0.6627218935,
        "f": 0.7044025157
      },
      "quantmod": {
        "p": 0.8570159858,
        "r": 0.7839155158,
        "f": 0.8188375053
      },
      "nmod": {
        "p": 0.762560778,
        "r": 0.5734308349,
        "f": 0.6546086957
      },
      "appos": {
        "p": 0.6814355339,
        "r": 0.6672451193,
        "f": 0.674265673
      },
      "predet": {
        "p": 0.8366533865,
        "r": 0.9012875536,
        "f": 0.867768595
      },
      "preconj": {
        "p": 0.5523809524,
        "r": 0.6744186047,
        "f": 0.6073298429
      },
      "oprd": {
        "p": 0.8169491525,
        "r": 0.7194029851,
        "f": 0.7650793651
      },
      "parataxis": {
        "p": 0.6074498567,
        "r": 0.4598698482,
        "f": 0.5234567901
      },
      "meta": {
        "p": 0.875,
        "r": 0.2692307692,
        "f": 0.4117647059
      },
      "csubjpass": {
        "p": 0.5,
        "r": 0.6666666667,
        "f": 0.5714285714
      }
    },
    "ents_per_type": {
      "DATE": {
        "p": 0.8645242596,
        "r": 0.8711111111,
        "f": 0.8678051866
      },
      "GPE": {
        "p": 0.9213133314,
        "r": 0.9079497908,
        "f": 0.914582748
      },
      "ORDINAL": {
        "p": 0.7790055249,
        "r": 0.8757763975,
        "f": 0.8245614035
      },
      "LOC": {
        "p": 0.6824817518,
        "r": 0.5955414013,
        "f": 0.6360544218
      },
      "ORG": {
        "p": 0.8214191506,
        "r": 0.8255567338,
        "f": 0.8234827449
      },
      "QUANTITY": {
        "p": 0.8041958042,
        "r": 0.6318681319,
        "f": 0.7076923077
      },
      "CARDINAL": {
        "p": 0.8147942158,
        "r": 0.8709869203,
        "f": 0.841954023
      },
      "PERSON": {
        "p": 0.8770619359,
        "r": 0.9197127937,
        "f": 0.8978811534
      },
      "NORP": {
        "p": 0.9161184211,
        "r": 0.8912,
        "f": 0.903487429
      },
      "FAC": {
        "p": 0.4285714286,
        "r": 0.3461538462,
        "f": 0.3829787234
      },
      "MONEY": {
        "p": 0.8986889154,
        "r": 0.8902007084,
        "f": 0.8944246738
      },
      "TIME": {
        "p": 0.7168674699,
        "r": 0.6959064327,
        "f": 0.706231454
      },
      "PRODUCT": {
        "p": 0.6031746032,
        "r": 0.1800947867,
        "f": 0.2773722628
      },
      "WORK_OF_ART": {
        "p": 0.5041322314,
        "r": 0.3144329897,
        "f": 0.3873015873
      },
      "EVENT": {
        "p": 0.597826087,
        "r": 0.316091954,
        "f": 0.4135338346
      },
      "LAW": {
        "p": 0.5272727273,
        "r": 0.453125,
        "f": 0.487394958
      },
      "PERCENT": {
        "p": 0.9105180534,
        "r": 0.8882082695,
        "f": 0.8992248062
      },
      "LANGUAGE": {
        "p": 0.7083333333,
        "r": 0.53125,
        "f": 0.6071428571
      }
    }
  },
  "sources": [
    {
      "name": "OntoNotes 5",
      "url": "https://catalog.ldc.upenn.edu/LDC2013T19",
      "license": "commercial (licensed by Explosion)"
    }
  ],
  "requirements": [],
  "parent_package": "spacy-nightly",
  "size": "44 MB",
  "checksum": "63f6bc9e814e142df676812a8a2427dd7acd853ddb42e22fe60e5ab06e1851ca"
}