{
  "lang": "en",
  "name": "core_web_trf",
  "version": "3.0.0",
  "description": "English transformer pipeline (roberta-base). Components: transformer, tagger, parser, ner, attribute_ruler, lemmatizer.",
  "author": "Explosion",
  "email": "contact@explosion.ai",
  "url": "https://explosion.ai",
  "license": "MIT",
  "spacy_version": ">=3.0.0,<3.1.0",
  "spacy_git_version": "e7db07a0b",
  "vectors": {
    "width": 0,
    "vectors": 0,
    "keys": 0,
    "name": null
  },
  "labels": {
    "transformer": [],
    "tagger": [
      "$",
      "''",
      ",",
      "-LRB-",
      "-RRB-",
      ".",
      ":",
      "ADD",
      "AFX",
      "CC",
      "CD",
      "DT",
      "EX",
      "FW",
      "HYPH",
      "IN",
      "JJ",
      "JJR",
      "JJS",
      "LS",
      "MD",
      "NFP",
      "NN",
      "NNP",
      "NNPS",
      "NNS",
      "PDT",
      "POS",
      "PRP",
      "PRP$",
      "RB",
      "RBR",
      "RBS",
      "RP",
      "SYM",
      "TO",
      "UH",
      "VB",
      "VBD",
      "VBG",
      "VBN",
      "VBP",
      "VBZ",
      "WDT",
      "WP",
      "WP$",
      "WRB",
      "XX",
      "``"
    ],
    "parser": [
      "ROOT",
      "acl",
      "acomp",
      "advcl",
      "advmod",
      "agent",
      "amod",
      "appos",
      "attr",
      "aux",
      "auxpass",
      "case",
      "cc",
      "ccomp",
      "compound",
      "conj",
      "csubj",
      "csubjpass",
      "dative",
      "dep",
      "det",
      "dobj",
      "expl",
      "intj",
      "mark",
      "meta",
      "neg",
      "nmod",
      "npadvmod",
      "nsubj",
      "nsubjpass",
      "nummod",
      "oprd",
      "parataxis",
      "pcomp",
      "pobj",
      "poss",
      "preconj",
      "predet",
      "prep",
      "prt",
      "punct",
      "quantmod",
      "relcl",
      "xcomp"
    ],
    "ner": [
      "CARDINAL",
      "DATE",
      "EVENT",
      "FAC",
      "GPE",
      "LANGUAGE",
      "LAW",
      "LOC",
      "MONEY",
      "NORP",
      "ORDINAL",
      "ORG",
      "PERCENT",
      "PERSON",
      "PRODUCT",
      "QUANTITY",
      "TIME",
      "WORK_OF_ART"
    ],
    "attribute_ruler": [],
    "lemmatizer": []
  },
  "pipeline": [
    "transformer",
    "tagger",
    "parser",
    "ner",
    "attribute_ruler",
    "lemmatizer"
  ],
  "components": [
    "transformer",
    "tagger",
    "parser",
    "ner",
    "attribute_ruler",
    "lemmatizer"
  ],
  "disabled": [],
  "performance": {
    "token_acc": 0.9993053983,
    "tag_acc": 0.9781519411,
    "dep_uas": 0.9509839639,
    "dep_las": 0.9373155265,
    "ents_p": 0.9051983097,
    "ents_r": 0.8903745994,
    "ents_f": 0.8977252645,
    "sents_p": 0.9432883939,
    "sents_r": 0.8492644634,
    "sents_f": 0.8938105322,
    "speed": 4162.583867976,
    "dep_las_per_type": {
      "prep": {
        "p": 0.9218258331,
        "r": 0.922595333,
        "f": 0.9222104225
      },
      "det": {
        "p": 0.9909313725,
        "r": 0.9890728207,
        "f": 0.9900012243
      },
      "pobj": {
        "p": 0.9836612859,
        "r": 0.983506774,
        "f": 0.9835840239
      },
      "nsubj": {
        "p": 0.9781552336,
        "r": 0.9789266156,
        "f": 0.9785407725
      },
      "aux": {
        "p": 0.9878113879,
        "r": 0.9884269563,
        "f": 0.9881190762
      },
      "advmod": {
        "p": 0.8902784726,
        "r": 0.8983678277,
        "f": 0.8943048576
      },
      "relcl": {
        "p": 0.8760623229,
        "r": 0.8976777939,
        "f": 0.8867383513
      },
      "root": {
        "p": 0.9655273581,
        "r": 0.8683950129,
        "f": 0.914388914
      },
      "xcomp": {
        "p": 0.9376801153,
        "r": 0.9343144293,
        "f": 0.9359942467
      },
      "amod": {
        "p": 0.9451938742,
        "r": 0.9396825397,
        "f": 0.9424301494
      },
      "compound": {
        "p": 0.9482144844,
        "r": 0.9493762531,
        "f": 0.9487950131
      },
      "poss": {
        "p": 0.9861334405,
        "r": 0.9877214171,
        "f": 0.98692679
      },
      "ccomp": {
        "p": 0.8444236176,
        "r": 0.9175152749,
        "f": 0.8794533919
      },
      "attr": {
        "p": 0.944512947,
        "r": 0.9663582843,
        "f": 0.9553107462
      },
      "case": {
        "p": 0.9895522388,
        "r": 0.9954954955,
        "f": 0.9925149701
      },
      "mark": {
        "p": 0.9528351881,
        "r": 0.9528351881,
        "f": 0.9528351881
      },
      "intj": {
        "p": 0.5967270602,
        "r": 0.747985348,
        "f": 0.6638491547
      },
      "advcl": {
        "p": 0.8079110651,
        "r": 0.7869554268,
        "f": 0.7972955734
      },
      "cc": {
        "p": 0.8881359962,
        "r": 0.8935534027,
        "f": 0.8908364634
      },
      "neg": {
        "p": 0.9573721163,
        "r": 0.9578524837,
        "f": 0.9576122398
      },
      "conj": {
        "p": 0.8645746331,
        "r": 0.9121349446,
        "f": 0.8877182236
      },
      "nsubjpass": {
        "p": 0.9595225739,
        "r": 0.9482051282,
        "f": 0.9538302811
      },
      "auxpass": {
        "p": 0.9663941871,
        "r": 0.969476082,
        "f": 0.9679326814
      },
      "dobj": {
        "p": 0.9703214513,
        "r": 0.9717905809,
        "f": 0.9710554604
      },
      "nummod": {
        "p": 0.9537013483,
        "r": 0.9467171717,
        "f": 0.9501964263
      },
      "npadvmod": {
        "p": 0.8554934823,
        "r": 0.8159857904,
        "f": 0.8352727273
      },
      "prt": {
        "p": 0.8847161572,
        "r": 0.9077060932,
        "f": 0.8960636886
      },
      "pcomp": {
        "p": 0.9367897727,
        "r": 0.9236694678,
        "f": 0.9301833568
      },
      "expl": {
        "p": 0.9914712154,
        "r": 0.9957173448,
        "f": 0.9935897436
      },
      "acl": {
        "p": 0.8569844789,
        "r": 0.8434260775,
        "f": 0.8501512235
      },
      "agent": {
        "p": 0.9539007092,
        "r": 0.9641577061,
        "f": 0.9590017825
      },
      "dative": {
        "p": 0.8087912088,
        "r": 0.8440366972,
        "f": 0.8260381594
      },
      "acomp": {
        "p": 0.9357756671,
        "r": 0.9383219955,
        "f": 0.9370471014
      },
      "dep": {
        "p": 0.4423791822,
        "r": 0.3863636364,
        "f": 0.4124783362
      },
      "csubj": {
        "p": 0.9079754601,
        "r": 0.875739645,
        "f": 0.8915662651
      },
      "quantmod": {
        "p": 0.8574840764,
        "r": 0.8748984565,
        "f": 0.8661037394
      },
      "nmod": {
        "p": 0.8574577517,
        "r": 0.7111517367,
        "f": 0.7774816789
      },
      "appos": {
        "p": 0.7875259875,
        "r": 0.821691974,
        "f": 0.8042462845
      },
      "predet": {
        "p": 0.8619246862,
        "r": 0.8841201717,
        "f": 0.8728813559
      },
      "preconj": {
        "p": 0.6923076923,
        "r": 0.7325581395,
        "f": 0.7118644068
      },
      "oprd": {
        "p": 0.9090909091,
        "r": 0.8358208955,
        "f": 0.8709175739
      },
      "parataxis": {
        "p": 0.5410122164,
        "r": 0.6724511931,
        "f": 0.5996131528
      },
      "meta": {
        "p": 0.2660550459,
        "r": 0.5576923077,
        "f": 0.3602484472
      },
      "csubjpass": {
        "p": 1.0,
        "r": 0.8333333333,
        "f": 0.9090909091
      }
    },
    "ents_per_type": {
      "DATE": {
        "p": 0.9038834951,
        "r": 0.8866666667,
        "f": 0.8951923077
      },
      "GPE": {
        "p": 0.9619925137,
        "r": 0.9319386332,
        "f": 0.9467271182
      },
      "ORDINAL": {
        "p": 0.8126888218,
        "r": 0.8354037267,
        "f": 0.8238897397
      },
      "ORG": {
        "p": 0.9046474359,
        "r": 0.8979321315,
        "f": 0.9012772751
      },
      "FAC": {
        "p": 0.5668789809,
        "r": 0.6846153846,
        "f": 0.6202090592
      },
      "QUANTITY": {
        "p": 0.7727272727,
        "r": 0.7472527473,
        "f": 0.7597765363
      },
      "LOC": {
        "p": 0.8296529968,
        "r": 0.8375796178,
        "f": 0.8335974643
      },
      "CARDINAL": {
        "p": 0.8623578695,
        "r": 0.8567181926,
        "f": 0.8595287802
      },
      "PERSON": {
        "p": 0.9481648422,
        "r": 0.9611618799,
        "f": 0.9546191248
      },
      "NORP": {
        "p": 0.9371428571,
        "r": 0.9184,
        "f": 0.9276767677
      },
      "LAW": {
        "p": 0.6376811594,
        "r": 0.6875,
        "f": 0.6616541353
      },
      "MONEY": {
        "p": 0.9256505576,
        "r": 0.8819362456,
        "f": 0.9032648126
      },
      "TIME": {
        "p": 0.7313829787,
        "r": 0.8040935673,
        "f": 0.7660167131
      },
      "EVENT": {
        "p": 0.765625,
        "r": 0.5632183908,
        "f": 0.6490066225
      },
      "PRODUCT": {
        "p": 0.7259259259,
        "r": 0.4644549763,
        "f": 0.5664739884
      },
      "WORK_OF_ART": {
        "p": 0.630952381,
        "r": 0.5463917526,
        "f": 0.5856353591
      },
      "PERCENT": {
        "p": 0.896875,
        "r": 0.8790199081,
        "f": 0.8878576953
      },
      "LANGUAGE": {
        "p": 0.8928571429,
        "r": 0.78125,
        "f": 0.8333333333
      }
    }
  },
  "sources": [
    {
      "name": "OntoNotes 5",
      "url": "https://catalog.ldc.upenn.edu/LDC2013T19",
      "license": "commercial (licensed by Explosion)"
    }
  ],
  "requirements": [
    "spacy-transformers>=1.0.0rc4,<1.1.0"
  ],
  "size": "438 MB",
  "checksum": "b6c2fcf6b29efac4b8b5e957316ad7785513229b4a12cb35c857879dcf79955e",
  "checksum_whl": "628c98427e1171066177a85be1739aca2298a8d17442e76daeda94819e456381"
}