{
  "lang": "en",
  "name": "core_web_lg",
  "license": "MIT",
  "author": "Explosion",
  "url": "https://explosion.ai",
  "email": "contact@explosion.ai",
  "description": "English multi-task CNN trained on OntoNotes, with GloVe vectors trained on Common Crawl. Assigns word vectors, POS tags, dependency parses and named entities.",
  "sources": [
    {
      "name": "OntoNotes 5",
      "url": "https://catalog.ldc.upenn.edu/LDC2013T19",
      "license": "commercial (licensed by Explosion)"
    },
    {
      "name": "GloVe Common Crawl",
      "author": "Jeffrey Pennington, Richard Socher, and Christopher D. Manning",
      "url": "https://nlp.stanford.edu/projects/glove/",
      "license": "Public Domain Dedication and License v1.0"
    }
  ],
  "pipeline": [
    "tagger",
    "parser",
    "ner"
  ],
  "version": "2.3.0",
  "spacy_version": ">=2.3.0,<2.4.0",
  "parent_package": "spacy",
  "accuracy": {
    "las": 90.2731312533,
    "uas": 92.0732348508,
    "token_acc": 99.7576498212,
    "las_per_type": {
      "nsubj": {
        "p": 95.9824980111,
        "r": 95.1290025844,
        "f": 95.5538444616
      },
      "root": {
        "p": 90.0668700902,
        "r": 91.4924487239,
        "f": 90.774062684
      },
      "det": {
        "p": 98.018833313,
        "r": 98.0348187712,
        "f": 98.0268253904
      },
      "dobj": {
        "p": 93.2264655037,
        "r": 94.5263325631,
        "f": 93.8718993551
      },
      "aux": {
        "p": 98.2574679943,
        "r": 98.3799181058,
        "f": 98.3186549239
      },
      "relcl": {
        "p": 78.1338028169,
        "r": 80.4568527919,
        "f": 79.2783136835
      },
      "xcomp": {
        "p": 89.992800576,
        "r": 89.7343862168,
        "f": 89.8634076204
      },
      "prt": {
        "p": 81.9246861925,
        "r": 87.7240143369,
        "f": 84.7252271744
      },
      "prep": {
        "p": 86.4556246467,
        "r": 87.039496149,
        "f": 86.7465779324
      },
      "pobj": {
        "p": 96.3904840033,
        "r": 96.886288676,
        "f": 96.6377504063
      },
      "ccomp": {
        "p": 81.3299232737,
        "r": 84.1955193483,
        "f": 82.7379165416
      },
      "neg": {
        "p": 94.4055944056,
        "r": 94.8319116909,
        "f": 94.6182728411
      },
      "advmod": {
        "p": 86.1389502293,
        "r": 85.3129205922,
        "f": 85.7239455667
      },
      "acomp": {
        "p": 90.8760780754,
        "r": 90.7113729044,
        "f": 90.7936507937
      },
      "amod": {
        "p": 92.3248784334,
        "r": 91.0268869453,
        "f": 91.6712882915
      },
      "attr": {
        "p": 91.1439114391,
        "r": 93.4819175778,
        "f": 92.2981108574
      },
      "compound": {
        "p": 91.3223140496,
        "r": 92.3089775006,
        "f": 91.8129950701
      },
      "appos": {
        "p": 69.5067264574,
        "r": 67.2451193059,
        "f": 68.3572216097
      },
      "npadvmod": {
        "p": 78.2674772036,
        "r": 73.1793960924,
        "f": 75.6379658528
      },
      "mark": {
        "p": 90.7660020986,
        "r": 91.6799152093,
        "f": 91.2206696546
      },
      "pcomp": {
        "p": 85.027100271,
        "r": 87.8851540616,
        "f": 86.4325068871
      },
      "cc": {
        "p": 84.1706730769,
        "r": 83.7479071992,
        "f": 83.9587579427
      },
      "conj": {
        "p": 78.1113741124,
        "r": 78.9175582127,
        "f": 78.5123966942
      },
      "advcl": {
        "p": 69.3012300445,
        "r": 66.6834550491,
        "f": 67.9671457906
      },
      "nmod": {
        "p": 75.6994404476,
        "r": 57.7087141987,
        "f": 65.4910096819
      },
      "dative": {
        "p": 73.6842105263,
        "r": 70.6422018349,
        "f": 72.131147541
      },
      "poss": {
        "p": 97.4518459069,
        "r": 97.7657004831,
        "f": 97.6085209003
      },
      "case": {
        "p": 98.2638888889,
        "r": 99.1491491491,
        "f": 98.7045341305
      },
      "nummod": {
        "p": 93.2557524464,
        "r": 89.0404040404,
        "f": 91.0993411704
      },
      "acl": {
        "p": 74.456218628,
        "r": 72.8314238953,
        "f": 73.6348593491
      },
      "nsubjpass": {
        "p": 92.3353909465,
        "r": 92.0512820513,
        "f": 92.1931176168
      },
      "auxpass": {
        "p": 95.3321364452,
        "r": 96.7653758542,
        "f": 96.0434094506
      },
      "csubjpass": {
        "p": 50.0,
        "r": 83.3333333333,
        "f": 62.5
      },
      "meta": {
        "p": 53.5714285714,
        "r": 28.8461538462,
        "f": 37.5
      },
      "expl": {
        "p": 98.5106382979,
        "r": 99.1434689507,
        "f": 98.826040555
      },
      "oprd": {
        "p": 84.5637583893,
        "r": 75.223880597,
        "f": 79.6208530806
      },
      "quantmod": {
        "p": 85.079928952,
        "r": 77.8229082047,
        "f": 81.2897751379
      },
      "dep": {
        "p": 39.2727272727,
        "r": 17.5324675325,
        "f": 24.2424242424
      },
      "csubj": {
        "p": 69.6629213483,
        "r": 73.3727810651,
        "f": 71.469740634
      },
      "agent": {
        "p": 90.2730375427,
        "r": 94.8028673835,
        "f": 92.4825174825
      },
      "preconj": {
        "p": 50.4761904762,
        "r": 61.6279069767,
        "f": 55.497382199
      },
      "intj": {
        "p": 69.6369636964,
        "r": 61.8315018315,
        "f": 65.5025223128
      },
      "parataxis": {
        "p": 66.862170088,
        "r": 49.4577006508,
        "f": 56.8578553616
      },
      "predet": {
        "p": 84.6153846154,
        "r": 89.6995708155,
        "f": 87.0833333333
      }
    },
    "tags_acc": 97.240514591,
    "ents_f": 86.5234756864,
    "ents_p": 86.4824120603,
    "ents_r": 86.5645783267,
    "ents_per_type": {
      "NORP": {
        "p": 88.7640449438,
        "r": 91.3701067616,
        "f": 90.048224463
      },
      "ORG": {
        "p": 84.6980976013,
        "r": 85.0969529086,
        "f": 84.8970567915
      },
      "PERSON": {
        "p": 89.6938013443,
        "r": 94.0485512921,
        "f": 91.8195718654
      },
      "WORK_OF_ART": {
        "p": 45.5445544554,
        "r": 34.328358209,
        "f": 39.1489361702
      },
      "DATE": {
        "p": 85.4315933129,
        "r": 87.2777971419,
        "f": 86.3448275862
      },
      "PRODUCT": {
        "p": 58.4905660377,
        "r": 30.5418719212,
        "f": 40.1294498382
      },
      "GPE": {
        "p": 93.2380952381,
        "r": 91.4953271028,
        "f": 92.358490566
      },
      "MONEY": {
        "p": 91.8689320388,
        "r": 90.9855769231,
        "f": 91.4251207729
      },
      "PERCENT": {
        "p": 92.0454545455,
        "r": 88.59375,
        "f": 90.2866242038
      },
      "CARDINAL": {
        "p": 84.1280209014,
        "r": 86.734006734,
        "f": 85.4111405836
      },
      "ORDINAL": {
        "p": 79.8507462687,
        "r": 81.679389313,
        "f": 80.7547169811
      },
      "EVENT": {
        "p": 61.5384615385,
        "r": 35.5555555556,
        "f": 45.0704225352
      },
      "FAC": {
        "p": 34.8214285714,
        "r": 48.1481481481,
        "f": 40.414507772
      },
      "TIME": {
        "p": 69.1729323308,
        "r": 70.2290076336,
        "f": 69.696969697
      },
      "LAW": {
        "p": 62.0689655172,
        "r": 60.0,
        "f": 61.0169491525
      },
      "LOC": {
        "p": 74.0740740741,
        "r": 72.0,
        "f": 73.0223123732
      },
      "QUANTITY": {
        "p": 77.2413793103,
        "r": 70.4402515723,
        "f": 73.6842105263
      },
      "LANGUAGE": {
        "p": 73.6842105263,
        "r": 60.8695652174,
        "f": 66.6666666667
      }
    }
  },
  "speed": {
    "cpu": 6612.8122776571,
    "gpu": null,
    "nwords": 291314
  },
  "labels": {
    "tagger": [
      "$",
      "''",
      ",",
      "-LRB-",
      "-RRB-",
      ".",
      ":",
      "ADD",
      "AFX",
      "CC",
      "CD",
      "DT",
      "EX",
      "FW",
      "HYPH",
      "IN",
      "JJ",
      "JJR",
      "JJS",
      "LS",
      "MD",
      "NFP",
      "NN",
      "NNP",
      "NNPS",
      "NNS",
      "PDT",
      "POS",
      "PRP",
      "PRP$",
      "RB",
      "RBR",
      "RBS",
      "RP",
      "SYM",
      "TO",
      "UH",
      "VB",
      "VBD",
      "VBG",
      "VBN",
      "VBP",
      "VBZ",
      "WDT",
      "WP",
      "WP$",
      "WRB",
      "XX",
      "_SP",
      "``"
    ],
    "parser": [
      "ROOT",
      "acl",
      "acomp",
      "advcl",
      "advmod",
      "agent",
      "amod",
      "appos",
      "attr",
      "aux",
      "auxpass",
      "case",
      "cc",
      "ccomp",
      "compound",
      "conj",
      "csubj",
      "csubjpass",
      "dative",
      "dep",
      "det",
      "dobj",
      "expl",
      "intj",
      "mark",
      "meta",
      "neg",
      "nmod",
      "npadvmod",
      "nsubj",
      "nsubjpass",
      "nummod",
      "oprd",
      "parataxis",
      "pcomp",
      "pobj",
      "poss",
      "preconj",
      "predet",
      "prep",
      "prt",
      "punct",
      "quantmod",
      "relcl",
      "xcomp"
    ],
    "ner": [
      "CARDINAL",
      "DATE",
      "EVENT",
      "FAC",
      "GPE",
      "LANGUAGE",
      "LAW",
      "LOC",
      "MONEY",
      "NORP",
      "ORDINAL",
      "ORG",
      "PERCENT",
      "PERSON",
      "PRODUCT",
      "QUANTITY",
      "TIME",
      "WORK_OF_ART"
    ]
  },
  "vectors": {
    "width": 300,
    "vectors": 684831,
    "keys": 684830,
    "name": "en_core_web_lg.vectors"
  },
  "size": "746 MB",
  "checksum": "c2c532aad85495bd5708ec077ceb3700794cd64b88480f654942f9303e2fca55"
}