{
  "lang": "en", 
  "pipeline": [
    "tagger", 
    "parser", 
    "ner"
  ], 
  "accuracy": {
    "token_acc": 99.8609203297, 
    "ents_p": 85.6222222222, 
    "ents_r": 86.1342424412, 
    "uas": 91.7226238412, 
    "tags_acc": 97.1103903351, 
    "ents_f": 85.8774691444, 
    "las": 89.838878402
  }, 
  "name": "core_web_md", 
  "license": "CC BY-SA 3.0", 
  "author": "Explosion AI", 
  "url": "https://explosion.ai", 
  "checksum": "f643b4b38767bc359c933067148e63a65cb44def11a5906844133bc5923cb65e", 
  "vectors": {
    "keys": 684830, 
    "width": 300, 
    "vectors": 20000
  }, 
  "sources": [
    "OntoNotes 5", 
    "Common Crawl"
  ], 
  "version": "2.0.0a0", 
  "size": "115 MB", 
  "spacy_version": ">=2.0.0", 
  "parent_package": "spacy-nightly", 
  "speed": {
    "gpu": null, 
    "nwords": 291344, 
    "cpu": 4532.930431222
  }, 
  "email": "contact@explosion.ai", 
  "description": "English multi-task CNN trained on OntoNotes, with GloVe vectors trained on Common Crawl. Assigns word vectors, context-specific token vectors, POS tags, dependency parse and named entities."
}