{
  "lang": "en", 
  "pipeline": [], 
  "name": "vectors_web_lg", 
  "license": "CC BY-SA 3.0", 
  "author": "Jeffrey Pennington, Richard Socher, and Christopher D. Manning. Repackaged by Explosion AI", 
  "url": "https://nlp.stanford.edu/projects/glove", 
  "checksum": "dcaff40f5a132265d619191cdd44a218b1d0cb3c1ebeef02e9a6ecf6376a0e97", 
  "size": "631 MB", 
  "version": "2.0.0", 
  "spacy_version": ">=2.0.0.a10,<3.0.0", 
  "parent_package": "spacy", 
  "email": "contact@explosion.ai", 
  "description": "300-dimensional word vectors trained on Common Crawl with GloVe.",
  "sources": ["Common Crawl"],
  "vectors": {
     "width": 300,
     "vectors": 1070971,
     "keys": 1070971
  }
}
