{
 "lang":"en",
 "name":"vectors_web_lg",
 "license":"CC BY-SA 3.0",
 "author":"Jeffrey Pennington, Richard Socher, and Christopher D. Manning. Repackaged by Explosion AI",
 "url":"https://nlp.stanford.edu/projects/glove/",
 "version":"2.1.0a0",
 "spacy_version":">=2.1.0.a7,<3.0.0",
 "parent_package":"spacy-nightly",
 "email":"contact@explosion.ai",
 "description":"300-dimensional word vectors trained on Common Crawl with GloVe",
 "pipeline": [],
 "vectors": {
   "width": 300,
   "vectors": 1070971,
   "keys": 1070971
 },
 "sources": ["Common Crawl"],
 "size": "627 MB"
}
