{
  "lang": "es", 
  "pipeline": [
    "tagger", 
    "parser", 
    "ner"
  ], 
  "name": "core_web_sm", 
  "license": "CC BY-SA 3.0", 
  "author": "Explosion AI", 
  "url": "https://explosion.ai", 
  "checksum": "783d55527c7a993d316b8b3fd626e3c281445415e731ee7546d54c0db8b8d77b", 
  "notes": "The NER accuracy refers to the \"silver standard\" annotations in the WikiNER corpus. Accuracy on these annotations tends to be higher than correct human annotations.", 
  "description": "Spanish multi-task CNN trained on the AnCora and WikiNER corpus. Assigns context-specific token vectors, POS tags, dependency parse and named entities.", 
  "sources": [
    "AnCora", 
    "WikiNER"
  ], 
  "version": "2.0.0a0", 
  "size": "36 MB", 
  "spacy_version": ">=2.0.0a15", 
  "parent_package": "spacy-nightly", 
  "email": "contact@explosion.ai", 
  "accuracy": {
    "token_acc": 100.0, 
    "ents_p": 89.1880856624, 
    "ents_r": 88.9139903122, 
    "uas": 90.1762621982, 
    "tags_acc": 96.7334136592, 
    "ents_f": 89.0508270738, 
    "las": 87.1291647649
  }
}