{
  "lang": "es",
  "name": "core_news_sm",
  "version": "3.2.0",
  "description": "Spanish pipeline optimized for CPU. Components: tok2vec, morphologizer, parser, senter, ner, attribute_ruler, lemmatizer.",
  "author": "Explosion",
  "email": "contact@explosion.ai",
  "url": "https://explosion.ai",
  "license": "GNU GPL 3.0",
  "spacy_version": ">=3.2.0,<3.3.0",
  "spacy_git_version": "bb26550e2",
  "vectors": {
    "width": 0,
    "vectors": 0,
    "keys": 0,
    "name": null
  },
  "labels": {
    "tok2vec": [],
    "morphologizer": [
      "Definite=Def|Gender=Masc|Number=Sing|POS=DET|PronType=Art",
      "Gender=Masc|Number=Sing|POS=NOUN",
      "Definite=Def|Gender=Masc|Number=Sing|POS=ADP|PronType=Art",
      "Gender=Masc|Number=Sing|POS=ADJ",
      "POS=ADP",
      "Definite=Def|Gender=Fem|Number=Plur|POS=DET|PronType=Art",
      "POS=PROPN",
      "Case=Acc|POS=PRON|Person=3|PrepCase=Npr|PronType=Prs|Reflex=Yes",
      "Mood=Ind|Number=Sing|POS=VERB|Person=3|Tense=Past|VerbForm=Fin",
      "POS=VERB|VerbForm=Inf",
      "Gender=Fem|Number=Sing|POS=DET|PronType=Dem",
      "Gender=Fem|Number=Sing|POS=NOUN",
      "Gender=Fem|Number=Plur|POS=NOUN",
      "Gender=Fem|Number=Plur|POS=DET|PronType=Ind",
      "POS=PRON|PronType=Int,Rel",
      "Mood=Sub|Number=Plur|POS=VERB|Person=3|Tense=Pres|VerbForm=Fin",
      "Definite=Def|Gender=Fem|Number=Sing|POS=DET|PronType=Art",
      "POS=SCONJ",
      "POS=NOUN",
      "Definite=Def|Gender=Masc|Number=Plur|POS=DET|PronType=Art",
      "Number=Plur|POS=NOUN",
      "Gender=Masc|Number=Plur|POS=DET|PronType=Ind",
      "Gender=Masc|Number=Plur|POS=NOUN",
      "POS=PUNCT|PunctType=Peri",
      "Mood=Ind|Number=Sing|POS=VERB|Person=3|Tense=Pres|VerbForm=Fin",
      "POS=PUNCT|PunctType=Comm",
      "Case=Acc|Gender=Fem|Number=Sing|POS=VERB|Person=3|PrepCase=Npr|PronType=Prs|VerbForm=Inf",
      "Mood=Ind|Number=Plur|POS=AUX|Person=3|Tense=Pres|VerbForm=Fin",
      "Gender=Masc|Number=Sing|POS=VERB|Tense=Past|VerbForm=Part",
      "Number=Plur|POS=ADJ",
      "POS=CCONJ",
      "Gender=Masc|Number=Plur|POS=PRON|PronType=Ind",
      "POS=ADV",
      "Mood=Ind|Number=Plur|POS=VERB|Person=3|Tense=Fut|VerbForm=Fin",
      "Gender=Masc|NumType=Card|Number=Plur|POS=DET|PronType=Dem",
      "Mood=Ind|Number=Sing|POS=AUX|Person=3|Tense=Pres|VerbForm=Fin",
      "Number=Sing|POS=ADJ",
      "Gender=Masc|Number=Plur|POS=ADJ|VerbForm=Part",
      "Gender=Masc|Number=Plur|POS=PRON|PronType=Tot",
      "POS=PRON|PronType=Ind",
      "POS=ADV|Polarity=Neg",
      "Case=Acc|Gender=Masc|Number=Sing|POS=PRON|Person=3|PrepCase=Npr|PronType=Prs",
      "Gender=Fem|Number=Sing|POS=ADJ",
      "Mood=Ind|Number=Plur|POS=VERB|Person=3|Tense=Past|VerbForm=Fin",
      "Number=Plur|POS=PRON|PronType=Int,Rel",
      "POS=PUNCT|PunctType=Quot",
      "POS=PUNCT",
      "Gender=Masc|Number=Sing|POS=ADJ|VerbForm=Part",
      "POS=PUNCT|PunctSide=Ini|PunctType=Brck",
      "POS=PUNCT|PunctSide=Fin|PunctType=Brck",
      "NumForm=Digit|NumType=Card|POS=NUM",
      "NumType=Card|POS=NUM",
      "POS=VERB|VerbForm=Ger",
      "Definite=Ind|Gender=Masc|Number=Sing|POS=DET|PronType=Art",
      "Gender=Masc|Number=Sing|POS=DET|PronType=Dem",
      "Gender=Fem|NumType=Ord|Number=Plur|POS=ADJ",
      "Number=Sing|POS=DET|Person=3|Poss=Yes|PronType=Prs",
      "Number=Sing|POS=NOUN",
      "Gender=Masc|Number=Plur|POS=ADJ",
      "Mood=Ind|Number=Sing|POS=AUX|Person=3|Tense=Fut|VerbForm=Fin",
      "Gender=Fem|Number=Sing|POS=ADJ|VerbForm=Part",
      "Mood=Ind|Number=Plur|POS=VERB|Person=3|Tense=Pres|VerbForm=Fin",
      "Degree=Cmp|POS=ADV",
      "POS=AUX|VerbForm=Inf",
      "Number=Plur|POS=DET|PronType=Ind",
      "Number=Plur|POS=DET|PronType=Dem",
      "POS=PRON|Person=3|PrepCase=Npr|PronType=Prs|Reflex=Yes",
      "Degree=Cmp|Number=Sing|POS=ADJ",
      "Mood=Ind|Number=Sing|POS=VERB|Person=3|Tense=Fut|VerbForm=Fin",
      "Case=Acc|POS=VERB|Person=3|PrepCase=Npr|PronType=Prs|Reflex=Yes|VerbForm=Inf",
      "Degree=Sup|Gender=Masc|Number=Plur|POS=ADJ",
      "Definite=Ind|Gender=Fem|Number=Sing|POS=DET|PronType=Art",
      "AdvType=Tim|POS=NOUN",
      "Gender=Masc|Number=Sing|POS=PRON|PronType=Ind",
      "NumType=Card|Number=Plur|POS=NUM",
      "Case=Acc|Gender=Masc|Number=Sing|POS=VERB|Person=3|PrepCase=Npr|PronType=Prs|VerbForm=Inf",
      "NumForm=Digit|POS=NOUN",
      "Number=Sing|POS=PRON|PronType=Dem",
      "Number=Plur|POS=DET|Person=3|Poss=Yes|PronType=Prs",
      "Gender=Fem|Number=Plur|POS=ADJ",
      "Gender=Fem|Number=Plur|POS=PRON|PronType=Ind",
      "Gender=Masc|Number=Plur|POS=DET|PronType=Tot",
      "Mood=Ind|Number=Sing|POS=VERB|Person=3|Tense=Imp|VerbForm=Fin",
      "Mood=Ind|Number=Plur|POS=AUX|Person=3|Tense=Past|VerbForm=Fin",
      "Gender=Masc|Number=Plur|POS=VERB|Tense=Past|VerbForm=Part",
      "Gender=Masc|NumType=Ord|Number=Sing|POS=ADJ",
      "Gender=Masc|NumType=Ord|Number=Plur|POS=ADJ",
      "Gender=Masc|Number=Plur|POS=DET|PronType=Dem",
      "Gender=Masc|Number=Sing|POS=AUX|Tense=Past|VerbForm=Part",
      "Number=Sing|POS=DET|PronType=Tot",
      "Gender=Fem|Number=Sing|POS=PRON|PronType=Ind",
      "Case=Dat|POS=PRON|Person=3|PrepCase=Npr|PronType=Prs|Reflex=Yes",
      "Mood=Ind|Number=Sing|POS=AUX|Person=1|Tense=Pres|VerbForm=Fin",
      "Mood=Ind|Number=Sing|POS=VERB|Person=1|Tense=Pres|VerbForm=Fin",
      "Degree=Cmp|Number=Plur|POS=ADJ",
      "POS=AUX|VerbForm=Ger",
      "Gender=Fem|POS=NOUN",
      "Gender=Fem|NumType=Ord|Number=Sing|POS=ADJ",
      "AdvType=Tim|POS=ADJ",
      "Mood=Ind|Number=Sing|POS=AUX|Person=3|Tense=Past|VerbForm=Fin",
      "Gender=Fem|Number=Sing|POS=VERB|Tense=Past|VerbForm=Part",
      "Case=Acc|Gender=Fem|Number=Sing|POS=PRON|Person=3|PrepCase=Npr|PronType=Prs",
      "Mood=Ind|Number=Sing|POS=VERB|Person=1|Tense=Imp|VerbForm=Fin",
      "Gender=Fem|Number=Plur|POS=ADJ|VerbForm=Part",
      "Gender=Fem|Number=Plur|POS=DET|PronType=Dem",
      "Gender=Masc|Number=Sing|POS=PRON|Poss=Yes|PronType=Int,Rel",
      "Number=Sing|POS=PRON|PronType=Int,Rel",
      "POS=ADJ",
      "Mood=Ind|Number=Sing|POS=AUX|Person=1|Tense=Imp|VerbForm=Fin",
      "Mood=Ind|Number=Plur|POS=VERB|Person=3|Tense=Imp|VerbForm=Fin",
      "Mood=Ind|Number=Plur|POS=AUX|Person=3|Tense=Imp|VerbForm=Fin",
      "Mood=Sub|Number=Sing|POS=VERB|Person=3|Tense=Pres|VerbForm=Fin",
      "Gender=Fem|Number=Plur|POS=DET|PronType=Tot",
      "Case=Acc,Nom|Gender=Masc|Number=Sing|POS=PRON|Person=3|PronType=Prs",
      "Mood=Sub|Number=Sing|POS=VERB|Person=1|Tense=Pres|VerbForm=Fin",
      "Definite=Ind|Gender=Fem|Number=Plur|POS=DET|PronType=Art",
      "Case=Acc,Nom|Gender=Fem|Number=Plur|POS=PRON|Person=3|PronType=Prs",
      "Mood=Ind|Number=Plur|POS=VERB|Person=1|Tense=Pres|VerbForm=Fin",
      "Case=Acc|Definite=Def|Gender=Masc|Number=Sing|POS=PRON|Person=3|PrepCase=Npr|PronType=Prs",
      "Gender=Fem|Number=Sing|POS=PRON|PronType=Dem",
      "Mood=Cnd|Number=Sing|POS=VERB|Person=1|VerbForm=Fin",
      "Gender=Masc|Number=Sing|POS=DET|PronType=Tot",
      "Number=Plur|POS=PRON|PronType=Ind",
      "Gender=Masc|Number=Sing|POS=DET|PronType=Ind",
      "Case=Dat|Number=Sing|POS=PRON|Person=3|PronType=Prs",
      "POS=PART",
      "Gender=Fem|Number=Sing|POS=DET|PronType=Ind",
      "Number=Sing|POS=DET|PronType=Ind",
      "Gender=Masc|NumType=Card|Number=Plur|POS=DET|PronType=Ind",
      "Mood=Cnd|Number=Plur|POS=AUX|Person=3|VerbForm=Fin",
      "NumForm=Digit|POS=SYM",
      "Mood=Imp|Number=Sing|POS=VERB|Person=2|VerbForm=Fin",
      "Case=Dat|Number=Sing|POS=VERB|Person=3|PronType=Prs|VerbForm=Inf",
      "Gender=Fem|Number=Plur|POS=PRON|PronType=Dem",
      "Mood=Cnd|Number=Sing|POS=AUX|Person=1|VerbForm=Fin",
      "NumForm=Digit|NumType=Frac|POS=NUM",
      "Gender=Fem|Number=Sing|POS=PRON|Poss=Yes|PronType=Int,Rel",
      "Mood=Sub|Number=Sing|POS=AUX|Person=1|Tense=Pres|VerbForm=Fin",
      "Mood=Sub|Number=Sing|POS=VERB|Person=1|Tense=Imp|VerbForm=Fin",
      "Gender=Fem|Number=Sing|Number[psor]=Plur|POS=DET|Person=1|Poss=Yes|PronType=Prs",
      "Case=Dat|Number=Plur|POS=PRON|Person=1|PrepCase=Npr|PronType=Prs",
      "Definite=Ind|Gender=Masc|Number=Plur|POS=DET|PronType=Art",
      "POS=PUNCT|PunctType=Colo",
      "Mood=Sub|Number=Plur|POS=AUX|Person=3|Tense=Pres|VerbForm=Fin",
      "Mood=Imp|Number=Plur|POS=VERB|Person=3|VerbForm=Fin",
      "Gender=Fem|Number=Sing|POS=DET|PronType=Neg",
      "Gender=Masc|Number=Sing|POS=PRON|PronType=Dem",
      "Case=Acc|Gender=Masc|Number=Plur|POS=PRON|Person=3|PrepCase=Npr|PronType=Prs",
      "Case=Acc|Gender=Fem|Number=Plur|POS=PRON|Person=3|PrepCase=Npr|PronType=Prs",
      "Gender=Fem|Number=Plur|POS=VERB|Tense=Past|VerbForm=Part",
      "Case=Acc|Gender=Fem|Number=Sing|POS=AUX|Person=3|PrepCase=Npr|PronType=Prs|VerbForm=Inf",
      "Number=Sing|POS=PRON|PronType=Neg",
      "POS=PUNCT|PunctType=Semi",
      "Case=Dat|Number=Plur|POS=PRON|Person=3|PronType=Prs",
      "Number=Sing|POS=PRON|PronType=Ind",
      "Mood=Sub|Number=Plur|POS=VERB|Person=3|Tense=Imp|VerbForm=Fin",
      "Case=Acc,Nom|Gender=Masc|Number=Plur|POS=PRON|Person=3|PronType=Prs",
      "POS=INTJ",
      "Gender=Masc|NumType=Card|Number=Sing|POS=PRON|PronType=Dem",
      "Mood=Ind|Number=Plur|POS=AUX|Person=3|Tense=Fut|VerbForm=Fin",
      "Degree=Sup|Gender=Masc|Number=Sing|POS=ADJ",
      "Mood=Ind|Number=Plur|POS=AUX|Person=1|Tense=Pres|VerbForm=Fin",
      "Number=Plur|POS=PRON|Person=3|Poss=Yes|PronType=Prs",
      "Case=Dat|POS=VERB|Person=3|PrepCase=Npr|PronType=Prs|Reflex=Yes|VerbForm=Inf",
      "POS=PUNCT|PunctType=Dash",
      "Case=Acc|Number=Plur|POS=PRON|Person=1|PrepCase=Npr|PronType=Prs",
      "Mood=Cnd|Number=Plur|POS=VERB|Person=1|VerbForm=Fin",
      "Gender=Masc|Number=Sing|POS=DET|PronType=Neg",
      "Gender=Fem|NumType=Card|Number=Plur|POS=NUM",
      "Case=Acc|Gender=Fem|Number=Plur|POS=VERB|Person=3|PrepCase=Npr|PronType=Prs|VerbForm=Inf",
      "Gender=Masc|Number=Sing|POS=PRON|PronType=Tot",
      "Gender=Masc|NumType=Card|Number=Plur|POS=NUM",
      "Gender=Masc|POS=NOUN",
      "Case=Acc|Number=Sing|POS=PRON|Person=1|PrepCase=Npr|PronType=Prs",
      "Gender=Fem|NumType=Card|Number=Sing|POS=DET|PronType=Ind",
      "Gender=Fem|NumType=Card|Number=Plur|POS=DET|PronType=Ind",
      "Case=Acc|POS=VERB|Person=3|PrepCase=Npr|PronType=Prs|Reflex=Yes|VerbForm=Ger",
      "Mood=Ind|Number=Sing|POS=AUX|Person=3|Tense=Imp|VerbForm=Fin",
      "POS=NOUN|VerbForm=Inf",
      "Case=Dat|Number=Plur|POS=PRON|Person=1|PrepCase=Npr|PronType=Prs|Reflex=Yes",
      "Mood=Ind|Number=Plur|POS=AUX|Person=1|Tense=Imp|VerbForm=Fin",
      "Mood=Sub|Number=Sing|POS=VERB|Person=3|Tense=Imp|VerbForm=Fin",
      "Gender=Masc|Number=Sing|Number[psor]=Plur|POS=DET|Person=1|Poss=Yes|PronType=Prs",
      "Gender=Masc|NumType=Card|Number=Sing|POS=NUM",
      "Mood=Sub|Number=Sing|POS=AUX|Person=1|Tense=Imp|VerbForm=Fin",
      "Gender=Masc|Number=Plur|POS=PRON|Poss=Yes|PronType=Int,Rel",
      "Case=Acc|Gender=Masc|Number=Plur|POS=VERB|Person=3|PrepCase=Npr|PronType=Prs|VerbForm=Inf",
      "Gender=Fem|NumType=Card|Number=Sing|POS=DET|PronType=Dem",
      "Mood=Imp|Number=Sing|POS=VERB|Person=3|VerbForm=Fin",
      "Mood=Sub|Number=Plur|POS=VERB|Person=1|Tense=Pres|VerbForm=Fin",
      "Mood=Ind|Number=Plur|POS=VERB|Person=1|Tense=Fut|VerbForm=Fin",
      "Gender=Masc|Number=Sing|POS=PRON|PronType=Neg",
      "Case=Acc|Number=Plur|POS=VERB|Person=1|PrepCase=Npr|PronType=Prs|VerbForm=Inf",
      "Case=Nom|Number=Sing|POS=PRON|Person=1|PronType=Prs",
      "Mood=Ind|Number=Sing|POS=VERB|Person=1|Tense=Past|VerbForm=Fin",
      "Mood=Ind|Number=Plur|POS=VERB|Person=1|Tense=Past|VerbForm=Fin",
      "Degree=Abs|Gender=Masc|Number=Sing|POS=ADJ",
      "Number=Sing|Number[psor]=Sing|POS=DET|Person=1|Poss=Yes|PronType=Prs",
      "Case=Acc,Nom|Gender=Masc|Number=Plur|POS=PRON|Person=1|PronType=Prs",
      "Mood=Imp|Number=Sing|POS=AUX|Person=3|VerbForm=Fin",
      "Case=Acc|Number=Plur|POS=VERB|Person=1|PrepCase=Npr|PronType=Prs|Reflex=Yes|VerbForm=Inf",
      "Mood=Sub|Number=Sing|POS=AUX|Person=3|Tense=Pres|VerbForm=Fin",
      "Gender=Masc|Number=Sing|POS=DET|Person=3|Poss=Yes|PronType=Prs",
      "Gender=Fem|Number=Sing|POS=DET|PronType=Tot",
      "POS=DET|PronType=Ind",
      "POS=DET|PronType=Int,Rel",
      "AdvType=Tim|POS=ADV",
      "POS=VERB|Person=3|PrepCase=Npr|PronType=Prs|Reflex=Yes|VerbForm=Inf",
      "Mood=Cnd|Number=Sing|POS=AUX|Person=3|VerbForm=Fin",
      "Case=Dat|Number=Plur|POS=VERB|Person=1|PrepCase=Npr|PronType=Prs|VerbForm=Inf",
      "POS=PUNCT|PunctSide=Ini|PunctType=Qest",
      "POS=PUNCT|PunctSide=Fin|PunctType=Qest",
      "Case=Dat|Number=Sing|POS=PRON|Person=1|PrepCase=Npr|PronType=Prs",
      "Number=Plur|Number[psor]=Sing|POS=DET|Person=1|Poss=Yes|PronType=Prs",
      "Gender=Masc|NumType=Card|Number=Sing|POS=DET|PronType=Ind",
      "Mood=Cnd|Number=Plur|POS=VERB|Person=3|VerbForm=Fin",
      "Case=Acc|Gender=Fem|Number=Sing|POS=VERB|Person=3|PrepCase=Npr|PronType=Prs|VerbForm=Ger",
      "Degree=Abs|Gender=Fem|Number=Sing|POS=ADJ",
      "Case=Acc|Number=Plur|POS=PRON|Person=1|PrepCase=Npr|PronType=Prs|Reflex=Yes",
      "Mood=Sub|Number=Plur|POS=VERB|Person=1|Tense=Imp|VerbForm=Fin",
      "Case=Acc|Number=Sing|POS=PRON|Person=1|PrepCase=Npr|PronType=Prs|Reflex=Yes",
      "POS=PUNCT|PunctSide=Ini|PunctType=Excl",
      "POS=PUNCT|PunctSide=Fin|PunctType=Excl",
      "Mood=Cnd|Number=Sing|POS=VERB|Person=3|VerbForm=Fin",
      "Case=Acc|Mood=Imp|Number=Sing|POS=VERB|Person=3|PrepCase=Npr|PronType=Prs|Reflex=Yes|VerbForm=Fin",
      "Gender=Fem|Number=Sing|POS=PRON|PronType=Tot",
      "Gender=Masc|Number=Plur|Number[psor]=Plur|POS=DET|Person=1|Poss=Yes|PronType=Prs",
      "Mood=Imp|Number=Plur|POS=VERB|Person=1|VerbForm=Fin",
      "Gender=Masc|NumType=Card|Number=Plur|POS=PRON|PronType=Ind",
      "Gender=Masc|NumType=Card|Number=Sing|POS=PRON|PronType=Ind",
      "Gender=Masc|Number=Plur|POS=PRON|PronType=Dem",
      "Case=Dat|Number=Plur|POS=VERB|Person=3|PronType=Prs|VerbForm=Inf",
      "Degree=Abs|Gender=Masc|NumType=Card|Number=Plur|POS=DET|PronType=Ind",
      "Case=Acc|Number=Sing|POS=PRON|Person=1|PrepCase=Pre|PronType=Prs",
      "Case=Dat|Mood=Imp|Number=Plur|POS=VERB|Person=3|PrepCase=Npr|PronType=Prs|Reflex=Yes|VerbForm=Fin",
      "Definite=Ind|Gender=Fem|NumType=Card|Number=Sing|POS=DET|PronType=Art",
      "Gender=Fem|NumType=Card|Number=Sing|POS=NUM",
      "Case=Acc|Gender=Fem|Number=Plur|POS=VERB|Person=1,3|PrepCase=Npr|PronType=Prs|Reflex=Yes|VerbForm=Inf",
      "Case=Dat|Number=Sing|POS=PRON|Person=1|PrepCase=Npr|PronType=Prs|Reflex=Yes",
      "Mood=Sub|Number=Plur|POS=AUX|Person=3|Tense=Imp|VerbForm=Fin",
      "Gender=Fem|Number=Plur|Number[psor]=Plur|POS=DET|Person=1|Poss=Yes|PronType=Prs",
      "POS=SCONJ|PronType=Int,Rel",
      "Case=Acc,Dat|Gender=Masc|Number=Sing|POS=VERB|Person=3|PrepCase=Npr|PronType=Prs|VerbForm=Inf",
      "Case=Acc|POS=PRON|Person=3|PrepCase=Pre|PronType=Prs|Reflex=Yes",
      "Mood=Ind|Number=Sing|POS=VERB|Person=2|Tense=Pres|VerbForm=Fin",
      "Case=Dat|Number=Sing|POS=VERB|Person=1|PrepCase=Npr|PronType=Prs|VerbForm=Inf",
      "NumType=Card|Number=Sing|POS=DET|PronType=Ind",
      "Mood=Ind|Number=Plur|POS=VERB|Person=1|Tense=Imp|VerbForm=Fin",
      "Case=Acc|Number=Sing|POS=PRON|Person=2|PrepCase=Npr|PronType=Prs",
      "Case=Dat|POS=PRON|Person=3|PrepCase=Npr|PronType=Prs",
      "POS=VERB|Person=3|PrepCase=Npr|PronType=Prs|Reflex=Yes|VerbForm=Ger",
      "Case=Acc,Nom|Gender=Fem|Number=Sing|POS=PRON|Person=3|PronType=Prs",
      "Number=Sing|POS=DET|PronType=Dem",
      "Case=Acc,Dat|Gender=Masc|Number=Sing|POS=VERB|Person=3|PrepCase=Npr|PronType=Prs|Reflex=Yes|VerbForm=Inf",
      "Mood=Sub|Number=Sing|POS=AUX|Person=3|Tense=Imp|VerbForm=Fin",
      "POS=SYM",
      "Gender=Fem|Number=Sing|POS=PRON|PronType=Neg",
      "Case=Acc|Gender=Masc|Number=Sing|POS=VERB|Person=3|PrepCase=Npr|PronType=Prs|VerbForm=Ger",
      "Degree=Sup|Gender=Fem|Number=Sing|POS=ADJ",
      "Case=Dat|POS=VERB|Person=3|PrepCase=Npr|PronType=Prs|Reflex=Yes|VerbForm=Ger",
      "Case=Nom|Number=Sing|POS=PRON|Person=2|PronType=Prs",
      "Number=Sing|Number[psor]=Sing|POS=DET|Person=2|Poss=Yes|PronType=Prs",
      "Case=Acc|Mood=Imp|Number=Plur|POS=VERB|Person=3|PrepCase=Npr|PronType=Prs|Reflex=Yes|VerbForm=Fin",
      "Case=Acc|Gender=Masc|Mood=Imp|Number=Sing|POS=VERB|Person=2,3|PrepCase=Npr|PronType=Prs|VerbForm=Fin",
      "Mood=Ind|Number=Sing|POS=AUX|Person=1|Tense=Fut|VerbForm=Fin",
      "Case=Acc|Number=Sing|POS=VERB|Person=1|PrepCase=Npr|PronType=Prs|Reflex=Yes|VerbForm=Inf",
      "Gender=Masc|Number=Sing|Number[psor]=Sing|POS=PRON|Person=1|Poss=Yes|PronType=Ind",
      "Case=Acc,Nom|Number=Sing|POS=PRON|Person=2|Polite=Form|PronType=Prs",
      "Case=Dat|Mood=Imp|Number=Sing|POS=VERB|Person=3|PrepCase=Npr|PronType=Prs|Reflex=Yes|VerbForm=Fin",
      "Case=Acc|Gender=Masc|Number=Plur|POS=VERB|Person=3|PrepCase=Npr|PronType=Prs|VerbForm=Ger",
      "Gender=Masc|NumType=Card|Number=Sing|POS=PRON|PronType=Int,Rel",
      "Gender=Fem|NumType=Card|Number=Plur|POS=PRON|PronType=Ind",
      "Case=Dat|Number=Plur|POS=VERB|Person=1|PrepCase=Npr|PronType=Prs|VerbForm=Ger",
      "Case=Acc,Dat|POS=PRON|Person=3|PrepCase=Npr|PronType=Prs|Reflex=Yes",
      "Mood=Ind|Number=Plur|POS=VERB|Person=2|Tense=Pres|VerbForm=Fin",
      "Case=Dat|Number=Sing|POS=PRON|Person=2|PrepCase=Npr|PronType=Prs",
      "Mood=Cnd|Number=Sing|POS=VERB|Person=2|VerbForm=Fin",
      "Case=Acc|Number=Sing|POS=VERB|Person=1|PrepCase=Npr|PronType=Prs|VerbForm=Inf",
      "Mood=Ind|Number=Sing|POS=VERB|Person=1|Tense=Fut|VerbForm=Fin",
      "Mood=Cnd|Number=Plur|POS=AUX|Person=1|VerbForm=Fin",
      "NumType=Card|Number=Plur|POS=PRON|PronType=Ind",
      "Gender=Masc|NumType=Card|Number=Sing|POS=DET|PronType=Dem",
      "Degree=Abs|Gender=Masc|Number=Sing|POS=DET|PronType=Ind",
      "Gender=Fem|Number=Plur|POS=PRON|Poss=Yes|PronType=Int,Rel",
      "Mood=Ind|Number=Sing|POS=AUX|Person=1|Tense=Past|VerbForm=Fin",
      "Case=Acc,Nom|Number=Plur|POS=PRON|Person=2|Polite=Form|PronType=Prs",
      "Mood=Imp|Number=Sing|POS=AUX|Person=2|VerbForm=Fin",
      "Case=Dat|Number=Sing|POS=VERB|Person=2|PrepCase=Npr|PronType=Prs|VerbForm=Inf",
      "Gender=Fem|Number=Sing|Number[psor]=Sing|POS=PRON|Person=2|Poss=Yes|PronType=Ind",
      "NumType=Card|Number=Sing|POS=NUM",
      "Mood=Ind|Number=Sing|POS=VERB|Person=2|Tense=Past|VerbForm=Fin",
      "Mood=Ind|Number=Sing|POS=AUX|Person=2|Tense=Imp|VerbForm=Fin",
      "Mood=Ind|Number=Sing|POS=AUX|Person=2|Tense=Pres|VerbForm=Fin",
      "Case=Com|Number=Sing|POS=PRON|Person=2|PrepCase=Pre|PronType=Prs",
      "Mood=Ind|Number=Sing|POS=VERB|Person=2|Tense=Imp|VerbForm=Fin",
      "Case=Acc|Number=Sing|POS=PRON|Person=2|PrepCase=Npr|PronType=Prs|Reflex=Yes",
      "Number=Sing|POS=PRON|Person=2|PrepCase=Npr|PronType=Prs|Reflex=Yes",
      "Case=Acc|Number=Sing|POS=PRON|Person=2|PrepCase=Pre|PronType=Prs",
      "Mood=Cnd|Number=Sing|POS=AUX|Person=2|VerbForm=Fin",
      "Mood=Sub|Number=Sing|POS=AUX|Person=2|Tense=Pres|VerbForm=Fin",
      "Number=Sing|POS=NOUN|VerbForm=Fin",
      "Case=Dat|Number=Sing|POS=PRON|Person=2|PrepCase=Npr|PronType=Prs|Reflex=Yes",
      "Case=Dat|Mood=Imp|Number=Plur,Sing|POS=VERB|Person=1,2|PrepCase=Npr|PronType=Prs|VerbForm=Fin",
      "Case=Acc|Mood=Imp|Number=Sing|POS=VERB|Person=2|PrepCase=Npr|PronType=Prs|Reflex=Yes|VerbForm=Fin",
      "Mood=Ind|Number=Sing|POS=VERB|Person=2|Tense=Fut|VerbForm=Fin",
      "Gender=Fem|NumType=Card|Number=Sing|POS=DET|PronType=Int,Rel",
      "Mood=Sub|Number=Sing|POS=VERB|Person=2|Tense=Pres|VerbForm=Fin",
      "Mood=Ind|Number=Sing|POS=AUX|Person=2|Tense=Fut|VerbForm=Fin",
      "Gender=Fem|Number=Plur|POS=PRON|PronType=Tot",
      "Gender=Masc|NumType=Card|Number=Plur|POS=DET|PronType=Int,Rel",
      "Case=Dat|Number=Sing|POS=VERB|Person=3|PronType=Prs|VerbForm=Ger",
      "Number=Sing|POS=VERB|VerbForm=Fin",
      "POS=VERB|VerbForm=Fin",
      "Degree=Abs|Gender=Masc|Number=Plur|POS=ADJ",
      "Degree=Abs|Gender=Fem|Number=Plur|POS=ADJ",
      "Case=Acc|POS=AUX|Person=3|PrepCase=Npr|PronType=Prs|Reflex=Yes|VerbForm=Ger",
      "Gender=Masc|Number=Sing|Number[psor]=Plur|POS=PRON|Person=1|Poss=Yes|PronType=Prs",
      "Mood=Sub|Number=Plur|POS=AUX|Person=1|Tense=Imp|VerbForm=Fin",
      "Gender=Fem|NumType=Card|Number=Plur|POS=DET|PronType=Dem",
      "Definite=Ind|Gender=Masc|NumType=Card|Number=Sing|POS=DET|PronType=Art",
      "Degree=Sup|Gender=Fem|Number=Plur|POS=ADJ",
      "Number=Plur|POS=PRON|PronType=Dem",
      "Case=Acc,Dat|Gender=Masc|Number=Plur|POS=PRON|Person=2|PrepCase=Npr|PronType=Prs",
      "Case=Acc|Gender=Fem|Number=Plur|POS=VERB|Person=3|PrepCase=Npr|PronType=Prs|VerbForm=Ger",
      "Gender=Masc|Number=Sing|POS=AUX|VerbForm=Fin",
      "POS=AUX|Person=3|PrepCase=Npr|PronType=Prs|Reflex=Yes|VerbForm=Inf",
      "Mood=Ind|Number=Plur|POS=AUX|Person=1|Tense=Past|VerbForm=Fin",
      "Gender=Masc|NumType=Card|Number=Sing|POS=DET|PronType=Int,Rel",
      "Gender=Masc|Number=Plur|POS=DET|Person=3|Poss=Yes|PronType=Prs",
      "Case=Acc|Mood=Imp|Number=Sing|POS=VERB|Person=1,3|PrepCase=Npr|PronType=Prs|VerbForm=Fin",
      "Gender=Masc|NumType=Card|Number=Plur|POS=PRON|PronType=Int,Rel",
      "Gender=Masc|Number=Sing|POS=PRON|Person=3|Poss=Yes|PronType=Prs",
      "Case=Acc|POS=AUX|Person=3|PrepCase=Npr|PronType=Prs|Reflex=Yes|VerbForm=Inf",
      "Case=Acc,Dat|Gender=Masc|Number=Sing|POS=VERB|Person=1,3|PrepCase=Npr|PronType=Prs|Reflex=Yes|VerbForm=Inf",
      "Number=Plur|POS=VERB|Person=1|PrepCase=Npr|PronType=Prs|Reflex=Yes|VerbForm=Inf",
      "Case=Acc,Dat|Gender=Fem|Number=Plur|POS=VERB|Person=3|PrepCase=Npr|PronType=Prs|Reflex=Yes|VerbForm=Inf",
      "Mood=Imp|Number=Sing|POS=VERB|Person=2|PrepCase=Npr|PronType=Prs|Reflex=Yes|VerbForm=Fin",
      "Gender=Masc|Number=Sing|Number[psor]=Sing|POS=DET|Person=1|Poss=Yes|PronType=Ind",
      "Mood=Ind|POS=VERB|Person=3|Tense=Pres|VerbForm=Fin",
      "Case=Dat|Number=Sing|POS=VERB|Person=1|PrepCase=Npr|PronType=Prs|Reflex=Yes|VerbForm=Inf",
      "Definite=Def|Foreign=Yes|POS=DET|PronType=Art",
      "Case=Dat|Number=Plur|POS=PRON|Person=2|PrepCase=Npr|PronType=Prs",
      "Gender=Masc|NumType=Card|Number=Plur|POS=PRON|PronType=Dem",
      "Gender=Fem|Number=Sing|POS=DET|Person=3|Poss=Yes|PronType=Prs",
      "Mood=Sub|Number=Plur|POS=VERB|Person=2|Tense=Pres|VerbForm=Fin",
      "Case=Acc|Number=Sing|POS=VERB|Person=2|PrepCase=Npr|PronType=Prs|Reflex=Yes|VerbForm=Inf",
      "Mood=Sub|Number=Plur|POS=AUX|Person=1|Tense=Pres|VerbForm=Fin",
      "Mood=Ind|Number=Plur|POS=AUX|Person=1|Tense=Fut|VerbForm=Fin",
      "Number=Sing|POS=PRON|Person=3|Poss=Yes|PronType=Prs",
      "Definite=Def|Gender=Fem|Number=Sing|POS=ADP|PronType=Art",
      "Case=Acc|Number=Sing|POS=VERB|Person=2|PrepCase=Npr|PronType=Prs|PunctType=Quot|VerbForm=Inf",
      "Case=Dat|Number=Plur|POS=VERB|Person=1|PrepCase=Npr|PronType=Prs|Reflex=Yes|VerbForm=Inf",
      "Case=Com|POS=PRON|Person=3|PrepCase=Pre|PronType=Prs|Reflex=Yes",
      "NumForm=Digit|NumType=Frac|POS=SYM",
      "Number=Sing|POS=VERB|Person=1|PrepCase=Npr|PronType=Prs|Reflex=Yes|VerbForm=Inf",
      "Case=Dat|Number=Sing|POS=AUX|Person=3|PronType=Prs|VerbForm=Inf",
      "Case=Acc|Gender=Masc|Number=Sing|POS=AUX|Person=3|PrepCase=Npr|PronType=Prs|VerbForm=Inf",
      "Case=Dat|POS=AUX|Person=3|PrepCase=Npr|PronType=Prs|Reflex=Yes|VerbForm=Inf",
      "Gender=Fem|NumType=Card|Number=Sing|POS=PRON|PronType=Ind",
      "Case=Acc,Dat|Gender=Masc|Number=Plur,Sing|POS=VERB|Person=1,3|PrepCase=Npr|PronType=Prs|Reflex=Yes|VerbForm=Inf",
      "Gender=Masc|Mood=Ind|Number=Sing|POS=VERB|Person=3|Tense=Pres|VerbForm=Fin",
      "Case=Acc|Gender=Masc|Number=Plur|POS=PRON|Person=1|PrepCase=Npr|PronType=Prs|Reflex=Yes",
      "Case=Acc,Dat|Gender=Masc|Number=Sing|POS=VERB|Person=3|PrepCase=Npr|PronType=Prs|VerbForm=Ger",
      "Gender=Fem|Number=Sing|Number[psor]=Sing|POS=PRON|Person=1|Poss=Yes|PronType=Ind",
      "Case=Dat|Number=Plur|POS=VERB|Person=2|PrepCase=Npr|PronType=Prs|Reflex=Yes|VerbForm=Inf",
      "Case=Acc|Number=Plur|POS=VERB|Person=2|PrepCase=Npr|PronType=Prs|VerbForm=Inf",
      "Number=Sing|POS=PRON|PronType=Tot",
      "Mood=Ind|Number=Plur|POS=AUX|Person=2|Tense=Pres|VerbForm=Fin",
      "Case=Dat|Number=Plur|POS=VERB|Person=3|PronType=Prs|VerbForm=Ger",
      "NumType=Card|Number=Plur|POS=DET|PronType=Ind",
      "POS=PRON|PronType=Dem",
      "Number=Sing|POS=PRON|Person=1|PrepCase=Npr|PronType=Prs|Reflex=Yes",
      "POS=AUX|VerbForm=Fin",
      "Gender=Fem|NumType=Card|Number=Plur|POS=PRON|PronType=Int,Rel",
      "Gender=Fem|Number=Sing|Number[psor]=Plur|POS=DET|Person=2|Poss=Yes|PronType=Prs",
      "Gender=Fem|Number=Plur|Number[psor]=Plur|POS=PRON|Person=1|Poss=Yes|PronType=Prs",
      "Case=Acc|Gender=Fem|Number=Plur|POS=AUX|Person=3|PrepCase=Npr|PronType=Prs|VerbForm=Inf",
      "Case=Acc|Gender=Masc|Number=Plur|POS=AUX|Person=3|PrepCase=Npr|PronType=Prs|VerbForm=Inf",
      "Case=Acc,Dat|Gender=Fem|Number=Sing|POS=VERB|Person=3|PrepCase=Npr|PronType=Prs|Reflex=Yes|VerbForm=Inf",
      "AdvType=Tim|Gender=Masc|Number=Sing|POS=NOUN",
      "Gender=Fem|Number=Sing|Number[psor]=Plur|POS=PRON|Person=1|Poss=Yes|PronType=Prs",
      "Mood=Ind|Number=Sing|POS=AUX|Person=3|Tense=Pres|Typo=Yes|VerbForm=Fin",
      "Gender=Fem|NumType=Card|Number=Sing|POS=PRON|PronType=Dem",
      "Case=Acc|POS=PRON|Person=3|PrepCase=Npr|PronType=Prs",
      "Gender=Fem|Number=Sing|Number[psor]=Sing|POS=DET|Person=1|Poss=Yes|PronType=Ind",
      "Gender=Masc|Number=Sing|Number[psor]=Sing|POS=PRON|Person=2|Poss=Yes|PronType=Ind",
      "Gender=Fem|Number=Plur|POS=PRON|Person=3|Poss=Yes|PronType=Prs",
      "Definite=Def|Gender=Masc|Number=Plur|POS=ADP|PronType=Art",
      "Gender=Masc|Number=Plur|POS=DET|PronType=Art",
      "Gender=Masc|Number=Sing|POS=NOUN|VerbForm=Part",
      "Case=Acc|Gender=Masc|Number=Sing|POS=AUX|Person=3|PrepCase=Npr|PronType=Prs|VerbForm=Ger",
      "Case=Acc,Dat|Number=Plur|POS=VERB|Person=3|PrepCase=Npr|PronType=Prs|Reflex=Yes|VerbForm=Inf",
      "Gender=Masc|Number=Sing|POS=DET|Person=3|Poss=Yes|PronType=Ind",
      "Case=Acc|Number=Sing|POS=VERB|Person=1|PrepCase=Npr|PronType=Prs|Reflex=Yes|VerbForm=Ger",
      "Case=Acc,Dat|Number=Sing|POS=PRON|Person=2|PrepCase=Npr|PronType=Prs",
      "Case=Acc|Gender=Masc|Mood=Imp|Number=Plur|POS=VERB|Person=1,3|PrepCase=Npr|PronType=Prs|VerbForm=Fin",
      "Number=Plur|POS=PRON|Person=1|PrepCase=Npr|PronType=Prs|Reflex=Yes",
      "Gender=Fem|Number=Sing|POS=PRON|Person=1|Poss=Yes|PronType=Prs",
      "Case=Com|Number=Sing|POS=PRON|Person=1|PrepCase=Pre|PronType=Prs",
      "POS=X",
      "Case=Acc,Dat|Number=Plur|POS=PRON|Person=1|PrepCase=Npr|PronType=Prs",
      "Case=Com|POS=PRON|Person=3|PronType=Prs|Reflex=Yes",
      "Case=Acc,Dat|Number=Sing|POS=VERB|Person=3|PrepCase=Npr|PronType=Prs|Reflex=Yes|VerbForm=Inf",
      "Case=Acc,Dat|Number=Sing|POS=PRON|Person=1|PrepCase=Npr|PronType=Prs",
      "Case=Acc|Gender=Masc|Mood=Imp|Number=Plur,Sing|POS=VERB|Person=1,3|PrepCase=Npr|PronType=Prs|VerbForm=Fin",
      "Case=Acc|Number=Plur|POS=PRON|Person=2|PrepCase=Npr|PronType=Prs",
      "Number=Sing|POS=AUX|Person=1|PrepCase=Npr|PronType=Prs|Reflex=Yes|VerbForm=Inf",
      "Case=Acc|Gender=Masc|Mood=Imp|Number=Sing|POS=VERB|Person=3|PrepCase=Npr|PronType=Prs|VerbForm=Fin",
      "Mood=Imp|Number=Plur|POS=VERB|Person=2|VerbForm=Fin",
      "Gender=Masc|Number=Plur|POS=PRON|Person=2|Poss=Yes|PronType=Ind",
      "Case=Dat|Mood=Imp|Number=Sing|POS=VERB|Person=3|PronType=Prs|VerbForm=Fin",
      "Gender=Fem|Number=Sing|POS=PRON|Person=3|Poss=Yes|PronType=Prs",
      "Case=Dat|Mood=Imp|Number=Sing|POS=VERB|Person=1,3|PrepCase=Npr|PronType=Prs|VerbForm=Fin",
      "Gender=Fem|Number=Plur|POS=DET|Person=3|Poss=Yes|PronType=Prs",
      "Gender=Fem|Number=Plur|Number[psor]=Plur|POS=DET|Person=2|Poss=Yes|PronType=Prs",
      "Case=Dat|Number=Sing|POS=VERB|Person=2|PrepCase=Npr|PronType=Prs|Reflex=Yes|VerbForm=Inf",
      "Number=Plur|Number[psor]=Sing|POS=DET|Person=2|Poss=Yes|PronType=Prs",
      "POS=NOUN|PunctType=Comm",
      "Degree=Cmp|POS=ADJ",
      "Gender=Masc|POS=ADJ",
      "Degree=Abs|Gender=Masc|NumType=Card|Number=Plur|POS=PRON|PronType=Ind",
      "POS=PRON|PronType=Neg",
      "Case=Acc,Dat|Gender=Fem|Number=Sing|POS=VERB|Person=3|PrepCase=Npr|PronType=Prs|VerbForm=Inf",
      "Case=Acc|Number=Plur|POS=VERB|Person=1|PrepCase=Npr|PronType=Prs|Reflex=Yes|VerbForm=Ger",
      "Case=Dat|Number=Sing|POS=VERB|Person=3|PrepCase=Npr|PronType=Prs|VerbForm=Ger",
      "Gender=Fem|Number=Sing|POS=DET|Person=3|Poss=Yes|PronType=Ind",
      "Number=Sing|POS=DET|PronType=Int,Rel",
      "Definite=Def|Foreign=Yes|Gender=Fem|Number=Sing|POS=DET|PronType=Art",
      "Foreign=Yes|POS=NOUN",
      "Foreign=Yes|POS=ADP",
      "Foreign=Yes|POS=CCONJ",
      "Foreign=Yes|POS=PROPN"
    ],
    "parser": [
      "ROOT",
      "acl",
      "advcl",
      "advmod",
      "amod",
      "appos",
      "aux",
      "case",
      "cc",
      "ccomp",
      "compound",
      "conj",
      "cop",
      "csubj",
      "dep",
      "det",
      "expl:impers",
      "expl:pass",
      "expl:pv",
      "fixed",
      "flat",
      "iobj",
      "mark",
      "nmod",
      "nsubj",
      "nummod",
      "obj",
      "obl",
      "parataxis",
      "punct",
      "xcomp"
    ],
    "senter": [
      "I",
      "S"
    ],
    "attribute_ruler": [],
    "lemmatizer": [],
    "ner": [
      "LOC",
      "MISC",
      "ORG",
      "PER"
    ]
  },
  "pipeline": [
    "tok2vec",
    "morphologizer",
    "parser",
    "attribute_ruler",
    "lemmatizer",
    "ner"
  ],
  "components": [
    "tok2vec",
    "morphologizer",
    "parser",
    "senter",
    "attribute_ruler",
    "lemmatizer",
    "ner"
  ],
  "disabled": [
    "senter"
  ],
  "performance": {
    "token_acc": 0.9999808396,
    "token_p": 0.9989078786,
    "token_r": 0.9995398685,
    "token_f": 0.9992237736,
    "pos_acc": 0.9812514378,
    "morph_acc": 0.9763999923,
    "morph_micro_p": 0.9923975134,
    "morph_micro_r": 0.9848892224,
    "morph_micro_f": 0.9886291124,
    "morph_per_feat": {
      "Definite": {
        "p": 0.9978620296,
        "r": 0.9987161198,
        "f": 0.9982888921
      },
      "Gender": {
        "p": 0.9920975508,
        "r": 0.9849327168,
        "f": 0.988502151
      },
      "Number": {
        "p": 0.9977494082,
        "r": 0.989265928,
        "f": 0.9934895582
      },
      "PronType": {
        "p": 0.9974033468,
        "r": 0.9905444126,
        "f": 0.9939620472
      },
      "PunctType": {
        "p": 0.9995216074,
        "r": 0.9992029332,
        "f": 0.9993622449
      },
      "VerbForm": {
        "p": 0.9874194056,
        "r": 0.98109375,
        "f": 0.9842464143
      },
      "Mood": {
        "p": 0.9696056267,
        "r": 0.9594829729,
        "f": 0.9645177411
      },
      "Person": {
        "p": 0.9906558533,
        "r": 0.9780678851,
        "f": 0.9843216256
      },
      "Tense": {
        "p": 0.977543538,
        "r": 0.9721969006,
        "f": 0.9748628885
      },
      "NumForm": {
        "p": 0.9834983498,
        "r": 0.9659643436,
        "f": 0.9746524939
      },
      "NumType": {
        "p": 0.9801724138,
        "r": 0.9562657696,
        "f": 0.9680715198
      },
      "Poss": {
        "p": 1.0,
        "r": 0.9981718464,
        "f": 0.9990850869
      },
      "PunctSide": {
        "p": 1.0,
        "r": 0.998,
        "f": 0.998998999
      },
      "Case": {
        "p": 0.9371681416,
        "r": 0.9160899654,
        "f": 0.9265091864
      },
      "PrepCase": {
        "p": 0.9989361702,
        "r": 0.9720496894,
        "f": 0.9853095488
      },
      "Reflex": {
        "p": 0.9935379645,
        "r": 0.9887459807,
        "f": 0.9911361805
      },
      "Degree": {
        "p": 0.9926199262,
        "r": 0.9572953737,
        "f": 0.9746376812
      },
      "Polarity": {
        "p": 1.0,
        "r": 0.9902597403,
        "f": 0.9951060359
      },
      "AdvType": {
        "p": 0.9613259669,
        "r": 0.9255319149,
        "f": 0.9430894309
      },
      "Number[psor]": {
        "p": 1.0,
        "r": 0.9714285714,
        "f": 0.9855072464
      },
      "Foreign": {
        "p": 1.0,
        "r": 1.0,
        "f": 1.0
      }
    },
    "sents_p": 0.966342992,
    "sents_r": 0.9831155542,
    "sents_f": 0.97465712,
    "dep_uas": 0.9035259763,
    "dep_las": 0.8678957462,
    "dep_las_per_type": {
      "det": {
        "p": 0.9732092499,
        "r": 0.9765138653,
        "f": 0.9748587571
      },
      "nsubj": {
        "p": 0.8701061105,
        "r": 0.8697878566,
        "f": 0.8699469545
      },
      "case": {
        "p": 0.9593539704,
        "r": 0.9609059046,
        "f": 0.9601293103
      },
      "amod": {
        "p": 0.9033052039,
        "r": 0.8941872607,
        "f": 0.8987231065
      },
      "nmod": {
        "p": 0.8180137348,
        "r": 0.8199629335,
        "f": 0.8189871744
      },
      "mark": {
        "p": 0.8930921053,
        "r": 0.9070155902,
        "f": 0.9
      },
      "acl": {
        "p": 0.7295968535,
        "r": 0.7066666667,
        "f": 0.7179487179
      },
      "advcl": {
        "p": 0.5704387991,
        "r": 0.6091245376,
        "f": 0.5891472868
      },
      "nummod": {
        "p": 0.8743455497,
        "r": 0.8835978836,
        "f": 0.8789473684
      },
      "obj": {
        "p": 0.8015794669,
        "r": 0.810918775,
        "f": 0.8062220751
      },
      "obl": {
        "p": 0.7071366406,
        "r": 0.701337937,
        "f": 0.7042253521
      },
      "fixed": {
        "p": 0.8625525947,
        "r": 0.8277254374,
        "f": 0.8447802198
      },
      "cc": {
        "p": 0.9268461008,
        "r": 0.923024055,
        "f": 0.9249311295
      },
      "conj": {
        "p": 0.7005832793,
        "r": 0.6898532227,
        "f": 0.6951768489
      },
      "root": {
        "p": 0.9062126643,
        "r": 0.9171704958,
        "f": 0.9116586538
      },
      "flat": {
        "p": 0.8852223816,
        "r": 0.9271224643,
        "f": 0.9056880734
      },
      "xcomp": {
        "p": 0.7948717949,
        "r": 0.7616707617,
        "f": 0.7779171895
      },
      "advmod": {
        "p": 0.8422551253,
        "r": 0.8337091319,
        "f": 0.8379603399
      },
      "compound": {
        "p": 0.8509615385,
        "r": 0.7108433735,
        "f": 0.7746170678
      },
      "expl:pv": {
        "p": 0.8237704918,
        "r": 0.7701149425,
        "f": 0.796039604
      },
      "cop": {
        "p": 0.8771551724,
        "r": 0.8733905579,
        "f": 0.8752688172
      },
      "ccomp": {
        "p": 0.8010948905,
        "r": 0.8236397749,
        "f": 0.8122109158
      },
      "iobj": {
        "p": 0.7737226277,
        "r": 0.5273631841,
        "f": 0.6272189349
      },
      "aux": {
        "p": 0.952991453,
        "r": 0.9516358464,
        "f": 0.9523131673
      },
      "appos": {
        "p": 0.6418300654,
        "r": 0.6847977685,
        "f": 0.6626180837
      },
      "expl:pass": {
        "p": 0.6919642857,
        "r": 0.8378378378,
        "f": 0.7579462103
      },
      "csubj": {
        "p": 0.8421052632,
        "r": 0.6736842105,
        "f": 0.7485380117
      },
      "dep": {
        "p": 0.0243902439,
        "r": 0.1111111111,
        "f": 0.04
      },
      "parataxis": {
        "p": 0.5909090909,
        "r": 0.3095238095,
        "f": 0.40625
      },
      "expl:impers": {
        "p": 0.5263157895,
        "r": 0.625,
        "f": 0.5714285714
      },
      "orphan": {
        "p": 0.0,
        "r": 0.0,
        "f": 0.0
      },
      "nsubj:pass": {
        "p": 0.0,
        "r": 0.0,
        "f": 0.0
      },
      "aux:pass": {
        "p": 0.0,
        "r": 0.0,
        "f": 0.0
      },
      "acl:relcl": {
        "p": 0.0,
        "r": 0.0,
        "f": 0.0
      }
    },
    "tag_acc": 0.9578828311,
    "lemma_acc": 0.9624227323,
    "ents_p": 0.8889793592,
    "ents_r": 0.8888346155,
    "ents_f": 0.8889069815,
    "ents_per_type": {
      "LOC": {
        "p": 0.8899063816,
        "r": 0.8995041322,
        "f": 0.8946795175
      },
      "PER": {
        "p": 0.9313084441,
        "r": 0.9443889919,
        "f": 0.9378031081
      },
      "MISC": {
        "p": 0.8235667778,
        "r": 0.7880261358,
        "f": 0.8054045659
      },
      "ORG": {
        "p": 0.8376357057,
        "r": 0.8024035128,
        "f": 0.8196411709
      }
    },
    "speed": 8328.9722060153
  },
  "sources": [
    {
      "name": "UD Spanish AnCora v2.8",
      "url": "https://github.com/UniversalDependencies/UD_Spanish-AnCora",
      "license": "GNU GPL 3.0",
      "author": "Mart\u00ednez Alonso, H\u00e9ctor; Zeman, Daniel"
    },
    {
      "name": "WikiNER",
      "url": "https://figshare.com/articles/Learning_multilingual_named_entity_recognition_from_Wikipedia/5462500",
      "license": "CC BY 4.0",
      "author": "Joel Nothman, Nicky Ringland, Will Radford, Tara Murphy, James R Curran"
    },
    {
      "name": "spaCy lookups data",
      "author": "Explosion",
      "url": "https://github.com/explosion/spacy-lookups-data",
      "license": "MIT"
    }
  ],
  "requirements": [],
  "size": "13 MB",
  "checksum": "f6b2a41ea69e3db867f94218c23635ff6838d18e7b1288e7a26798cf8c98f997",
  "checksum_whl": "ceae3b360a52a4aa984e00df0f6cd04aa2453f51ab6aaafb9976e8cfe4f75272"
}