{
  "lang": "es",
  "name": "core_news_md",
  "version": "3.2.0",
  "description": "Spanish pipeline optimized for CPU. Components: tok2vec, morphologizer, parser, senter, ner, attribute_ruler, lemmatizer.",
  "author": "Explosion",
  "email": "contact@explosion.ai",
  "url": "https://explosion.ai",
  "license": "GNU GPL 3.0",
  "spacy_version": ">=3.2.0,<3.3.0",
  "spacy_git_version": "bb26550e2",
  "vectors": {
    "width": 300,
    "vectors": 20000,
    "keys": 500000,
    "name": "es_vectors"
  },
  "labels": {
    "tok2vec": [],
    "morphologizer": [
      "Definite=Def|Gender=Masc|Number=Sing|POS=DET|PronType=Art",
      "Gender=Masc|Number=Sing|POS=NOUN",
      "Definite=Def|Gender=Masc|Number=Sing|POS=ADP|PronType=Art",
      "Gender=Masc|Number=Sing|POS=ADJ",
      "POS=ADP",
      "Definite=Def|Gender=Fem|Number=Plur|POS=DET|PronType=Art",
      "POS=PROPN",
      "Case=Acc|POS=PRON|Person=3|PrepCase=Npr|PronType=Prs|Reflex=Yes",
      "Mood=Ind|Number=Sing|POS=VERB|Person=3|Tense=Past|VerbForm=Fin",
      "POS=VERB|VerbForm=Inf",
      "Gender=Fem|Number=Sing|POS=DET|PronType=Dem",
      "Gender=Fem|Number=Sing|POS=NOUN",
      "Gender=Fem|Number=Plur|POS=NOUN",
      "Gender=Fem|Number=Plur|POS=DET|PronType=Ind",
      "POS=PRON|PronType=Int,Rel",
      "Mood=Sub|Number=Plur|POS=VERB|Person=3|Tense=Pres|VerbForm=Fin",
      "Definite=Def|Gender=Fem|Number=Sing|POS=DET|PronType=Art",
      "POS=SCONJ",
      "POS=NOUN",
      "Definite=Def|Gender=Masc|Number=Plur|POS=DET|PronType=Art",
      "Number=Plur|POS=NOUN",
      "Gender=Masc|Number=Plur|POS=DET|PronType=Ind",
      "Gender=Masc|Number=Plur|POS=NOUN",
      "POS=PUNCT|PunctType=Peri",
      "Mood=Ind|Number=Sing|POS=VERB|Person=3|Tense=Pres|VerbForm=Fin",
      "POS=PUNCT|PunctType=Comm",
      "Case=Acc|Gender=Fem|Number=Sing|POS=VERB|Person=3|PrepCase=Npr|PronType=Prs|VerbForm=Inf",
      "Mood=Ind|Number=Plur|POS=AUX|Person=3|Tense=Pres|VerbForm=Fin",
      "Gender=Masc|Number=Sing|POS=VERB|Tense=Past|VerbForm=Part",
      "Number=Plur|POS=ADJ",
      "POS=CCONJ",
      "Gender=Masc|Number=Plur|POS=PRON|PronType=Ind",
      "POS=ADV",
      "Mood=Ind|Number=Plur|POS=VERB|Person=3|Tense=Fut|VerbForm=Fin",
      "Gender=Masc|NumType=Card|Number=Plur|POS=DET|PronType=Dem",
      "Mood=Ind|Number=Sing|POS=AUX|Person=3|Tense=Pres|VerbForm=Fin",
      "Number=Sing|POS=ADJ",
      "Gender=Masc|Number=Plur|POS=ADJ|VerbForm=Part",
      "Gender=Masc|Number=Plur|POS=PRON|PronType=Tot",
      "POS=PRON|PronType=Ind",
      "POS=ADV|Polarity=Neg",
      "Case=Acc|Gender=Masc|Number=Sing|POS=PRON|Person=3|PrepCase=Npr|PronType=Prs",
      "Gender=Fem|Number=Sing|POS=ADJ",
      "Mood=Ind|Number=Plur|POS=VERB|Person=3|Tense=Past|VerbForm=Fin",
      "Number=Plur|POS=PRON|PronType=Int,Rel",
      "POS=PUNCT|PunctType=Quot",
      "POS=PUNCT",
      "Gender=Masc|Number=Sing|POS=ADJ|VerbForm=Part",
      "POS=PUNCT|PunctSide=Ini|PunctType=Brck",
      "POS=PUNCT|PunctSide=Fin|PunctType=Brck",
      "NumForm=Digit|NumType=Card|POS=NUM",
      "NumType=Card|POS=NUM",
      "POS=VERB|VerbForm=Ger",
      "Definite=Ind|Gender=Masc|Number=Sing|POS=DET|PronType=Art",
      "Gender=Masc|Number=Sing|POS=DET|PronType=Dem",
      "Gender=Fem|NumType=Ord|Number=Plur|POS=ADJ",
      "Number=Sing|POS=DET|Person=3|Poss=Yes|PronType=Prs",
      "Number=Sing|POS=NOUN",
      "Gender=Masc|Number=Plur|POS=ADJ",
      "Mood=Ind|Number=Sing|POS=AUX|Person=3|Tense=Fut|VerbForm=Fin",
      "Gender=Fem|Number=Sing|POS=ADJ|VerbForm=Part",
      "Mood=Ind|Number=Plur|POS=VERB|Person=3|Tense=Pres|VerbForm=Fin",
      "Degree=Cmp|POS=ADV",
      "POS=AUX|VerbForm=Inf",
      "Number=Plur|POS=DET|PronType=Ind",
      "Number=Plur|POS=DET|PronType=Dem",
      "POS=PRON|Person=3|PrepCase=Npr|PronType=Prs|Reflex=Yes",
      "Degree=Cmp|Number=Sing|POS=ADJ",
      "Mood=Ind|Number=Sing|POS=VERB|Person=3|Tense=Fut|VerbForm=Fin",
      "Case=Acc|POS=VERB|Person=3|PrepCase=Npr|PronType=Prs|Reflex=Yes|VerbForm=Inf",
      "Degree=Sup|Gender=Masc|Number=Plur|POS=ADJ",
      "Definite=Ind|Gender=Fem|Number=Sing|POS=DET|PronType=Art",
      "AdvType=Tim|POS=NOUN",
      "Gender=Masc|Number=Sing|POS=PRON|PronType=Ind",
      "NumType=Card|Number=Plur|POS=NUM",
      "Case=Acc|Gender=Masc|Number=Sing|POS=VERB|Person=3|PrepCase=Npr|PronType=Prs|VerbForm=Inf",
      "NumForm=Digit|POS=NOUN",
      "Number=Sing|POS=PRON|PronType=Dem",
      "Number=Plur|POS=DET|Person=3|Poss=Yes|PronType=Prs",
      "Gender=Fem|Number=Plur|POS=ADJ",
      "Gender=Fem|Number=Plur|POS=PRON|PronType=Ind",
      "Gender=Masc|Number=Plur|POS=DET|PronType=Tot",
      "Mood=Ind|Number=Sing|POS=VERB|Person=3|Tense=Imp|VerbForm=Fin",
      "Mood=Ind|Number=Plur|POS=AUX|Person=3|Tense=Past|VerbForm=Fin",
      "Gender=Masc|Number=Plur|POS=VERB|Tense=Past|VerbForm=Part",
      "Gender=Masc|NumType=Ord|Number=Sing|POS=ADJ",
      "Gender=Masc|NumType=Ord|Number=Plur|POS=ADJ",
      "Gender=Masc|Number=Plur|POS=DET|PronType=Dem",
      "Gender=Masc|Number=Sing|POS=AUX|Tense=Past|VerbForm=Part",
      "Number=Sing|POS=DET|PronType=Tot",
      "Gender=Fem|Number=Sing|POS=PRON|PronType=Ind",
      "Case=Dat|POS=PRON|Person=3|PrepCase=Npr|PronType=Prs|Reflex=Yes",
      "Mood=Ind|Number=Sing|POS=AUX|Person=1|Tense=Pres|VerbForm=Fin",
      "Mood=Ind|Number=Sing|POS=VERB|Person=1|Tense=Pres|VerbForm=Fin",
      "Degree=Cmp|Number=Plur|POS=ADJ",
      "POS=AUX|VerbForm=Ger",
      "Gender=Fem|POS=NOUN",
      "Gender=Fem|NumType=Ord|Number=Sing|POS=ADJ",
      "AdvType=Tim|POS=ADJ",
      "Mood=Ind|Number=Sing|POS=AUX|Person=3|Tense=Past|VerbForm=Fin",
      "Gender=Fem|Number=Sing|POS=VERB|Tense=Past|VerbForm=Part",
      "Case=Acc|Gender=Fem|Number=Sing|POS=PRON|Person=3|PrepCase=Npr|PronType=Prs",
      "Mood=Ind|Number=Sing|POS=VERB|Person=1|Tense=Imp|VerbForm=Fin",
      "Gender=Fem|Number=Plur|POS=ADJ|VerbForm=Part",
      "Gender=Fem|Number=Plur|POS=DET|PronType=Dem",
      "Gender=Masc|Number=Sing|POS=PRON|Poss=Yes|PronType=Int,Rel",
      "Number=Sing|POS=PRON|PronType=Int,Rel",
      "POS=ADJ",
      "Mood=Ind|Number=Sing|POS=AUX|Person=1|Tense=Imp|VerbForm=Fin",
      "Mood=Ind|Number=Plur|POS=VERB|Person=3|Tense=Imp|VerbForm=Fin",
      "Mood=Ind|Number=Plur|POS=AUX|Person=3|Tense=Imp|VerbForm=Fin",
      "Mood=Sub|Number=Sing|POS=VERB|Person=3|Tense=Pres|VerbForm=Fin",
      "Gender=Fem|Number=Plur|POS=DET|PronType=Tot",
      "Case=Acc,Nom|Gender=Masc|Number=Sing|POS=PRON|Person=3|PronType=Prs",
      "Mood=Sub|Number=Sing|POS=VERB|Person=1|Tense=Pres|VerbForm=Fin",
      "Definite=Ind|Gender=Fem|Number=Plur|POS=DET|PronType=Art",
      "Case=Acc,Nom|Gender=Fem|Number=Plur|POS=PRON|Person=3|PronType=Prs",
      "Mood=Ind|Number=Plur|POS=VERB|Person=1|Tense=Pres|VerbForm=Fin",
      "Case=Acc|Definite=Def|Gender=Masc|Number=Sing|POS=PRON|Person=3|PrepCase=Npr|PronType=Prs",
      "Gender=Fem|Number=Sing|POS=PRON|PronType=Dem",
      "Mood=Cnd|Number=Sing|POS=VERB|Person=1|VerbForm=Fin",
      "Gender=Masc|Number=Sing|POS=DET|PronType=Tot",
      "Number=Plur|POS=PRON|PronType=Ind",
      "Gender=Masc|Number=Sing|POS=DET|PronType=Ind",
      "Case=Dat|Number=Sing|POS=PRON|Person=3|PronType=Prs",
      "POS=PART",
      "Gender=Fem|Number=Sing|POS=DET|PronType=Ind",
      "Number=Sing|POS=DET|PronType=Ind",
      "Gender=Masc|NumType=Card|Number=Plur|POS=DET|PronType=Ind",
      "Mood=Cnd|Number=Plur|POS=AUX|Person=3|VerbForm=Fin",
      "NumForm=Digit|POS=SYM",
      "Mood=Imp|Number=Sing|POS=VERB|Person=2|VerbForm=Fin",
      "Case=Dat|Number=Sing|POS=VERB|Person=3|PronType=Prs|VerbForm=Inf",
      "Gender=Fem|Number=Plur|POS=PRON|PronType=Dem",
      "Mood=Cnd|Number=Sing|POS=AUX|Person=1|VerbForm=Fin",
      "NumForm=Digit|NumType=Frac|POS=NUM",
      "Gender=Fem|Number=Sing|POS=PRON|Poss=Yes|PronType=Int,Rel",
      "Mood=Sub|Number=Sing|POS=AUX|Person=1|Tense=Pres|VerbForm=Fin",
      "Mood=Sub|Number=Sing|POS=VERB|Person=1|Tense=Imp|VerbForm=Fin",
      "Gender=Fem|Number=Sing|Number[psor]=Plur|POS=DET|Person=1|Poss=Yes|PronType=Prs",
      "Case=Dat|Number=Plur|POS=PRON|Person=1|PrepCase=Npr|PronType=Prs",
      "Definite=Ind|Gender=Masc|Number=Plur|POS=DET|PronType=Art",
      "POS=PUNCT|PunctType=Colo",
      "Mood=Sub|Number=Plur|POS=AUX|Person=3|Tense=Pres|VerbForm=Fin",
      "Mood=Imp|Number=Plur|POS=VERB|Person=3|VerbForm=Fin",
      "Gender=Fem|Number=Sing|POS=DET|PronType=Neg",
      "Gender=Masc|Number=Sing|POS=PRON|PronType=Dem",
      "Case=Acc|Gender=Masc|Number=Plur|POS=PRON|Person=3|PrepCase=Npr|PronType=Prs",
      "Case=Acc|Gender=Fem|Number=Plur|POS=PRON|Person=3|PrepCase=Npr|PronType=Prs",
      "Gender=Fem|Number=Plur|POS=VERB|Tense=Past|VerbForm=Part",
      "Case=Acc|Gender=Fem|Number=Sing|POS=AUX|Person=3|PrepCase=Npr|PronType=Prs|VerbForm=Inf",
      "Number=Sing|POS=PRON|PronType=Neg",
      "POS=PUNCT|PunctType=Semi",
      "Case=Dat|Number=Plur|POS=PRON|Person=3|PronType=Prs",
      "Number=Sing|POS=PRON|PronType=Ind",
      "Mood=Sub|Number=Plur|POS=VERB|Person=3|Tense=Imp|VerbForm=Fin",
      "Case=Acc,Nom|Gender=Masc|Number=Plur|POS=PRON|Person=3|PronType=Prs",
      "POS=INTJ",
      "Gender=Masc|NumType=Card|Number=Sing|POS=PRON|PronType=Dem",
      "Mood=Ind|Number=Plur|POS=AUX|Person=3|Tense=Fut|VerbForm=Fin",
      "Degree=Sup|Gender=Masc|Number=Sing|POS=ADJ",
      "Mood=Ind|Number=Plur|POS=AUX|Person=1|Tense=Pres|VerbForm=Fin",
      "Number=Plur|POS=PRON|Person=3|Poss=Yes|PronType=Prs",
      "Case=Dat|POS=VERB|Person=3|PrepCase=Npr|PronType=Prs|Reflex=Yes|VerbForm=Inf",
      "POS=PUNCT|PunctType=Dash",
      "Case=Acc|Number=Plur|POS=PRON|Person=1|PrepCase=Npr|PronType=Prs",
      "Mood=Cnd|Number=Plur|POS=VERB|Person=1|VerbForm=Fin",
      "Gender=Masc|Number=Sing|POS=DET|PronType=Neg",
      "Gender=Fem|NumType=Card|Number=Plur|POS=NUM",
      "Case=Acc|Gender=Fem|Number=Plur|POS=VERB|Person=3|PrepCase=Npr|PronType=Prs|VerbForm=Inf",
      "Gender=Masc|Number=Sing|POS=PRON|PronType=Tot",
      "Gender=Masc|NumType=Card|Number=Plur|POS=NUM",
      "Gender=Masc|POS=NOUN",
      "Case=Acc|Number=Sing|POS=PRON|Person=1|PrepCase=Npr|PronType=Prs",
      "Gender=Fem|NumType=Card|Number=Sing|POS=DET|PronType=Ind",
      "Gender=Fem|NumType=Card|Number=Plur|POS=DET|PronType=Ind",
      "Case=Acc|POS=VERB|Person=3|PrepCase=Npr|PronType=Prs|Reflex=Yes|VerbForm=Ger",
      "Mood=Ind|Number=Sing|POS=AUX|Person=3|Tense=Imp|VerbForm=Fin",
      "POS=NOUN|VerbForm=Inf",
      "Case=Dat|Number=Plur|POS=PRON|Person=1|PrepCase=Npr|PronType=Prs|Reflex=Yes",
      "Mood=Ind|Number=Plur|POS=AUX|Person=1|Tense=Imp|VerbForm=Fin",
      "Mood=Sub|Number=Sing|POS=VERB|Person=3|Tense=Imp|VerbForm=Fin",
      "Gender=Masc|Number=Sing|Number[psor]=Plur|POS=DET|Person=1|Poss=Yes|PronType=Prs",
      "Gender=Masc|NumType=Card|Number=Sing|POS=NUM",
      "Mood=Sub|Number=Sing|POS=AUX|Person=1|Tense=Imp|VerbForm=Fin",
      "Gender=Masc|Number=Plur|POS=PRON|Poss=Yes|PronType=Int,Rel",
      "Case=Acc|Gender=Masc|Number=Plur|POS=VERB|Person=3|PrepCase=Npr|PronType=Prs|VerbForm=Inf",
      "Gender=Fem|NumType=Card|Number=Sing|POS=DET|PronType=Dem",
      "Mood=Imp|Number=Sing|POS=VERB|Person=3|VerbForm=Fin",
      "Mood=Sub|Number=Plur|POS=VERB|Person=1|Tense=Pres|VerbForm=Fin",
      "Mood=Ind|Number=Plur|POS=VERB|Person=1|Tense=Fut|VerbForm=Fin",
      "Gender=Masc|Number=Sing|POS=PRON|PronType=Neg",
      "Case=Acc|Number=Plur|POS=VERB|Person=1|PrepCase=Npr|PronType=Prs|VerbForm=Inf",
      "Case=Nom|Number=Sing|POS=PRON|Person=1|PronType=Prs",
      "Mood=Ind|Number=Sing|POS=VERB|Person=1|Tense=Past|VerbForm=Fin",
      "Mood=Ind|Number=Plur|POS=VERB|Person=1|Tense=Past|VerbForm=Fin",
      "Degree=Abs|Gender=Masc|Number=Sing|POS=ADJ",
      "Number=Sing|Number[psor]=Sing|POS=DET|Person=1|Poss=Yes|PronType=Prs",
      "Case=Acc,Nom|Gender=Masc|Number=Plur|POS=PRON|Person=1|PronType=Prs",
      "Mood=Imp|Number=Sing|POS=AUX|Person=3|VerbForm=Fin",
      "Case=Acc|Number=Plur|POS=VERB|Person=1|PrepCase=Npr|PronType=Prs|Reflex=Yes|VerbForm=Inf",
      "Mood=Sub|Number=Sing|POS=AUX|Person=3|Tense=Pres|VerbForm=Fin",
      "Gender=Masc|Number=Sing|POS=DET|Person=3|Poss=Yes|PronType=Prs",
      "Gender=Fem|Number=Sing|POS=DET|PronType=Tot",
      "POS=DET|PronType=Ind",
      "POS=DET|PronType=Int,Rel",
      "AdvType=Tim|POS=ADV",
      "POS=VERB|Person=3|PrepCase=Npr|PronType=Prs|Reflex=Yes|VerbForm=Inf",
      "Mood=Cnd|Number=Sing|POS=AUX|Person=3|VerbForm=Fin",
      "Case=Dat|Number=Plur|POS=VERB|Person=1|PrepCase=Npr|PronType=Prs|VerbForm=Inf",
      "POS=PUNCT|PunctSide=Ini|PunctType=Qest",
      "POS=PUNCT|PunctSide=Fin|PunctType=Qest",
      "Case=Dat|Number=Sing|POS=PRON|Person=1|PrepCase=Npr|PronType=Prs",
      "Number=Plur|Number[psor]=Sing|POS=DET|Person=1|Poss=Yes|PronType=Prs",
      "Gender=Masc|NumType=Card|Number=Sing|POS=DET|PronType=Ind",
      "Mood=Cnd|Number=Plur|POS=VERB|Person=3|VerbForm=Fin",
      "Case=Acc|Gender=Fem|Number=Sing|POS=VERB|Person=3|PrepCase=Npr|PronType=Prs|VerbForm=Ger",
      "Degree=Abs|Gender=Fem|Number=Sing|POS=ADJ",
      "Case=Acc|Number=Plur|POS=PRON|Person=1|PrepCase=Npr|PronType=Prs|Reflex=Yes",
      "Mood=Sub|Number=Plur|POS=VERB|Person=1|Tense=Imp|VerbForm=Fin",
      "Case=Acc|Number=Sing|POS=PRON|Person=1|PrepCase=Npr|PronType=Prs|Reflex=Yes",
      "POS=PUNCT|PunctSide=Ini|PunctType=Excl",
      "POS=PUNCT|PunctSide=Fin|PunctType=Excl",
      "Mood=Cnd|Number=Sing|POS=VERB|Person=3|VerbForm=Fin",
      "Case=Acc|Mood=Imp|Number=Sing|POS=VERB|Person=3|PrepCase=Npr|PronType=Prs|Reflex=Yes|VerbForm=Fin",
      "Gender=Fem|Number=Sing|POS=PRON|PronType=Tot",
      "Gender=Masc|Number=Plur|Number[psor]=Plur|POS=DET|Person=1|Poss=Yes|PronType=Prs",
      "Mood=Imp|Number=Plur|POS=VERB|Person=1|VerbForm=Fin",
      "Gender=Masc|NumType=Card|Number=Plur|POS=PRON|PronType=Ind",
      "Gender=Masc|NumType=Card|Number=Sing|POS=PRON|PronType=Ind",
      "Gender=Masc|Number=Plur|POS=PRON|PronType=Dem",
      "Case=Dat|Number=Plur|POS=VERB|Person=3|PronType=Prs|VerbForm=Inf",
      "Degree=Abs|Gender=Masc|NumType=Card|Number=Plur|POS=DET|PronType=Ind",
      "Case=Acc|Number=Sing|POS=PRON|Person=1|PrepCase=Pre|PronType=Prs",
      "Case=Dat|Mood=Imp|Number=Plur|POS=VERB|Person=3|PrepCase=Npr|PronType=Prs|Reflex=Yes|VerbForm=Fin",
      "Definite=Ind|Gender=Fem|NumType=Card|Number=Sing|POS=DET|PronType=Art",
      "Gender=Fem|NumType=Card|Number=Sing|POS=NUM",
      "Case=Acc|Gender=Fem|Number=Plur|POS=VERB|Person=1,3|PrepCase=Npr|PronType=Prs|Reflex=Yes|VerbForm=Inf",
      "Case=Dat|Number=Sing|POS=PRON|Person=1|PrepCase=Npr|PronType=Prs|Reflex=Yes",
      "Mood=Sub|Number=Plur|POS=AUX|Person=3|Tense=Imp|VerbForm=Fin",
      "Gender=Fem|Number=Plur|Number[psor]=Plur|POS=DET|Person=1|Poss=Yes|PronType=Prs",
      "POS=SCONJ|PronType=Int,Rel",
      "Case=Acc,Dat|Gender=Masc|Number=Sing|POS=VERB|Person=3|PrepCase=Npr|PronType=Prs|VerbForm=Inf",
      "Case=Acc|POS=PRON|Person=3|PrepCase=Pre|PronType=Prs|Reflex=Yes",
      "Mood=Ind|Number=Sing|POS=VERB|Person=2|Tense=Pres|VerbForm=Fin",
      "Case=Dat|Number=Sing|POS=VERB|Person=1|PrepCase=Npr|PronType=Prs|VerbForm=Inf",
      "NumType=Card|Number=Sing|POS=DET|PronType=Ind",
      "Mood=Ind|Number=Plur|POS=VERB|Person=1|Tense=Imp|VerbForm=Fin",
      "Case=Acc|Number=Sing|POS=PRON|Person=2|PrepCase=Npr|PronType=Prs",
      "Case=Dat|POS=PRON|Person=3|PrepCase=Npr|PronType=Prs",
      "POS=VERB|Person=3|PrepCase=Npr|PronType=Prs|Reflex=Yes|VerbForm=Ger",
      "Case=Acc,Nom|Gender=Fem|Number=Sing|POS=PRON|Person=3|PronType=Prs",
      "Number=Sing|POS=DET|PronType=Dem",
      "Case=Acc,Dat|Gender=Masc|Number=Sing|POS=VERB|Person=3|PrepCase=Npr|PronType=Prs|Reflex=Yes|VerbForm=Inf",
      "Mood=Sub|Number=Sing|POS=AUX|Person=3|Tense=Imp|VerbForm=Fin",
      "POS=SYM",
      "Gender=Fem|Number=Sing|POS=PRON|PronType=Neg",
      "Case=Acc|Gender=Masc|Number=Sing|POS=VERB|Person=3|PrepCase=Npr|PronType=Prs|VerbForm=Ger",
      "Degree=Sup|Gender=Fem|Number=Sing|POS=ADJ",
      "Case=Dat|POS=VERB|Person=3|PrepCase=Npr|PronType=Prs|Reflex=Yes|VerbForm=Ger",
      "Case=Nom|Number=Sing|POS=PRON|Person=2|PronType=Prs",
      "Number=Sing|Number[psor]=Sing|POS=DET|Person=2|Poss=Yes|PronType=Prs",
      "Case=Acc|Mood=Imp|Number=Plur|POS=VERB|Person=3|PrepCase=Npr|PronType=Prs|Reflex=Yes|VerbForm=Fin",
      "Case=Acc|Gender=Masc|Mood=Imp|Number=Sing|POS=VERB|Person=2,3|PrepCase=Npr|PronType=Prs|VerbForm=Fin",
      "Mood=Ind|Number=Sing|POS=AUX|Person=1|Tense=Fut|VerbForm=Fin",
      "Case=Acc|Number=Sing|POS=VERB|Person=1|PrepCase=Npr|PronType=Prs|Reflex=Yes|VerbForm=Inf",
      "Gender=Masc|Number=Sing|Number[psor]=Sing|POS=PRON|Person=1|Poss=Yes|PronType=Ind",
      "Case=Acc,Nom|Number=Sing|POS=PRON|Person=2|Polite=Form|PronType=Prs",
      "Case=Dat|Mood=Imp|Number=Sing|POS=VERB|Person=3|PrepCase=Npr|PronType=Prs|Reflex=Yes|VerbForm=Fin",
      "Case=Acc|Gender=Masc|Number=Plur|POS=VERB|Person=3|PrepCase=Npr|PronType=Prs|VerbForm=Ger",
      "Gender=Masc|NumType=Card|Number=Sing|POS=PRON|PronType=Int,Rel",
      "Gender=Fem|NumType=Card|Number=Plur|POS=PRON|PronType=Ind",
      "Case=Dat|Number=Plur|POS=VERB|Person=1|PrepCase=Npr|PronType=Prs|VerbForm=Ger",
      "Case=Acc,Dat|POS=PRON|Person=3|PrepCase=Npr|PronType=Prs|Reflex=Yes",
      "Mood=Ind|Number=Plur|POS=VERB|Person=2|Tense=Pres|VerbForm=Fin",
      "Case=Dat|Number=Sing|POS=PRON|Person=2|PrepCase=Npr|PronType=Prs",
      "Mood=Cnd|Number=Sing|POS=VERB|Person=2|VerbForm=Fin",
      "Case=Acc|Number=Sing|POS=VERB|Person=1|PrepCase=Npr|PronType=Prs|VerbForm=Inf",
      "Mood=Ind|Number=Sing|POS=VERB|Person=1|Tense=Fut|VerbForm=Fin",
      "Mood=Cnd|Number=Plur|POS=AUX|Person=1|VerbForm=Fin",
      "NumType=Card|Number=Plur|POS=PRON|PronType=Ind",
      "Gender=Masc|NumType=Card|Number=Sing|POS=DET|PronType=Dem",
      "Degree=Abs|Gender=Masc|Number=Sing|POS=DET|PronType=Ind",
      "Gender=Fem|Number=Plur|POS=PRON|Poss=Yes|PronType=Int,Rel",
      "Mood=Ind|Number=Sing|POS=AUX|Person=1|Tense=Past|VerbForm=Fin",
      "Case=Acc,Nom|Number=Plur|POS=PRON|Person=2|Polite=Form|PronType=Prs",
      "Mood=Imp|Number=Sing|POS=AUX|Person=2|VerbForm=Fin",
      "Case=Dat|Number=Sing|POS=VERB|Person=2|PrepCase=Npr|PronType=Prs|VerbForm=Inf",
      "Gender=Fem|Number=Sing|Number[psor]=Sing|POS=PRON|Person=2|Poss=Yes|PronType=Ind",
      "NumType=Card|Number=Sing|POS=NUM",
      "Mood=Ind|Number=Sing|POS=VERB|Person=2|Tense=Past|VerbForm=Fin",
      "Mood=Ind|Number=Sing|POS=AUX|Person=2|Tense=Imp|VerbForm=Fin",
      "Mood=Ind|Number=Sing|POS=AUX|Person=2|Tense=Pres|VerbForm=Fin",
      "Case=Com|Number=Sing|POS=PRON|Person=2|PrepCase=Pre|PronType=Prs",
      "Mood=Ind|Number=Sing|POS=VERB|Person=2|Tense=Imp|VerbForm=Fin",
      "Case=Acc|Number=Sing|POS=PRON|Person=2|PrepCase=Npr|PronType=Prs|Reflex=Yes",
      "Number=Sing|POS=PRON|Person=2|PrepCase=Npr|PronType=Prs|Reflex=Yes",
      "Case=Acc|Number=Sing|POS=PRON|Person=2|PrepCase=Pre|PronType=Prs",
      "Mood=Cnd|Number=Sing|POS=AUX|Person=2|VerbForm=Fin",
      "Mood=Sub|Number=Sing|POS=AUX|Person=2|Tense=Pres|VerbForm=Fin",
      "Number=Sing|POS=NOUN|VerbForm=Fin",
      "Case=Dat|Number=Sing|POS=PRON|Person=2|PrepCase=Npr|PronType=Prs|Reflex=Yes",
      "Case=Dat|Mood=Imp|Number=Plur,Sing|POS=VERB|Person=1,2|PrepCase=Npr|PronType=Prs|VerbForm=Fin",
      "Case=Acc|Mood=Imp|Number=Sing|POS=VERB|Person=2|PrepCase=Npr|PronType=Prs|Reflex=Yes|VerbForm=Fin",
      "Mood=Ind|Number=Sing|POS=VERB|Person=2|Tense=Fut|VerbForm=Fin",
      "Gender=Fem|NumType=Card|Number=Sing|POS=DET|PronType=Int,Rel",
      "Mood=Sub|Number=Sing|POS=VERB|Person=2|Tense=Pres|VerbForm=Fin",
      "Mood=Ind|Number=Sing|POS=AUX|Person=2|Tense=Fut|VerbForm=Fin",
      "Gender=Fem|Number=Plur|POS=PRON|PronType=Tot",
      "Gender=Masc|NumType=Card|Number=Plur|POS=DET|PronType=Int,Rel",
      "Case=Dat|Number=Sing|POS=VERB|Person=3|PronType=Prs|VerbForm=Ger",
      "Number=Sing|POS=VERB|VerbForm=Fin",
      "POS=VERB|VerbForm=Fin",
      "Degree=Abs|Gender=Masc|Number=Plur|POS=ADJ",
      "Degree=Abs|Gender=Fem|Number=Plur|POS=ADJ",
      "Case=Acc|POS=AUX|Person=3|PrepCase=Npr|PronType=Prs|Reflex=Yes|VerbForm=Ger",
      "Gender=Masc|Number=Sing|Number[psor]=Plur|POS=PRON|Person=1|Poss=Yes|PronType=Prs",
      "Mood=Sub|Number=Plur|POS=AUX|Person=1|Tense=Imp|VerbForm=Fin",
      "Gender=Fem|NumType=Card|Number=Plur|POS=DET|PronType=Dem",
      "Definite=Ind|Gender=Masc|NumType=Card|Number=Sing|POS=DET|PronType=Art",
      "Degree=Sup|Gender=Fem|Number=Plur|POS=ADJ",
      "Number=Plur|POS=PRON|PronType=Dem",
      "Case=Acc,Dat|Gender=Masc|Number=Plur|POS=PRON|Person=2|PrepCase=Npr|PronType=Prs",
      "Case=Acc|Gender=Fem|Number=Plur|POS=VERB|Person=3|PrepCase=Npr|PronType=Prs|VerbForm=Ger",
      "Gender=Masc|Number=Sing|POS=AUX|VerbForm=Fin",
      "POS=AUX|Person=3|PrepCase=Npr|PronType=Prs|Reflex=Yes|VerbForm=Inf",
      "Mood=Ind|Number=Plur|POS=AUX|Person=1|Tense=Past|VerbForm=Fin",
      "Gender=Masc|NumType=Card|Number=Sing|POS=DET|PronType=Int,Rel",
      "Gender=Masc|Number=Plur|POS=DET|Person=3|Poss=Yes|PronType=Prs",
      "Case=Acc|Mood=Imp|Number=Sing|POS=VERB|Person=1,3|PrepCase=Npr|PronType=Prs|VerbForm=Fin",
      "Gender=Masc|NumType=Card|Number=Plur|POS=PRON|PronType=Int,Rel",
      "Gender=Masc|Number=Sing|POS=PRON|Person=3|Poss=Yes|PronType=Prs",
      "Case=Acc|POS=AUX|Person=3|PrepCase=Npr|PronType=Prs|Reflex=Yes|VerbForm=Inf",
      "Case=Acc,Dat|Gender=Masc|Number=Sing|POS=VERB|Person=1,3|PrepCase=Npr|PronType=Prs|Reflex=Yes|VerbForm=Inf",
      "Number=Plur|POS=VERB|Person=1|PrepCase=Npr|PronType=Prs|Reflex=Yes|VerbForm=Inf",
      "Case=Acc,Dat|Gender=Fem|Number=Plur|POS=VERB|Person=3|PrepCase=Npr|PronType=Prs|Reflex=Yes|VerbForm=Inf",
      "Mood=Imp|Number=Sing|POS=VERB|Person=2|PrepCase=Npr|PronType=Prs|Reflex=Yes|VerbForm=Fin",
      "Gender=Masc|Number=Sing|Number[psor]=Sing|POS=DET|Person=1|Poss=Yes|PronType=Ind",
      "Mood=Ind|POS=VERB|Person=3|Tense=Pres|VerbForm=Fin",
      "Case=Dat|Number=Sing|POS=VERB|Person=1|PrepCase=Npr|PronType=Prs|Reflex=Yes|VerbForm=Inf",
      "Definite=Def|Foreign=Yes|POS=DET|PronType=Art",
      "Case=Dat|Number=Plur|POS=PRON|Person=2|PrepCase=Npr|PronType=Prs",
      "Gender=Masc|NumType=Card|Number=Plur|POS=PRON|PronType=Dem",
      "Gender=Fem|Number=Sing|POS=DET|Person=3|Poss=Yes|PronType=Prs",
      "Mood=Sub|Number=Plur|POS=VERB|Person=2|Tense=Pres|VerbForm=Fin",
      "Case=Acc|Number=Sing|POS=VERB|Person=2|PrepCase=Npr|PronType=Prs|Reflex=Yes|VerbForm=Inf",
      "Mood=Sub|Number=Plur|POS=AUX|Person=1|Tense=Pres|VerbForm=Fin",
      "Mood=Ind|Number=Plur|POS=AUX|Person=1|Tense=Fut|VerbForm=Fin",
      "Number=Sing|POS=PRON|Person=3|Poss=Yes|PronType=Prs",
      "Definite=Def|Gender=Fem|Number=Sing|POS=ADP|PronType=Art",
      "Case=Acc|Number=Sing|POS=VERB|Person=2|PrepCase=Npr|PronType=Prs|PunctType=Quot|VerbForm=Inf",
      "Case=Dat|Number=Plur|POS=VERB|Person=1|PrepCase=Npr|PronType=Prs|Reflex=Yes|VerbForm=Inf",
      "Case=Com|POS=PRON|Person=3|PrepCase=Pre|PronType=Prs|Reflex=Yes",
      "NumForm=Digit|NumType=Frac|POS=SYM",
      "Number=Sing|POS=VERB|Person=1|PrepCase=Npr|PronType=Prs|Reflex=Yes|VerbForm=Inf",
      "Case=Dat|Number=Sing|POS=AUX|Person=3|PronType=Prs|VerbForm=Inf",
      "Case=Acc|Gender=Masc|Number=Sing|POS=AUX|Person=3|PrepCase=Npr|PronType=Prs|VerbForm=Inf",
      "Case=Dat|POS=AUX|Person=3|PrepCase=Npr|PronType=Prs|Reflex=Yes|VerbForm=Inf",
      "Gender=Fem|NumType=Card|Number=Sing|POS=PRON|PronType=Ind",
      "Case=Acc,Dat|Gender=Masc|Number=Plur,Sing|POS=VERB|Person=1,3|PrepCase=Npr|PronType=Prs|Reflex=Yes|VerbForm=Inf",
      "Gender=Masc|Mood=Ind|Number=Sing|POS=VERB|Person=3|Tense=Pres|VerbForm=Fin",
      "Case=Acc|Gender=Masc|Number=Plur|POS=PRON|Person=1|PrepCase=Npr|PronType=Prs|Reflex=Yes",
      "Case=Acc,Dat|Gender=Masc|Number=Sing|POS=VERB|Person=3|PrepCase=Npr|PronType=Prs|VerbForm=Ger",
      "Gender=Fem|Number=Sing|Number[psor]=Sing|POS=PRON|Person=1|Poss=Yes|PronType=Ind",
      "Case=Dat|Number=Plur|POS=VERB|Person=2|PrepCase=Npr|PronType=Prs|Reflex=Yes|VerbForm=Inf",
      "Case=Acc|Number=Plur|POS=VERB|Person=2|PrepCase=Npr|PronType=Prs|VerbForm=Inf",
      "Number=Sing|POS=PRON|PronType=Tot",
      "Mood=Ind|Number=Plur|POS=AUX|Person=2|Tense=Pres|VerbForm=Fin",
      "Case=Dat|Number=Plur|POS=VERB|Person=3|PronType=Prs|VerbForm=Ger",
      "NumType=Card|Number=Plur|POS=DET|PronType=Ind",
      "POS=PRON|PronType=Dem",
      "Number=Sing|POS=PRON|Person=1|PrepCase=Npr|PronType=Prs|Reflex=Yes",
      "POS=AUX|VerbForm=Fin",
      "Gender=Fem|NumType=Card|Number=Plur|POS=PRON|PronType=Int,Rel",
      "Gender=Fem|Number=Sing|Number[psor]=Plur|POS=DET|Person=2|Poss=Yes|PronType=Prs",
      "Gender=Fem|Number=Plur|Number[psor]=Plur|POS=PRON|Person=1|Poss=Yes|PronType=Prs",
      "Case=Acc|Gender=Fem|Number=Plur|POS=AUX|Person=3|PrepCase=Npr|PronType=Prs|VerbForm=Inf",
      "Case=Acc|Gender=Masc|Number=Plur|POS=AUX|Person=3|PrepCase=Npr|PronType=Prs|VerbForm=Inf",
      "Case=Acc,Dat|Gender=Fem|Number=Sing|POS=VERB|Person=3|PrepCase=Npr|PronType=Prs|Reflex=Yes|VerbForm=Inf",
      "AdvType=Tim|Gender=Masc|Number=Sing|POS=NOUN",
      "Gender=Fem|Number=Sing|Number[psor]=Plur|POS=PRON|Person=1|Poss=Yes|PronType=Prs",
      "Mood=Ind|Number=Sing|POS=AUX|Person=3|Tense=Pres|Typo=Yes|VerbForm=Fin",
      "Gender=Fem|NumType=Card|Number=Sing|POS=PRON|PronType=Dem",
      "Case=Acc|POS=PRON|Person=3|PrepCase=Npr|PronType=Prs",
      "Gender=Fem|Number=Sing|Number[psor]=Sing|POS=DET|Person=1|Poss=Yes|PronType=Ind",
      "Gender=Masc|Number=Sing|Number[psor]=Sing|POS=PRON|Person=2|Poss=Yes|PronType=Ind",
      "Gender=Fem|Number=Plur|POS=PRON|Person=3|Poss=Yes|PronType=Prs",
      "Definite=Def|Gender=Masc|Number=Plur|POS=ADP|PronType=Art",
      "Gender=Masc|Number=Plur|POS=DET|PronType=Art",
      "Gender=Masc|Number=Sing|POS=NOUN|VerbForm=Part",
      "Case=Acc|Gender=Masc|Number=Sing|POS=AUX|Person=3|PrepCase=Npr|PronType=Prs|VerbForm=Ger",
      "Case=Acc,Dat|Number=Plur|POS=VERB|Person=3|PrepCase=Npr|PronType=Prs|Reflex=Yes|VerbForm=Inf",
      "Gender=Masc|Number=Sing|POS=DET|Person=3|Poss=Yes|PronType=Ind",
      "Case=Acc|Number=Sing|POS=VERB|Person=1|PrepCase=Npr|PronType=Prs|Reflex=Yes|VerbForm=Ger",
      "Case=Acc,Dat|Number=Sing|POS=PRON|Person=2|PrepCase=Npr|PronType=Prs",
      "Case=Acc|Gender=Masc|Mood=Imp|Number=Plur|POS=VERB|Person=1,3|PrepCase=Npr|PronType=Prs|VerbForm=Fin",
      "Number=Plur|POS=PRON|Person=1|PrepCase=Npr|PronType=Prs|Reflex=Yes",
      "Gender=Fem|Number=Sing|POS=PRON|Person=1|Poss=Yes|PronType=Prs",
      "Case=Com|Number=Sing|POS=PRON|Person=1|PrepCase=Pre|PronType=Prs",
      "POS=X",
      "Case=Acc,Dat|Number=Plur|POS=PRON|Person=1|PrepCase=Npr|PronType=Prs",
      "Case=Com|POS=PRON|Person=3|PronType=Prs|Reflex=Yes",
      "Case=Acc,Dat|Number=Sing|POS=VERB|Person=3|PrepCase=Npr|PronType=Prs|Reflex=Yes|VerbForm=Inf",
      "Case=Acc,Dat|Number=Sing|POS=PRON|Person=1|PrepCase=Npr|PronType=Prs",
      "Case=Acc|Gender=Masc|Mood=Imp|Number=Plur,Sing|POS=VERB|Person=1,3|PrepCase=Npr|PronType=Prs|VerbForm=Fin",
      "Case=Acc|Number=Plur|POS=PRON|Person=2|PrepCase=Npr|PronType=Prs",
      "Number=Sing|POS=AUX|Person=1|PrepCase=Npr|PronType=Prs|Reflex=Yes|VerbForm=Inf",
      "Case=Acc|Gender=Masc|Mood=Imp|Number=Sing|POS=VERB|Person=3|PrepCase=Npr|PronType=Prs|VerbForm=Fin",
      "Mood=Imp|Number=Plur|POS=VERB|Person=2|VerbForm=Fin",
      "Gender=Masc|Number=Plur|POS=PRON|Person=2|Poss=Yes|PronType=Ind",
      "Case=Dat|Mood=Imp|Number=Sing|POS=VERB|Person=3|PronType=Prs|VerbForm=Fin",
      "Gender=Fem|Number=Sing|POS=PRON|Person=3|Poss=Yes|PronType=Prs",
      "Case=Dat|Mood=Imp|Number=Sing|POS=VERB|Person=1,3|PrepCase=Npr|PronType=Prs|VerbForm=Fin",
      "Gender=Fem|Number=Plur|POS=DET|Person=3|Poss=Yes|PronType=Prs",
      "Gender=Fem|Number=Plur|Number[psor]=Plur|POS=DET|Person=2|Poss=Yes|PronType=Prs",
      "Case=Dat|Number=Sing|POS=VERB|Person=2|PrepCase=Npr|PronType=Prs|Reflex=Yes|VerbForm=Inf",
      "Number=Plur|Number[psor]=Sing|POS=DET|Person=2|Poss=Yes|PronType=Prs",
      "POS=NOUN|PunctType=Comm",
      "Degree=Cmp|POS=ADJ",
      "Gender=Masc|POS=ADJ",
      "Degree=Abs|Gender=Masc|NumType=Card|Number=Plur|POS=PRON|PronType=Ind",
      "POS=PRON|PronType=Neg",
      "Case=Acc,Dat|Gender=Fem|Number=Sing|POS=VERB|Person=3|PrepCase=Npr|PronType=Prs|VerbForm=Inf",
      "Case=Acc|Number=Plur|POS=VERB|Person=1|PrepCase=Npr|PronType=Prs|Reflex=Yes|VerbForm=Ger",
      "Case=Dat|Number=Sing|POS=VERB|Person=3|PrepCase=Npr|PronType=Prs|VerbForm=Ger",
      "Gender=Fem|Number=Sing|POS=DET|Person=3|Poss=Yes|PronType=Ind",
      "Number=Sing|POS=DET|PronType=Int,Rel",
      "Definite=Def|Foreign=Yes|Gender=Fem|Number=Sing|POS=DET|PronType=Art",
      "Foreign=Yes|POS=NOUN",
      "Foreign=Yes|POS=ADP",
      "Foreign=Yes|POS=CCONJ",
      "Foreign=Yes|POS=PROPN"
    ],
    "parser": [
      "ROOT",
      "acl",
      "advcl",
      "advmod",
      "amod",
      "appos",
      "aux",
      "case",
      "cc",
      "ccomp",
      "compound",
      "conj",
      "cop",
      "csubj",
      "dep",
      "det",
      "expl:impers",
      "expl:pass",
      "expl:pv",
      "fixed",
      "flat",
      "iobj",
      "mark",
      "nmod",
      "nsubj",
      "nummod",
      "obj",
      "obl",
      "parataxis",
      "punct",
      "xcomp"
    ],
    "senter": [
      "I",
      "S"
    ],
    "attribute_ruler": [],
    "lemmatizer": [],
    "ner": [
      "LOC",
      "MISC",
      "ORG",
      "PER"
    ]
  },
  "pipeline": [
    "tok2vec",
    "morphologizer",
    "parser",
    "attribute_ruler",
    "lemmatizer",
    "ner"
  ],
  "components": [
    "tok2vec",
    "morphologizer",
    "parser",
    "senter",
    "attribute_ruler",
    "lemmatizer",
    "ner"
  ],
  "disabled": [
    "senter"
  ],
  "performance": {
    "token_acc": 0.9999808396,
    "token_p": 0.9989078786,
    "token_r": 0.9995398685,
    "token_f": 0.9992237736,
    "pos_acc": 0.9842700076,
    "morph_acc": 0.9797741608,
    "morph_micro_p": 0.9943354663,
    "morph_micro_r": 0.9878280081,
    "morph_micro_f": 0.9910710552,
    "morph_per_feat": {
      "Definite": {
        "p": 0.9984319316,
        "r": 0.9991440799,
        "f": 0.9987878788
      },
      "Gender": {
        "p": 0.9956460158,
        "r": 0.9861277082,
        "f": 0.9908640042
      },
      "Number": {
        "p": 0.9981374413,
        "r": 0.9896506617,
        "f": 0.9938759345
      },
      "PronType": {
        "p": 0.9976945245,
        "r": 0.9919770774,
        "f": 0.9948275862
      },
      "PunctType": {
        "p": 0.9993621432,
        "r": 0.9990435198,
        "f": 0.9992028061
      },
      "VerbForm": {
        "p": 0.9906044472,
        "r": 0.9884375,
        "f": 0.9895197873
      },
      "Mood": {
        "p": 0.9802351764,
        "r": 0.9739000746,
        "f": 0.9770573566
      },
      "Person": {
        "p": 0.9919326552,
        "r": 0.9845082681,
        "f": 0.988206517
      },
      "Tense": {
        "p": 0.9821795751,
        "r": 0.9797174111,
        "f": 0.9809469481
      },
      "NumForm": {
        "p": 0.9869067103,
        "r": 0.9773095624,
        "f": 0.9820846906
      },
      "NumType": {
        "p": 0.9854077253,
        "r": 0.9655172414,
        "f": 0.9753610875
      },
      "Poss": {
        "p": 1.0,
        "r": 0.9963436929,
        "f": 0.9981684982
      },
      "PunctSide": {
        "p": 1.0,
        "r": 0.998,
        "f": 0.998998999
      },
      "Case": {
        "p": 0.9401561145,
        "r": 0.937716263,
        "f": 0.9389346037
      },
      "PrepCase": {
        "p": 1.0,
        "r": 0.9844720497,
        "f": 0.9921752739
      },
      "Reflex": {
        "p": 0.9919354839,
        "r": 0.9887459807,
        "f": 0.9903381643
      },
      "Degree": {
        "p": 0.9927007299,
        "r": 0.9679715302,
        "f": 0.9801801802
      },
      "Polarity": {
        "p": 1.0,
        "r": 0.9935064935,
        "f": 0.996742671
      },
      "AdvType": {
        "p": 0.9668508287,
        "r": 0.9308510638,
        "f": 0.9485094851
      },
      "Number[psor]": {
        "p": 1.0,
        "r": 0.9142857143,
        "f": 0.9552238806
      },
      "Foreign": {
        "p": 1.0,
        "r": 1.0,
        "f": 1.0
      }
    },
    "sents_p": 0.9660905541,
    "sents_r": 0.9833910579,
    "sents_f": 0.9746640401,
    "dep_uas": 0.9117397084,
    "dep_las": 0.8804890274,
    "dep_las_per_type": {
      "det": {
        "p": 0.9747887324,
        "r": 0.9792020374,
        "f": 0.9769904009
      },
      "nsubj": {
        "p": 0.8873085339,
        "r": 0.8899049012,
        "f": 0.888604821
      },
      "case": {
        "p": 0.9639445715,
        "r": 0.9658937719,
        "f": 0.9649181873
      },
      "amod": {
        "p": 0.9109185442,
        "r": 0.9147232858,
        "f": 0.9128169503
      },
      "nmod": {
        "p": 0.8398823844,
        "r": 0.8318771512,
        "f": 0.8358606012
      },
      "mark": {
        "p": 0.8968340611,
        "r": 0.9148106904,
        "f": 0.9057331863
      },
      "acl": {
        "p": 0.7471153846,
        "r": 0.74,
        "f": 0.7435406699
      },
      "advcl": {
        "p": 0.5823529412,
        "r": 0.6103575832,
        "f": 0.5960264901
      },
      "nummod": {
        "p": 0.8833922261,
        "r": 0.8818342152,
        "f": 0.8826125331
      },
      "obj": {
        "p": 0.8402268179,
        "r": 0.8385486019,
        "f": 0.839386871
      },
      "obl": {
        "p": 0.7488172043,
        "r": 0.7514026759,
        "f": 0.7501077122
      },
      "fixed": {
        "p": 0.865248227,
        "r": 0.8209959623,
        "f": 0.8425414365
      },
      "cc": {
        "p": 0.9296551724,
        "r": 0.9264604811,
        "f": 0.9280550775
      },
      "conj": {
        "p": 0.7072218608,
        "r": 0.6936821953,
        "f": 0.7003865979
      },
      "root": {
        "p": 0.9168162777,
        "r": 0.9262394196,
        "f": 0.9215037594
      },
      "flat": {
        "p": 0.8962264151,
        "r": 0.9278737791,
        "f": 0.9117755629
      },
      "xcomp": {
        "p": 0.8136020151,
        "r": 0.7936117936,
        "f": 0.8034825871
      },
      "advmod": {
        "p": 0.8537414966,
        "r": 0.8489289741,
        "f": 0.8513284341
      },
      "compound": {
        "p": 0.8792270531,
        "r": 0.7309236948,
        "f": 0.798245614
      },
      "expl:pv": {
        "p": 0.7894736842,
        "r": 0.8045977011,
        "f": 0.7969639469
      },
      "cop": {
        "p": 0.8823529412,
        "r": 0.9012875536,
        "f": 0.8917197452
      },
      "ccomp": {
        "p": 0.8327205882,
        "r": 0.8499061914,
        "f": 0.8412256267
      },
      "iobj": {
        "p": 0.7266666667,
        "r": 0.5422885572,
        "f": 0.6210826211
      },
      "aux": {
        "p": 0.9641319943,
        "r": 0.9559032717,
        "f": 0.96
      },
      "appos": {
        "p": 0.6530343008,
        "r": 0.690376569,
        "f": 0.6711864407
      },
      "expl:pass": {
        "p": 0.7623762376,
        "r": 0.8324324324,
        "f": 0.7958656331
      },
      "csubj": {
        "p": 0.7191011236,
        "r": 0.6736842105,
        "f": 0.6956521739
      },
      "parataxis": {
        "p": 0.6086956522,
        "r": 0.3333333333,
        "f": 0.4307692308
      },
      "expl:impers": {
        "p": 0.5,
        "r": 0.6875,
        "f": 0.5789473684
      },
      "orphan": {
        "p": 0.0,
        "r": 0.0,
        "f": 0.0
      },
      "dep": {
        "p": 0.0,
        "r": 0.0,
        "f": 0.0
      },
      "nsubj:pass": {
        "p": 0.0,
        "r": 0.0,
        "f": 0.0
      },
      "aux:pass": {
        "p": 0.0,
        "r": 0.0,
        "f": 0.0
      },
      "acl:relcl": {
        "p": 0.0,
        "r": 0.0,
        "f": 0.0
      }
    },
    "tag_acc": 0.9605935412,
    "lemma_acc": 0.9642436149,
    "ents_p": 0.8938116045,
    "ents_r": 0.8951031872,
    "ents_f": 0.8944569296,
    "ents_per_type": {
      "LOC": {
        "p": 0.8937359723,
        "r": 0.905,
        "f": 0.8993327174
      },
      "PER": {
        "p": 0.9367569469,
        "r": 0.9493797234,
        "f": 0.9430260968
      },
      "MISC": {
        "p": 0.8287117731,
        "r": 0.7947120498,
        "f": 0.8113558796
      },
      "ORG": {
        "p": 0.8464302827,
        "r": 0.81650104,
        "f": 0.8311963298
      }
    },
    "speed": 7821.2659219685
  },
  "sources": [
    {
      "name": "UD Spanish AnCora v2.8",
      "url": "https://github.com/UniversalDependencies/UD_Spanish-AnCora",
      "license": "GNU GPL 3.0",
      "author": "Mart\u00ednez Alonso, H\u00e9ctor; Zeman, Daniel"
    },
    {
      "name": "WikiNER",
      "url": "https://figshare.com/articles/Learning_multilingual_named_entity_recognition_from_Wikipedia/5462500",
      "license": "CC BY 4.0",
      "author": "Joel Nothman, Nicky Ringland, Will Radford, Tara Murphy, James R Curran"
    },
    {
      "name": "spaCy lookups data",
      "author": "Explosion",
      "url": "https://github.com/explosion/spacy-lookups-data",
      "license": "MIT"
    },
    {
      "name": "Explosion fastText Vectors (cbow, OSCAR Common Crawl + Wikipedia)",
      "url": "https://spacy.io",
      "license": "CC0",
      "author": "Explosion"
    }
  ],
  "requirements": [],
  "size": "41 MB",
  "checksum": "1268eee873f3144539c3e6e8a344ddeb0d0a945a46d392d91c4668e94122c241",
  "checksum_whl": "164d41a513ae3e8b2a03dc1b3e644cff88ad38fb28ba4a37749ccc6d80ea7a3b"
}