{
  "lang": "es",
  "name": "dep_news_trf",
  "version": "3.0.0a1",
  "description": "Spanish transformer pipeline (dccuchile/bert-base-spanish-wwm-cased). Components: transformer, morphologizer, parser, attribute_ruler, lemmatizer.",
  "author": "Explosion",
  "email": "contact@explosion.ai",
  "url": "https://explosion.ai",
  "license": "GNU GPL 3.0",
  "spacy_version": ">=3.0.0rc3,<3.1.0",
  "spacy_git_version": "b331653ad",
  "vectors": {
    "width": 0,
    "vectors": 0,
    "keys": 0,
    "name": null
  },
  "labels": {
    "transformer": [],
    "morphologizer": [
      "Definite=Def|Gender=Masc|Number=Sing|POS=DET|PronType=Art",
      "Gender=Masc|Number=Sing|POS=NOUN",
      "AdpType=Preppron|POS=ADP",
      "Gender=Masc|Number=Sing|POS=ADJ",
      "AdpType=Prep|POS=ADP",
      "Definite=Def|Gender=Fem|Number=Plur|POS=DET|PronType=Art",
      "POS=PROPN",
      "Case=Acc,Dat|POS=PRON|Person=3|PrepCase=Npr|PronType=Prs|Reflex=Yes",
      "Mood=Ind|Number=Sing|POS=VERB|Person=3|Tense=Past|VerbForm=Fin",
      "POS=VERB|VerbForm=Inf",
      "Gender=Fem|Number=Sing|POS=DET|PronType=Dem",
      "Gender=Fem|Number=Sing|POS=NOUN",
      "Gender=Fem|Number=Plur|POS=NOUN",
      "Gender=Fem|Number=Plur|POS=DET|PronType=Ind",
      "POS=PRON|PronType=Int,Rel",
      "Mood=Sub|Number=Plur|POS=VERB|Person=3|Tense=Pres|VerbForm=Fin",
      "Definite=Def|Gender=Fem|Number=Sing|POS=DET|PronType=Art",
      "POS=SCONJ",
      "POS=NOUN",
      "Definite=Def|Gender=Masc|Number=Plur|POS=DET|PronType=Art",
      "Number=Plur|POS=NOUN",
      "Gender=Masc|Number=Plur|POS=DET|PronType=Ind",
      "Gender=Masc|Number=Plur|POS=NOUN",
      "POS=PUNCT|PunctType=Peri",
      "Mood=Ind|Number=Sing|POS=VERB|Person=3|Tense=Pres|VerbForm=Fin",
      "POS=PUNCT|PunctType=Comm",
      "Case=Acc|Gender=Fem|Number=Sing|POS=VERB|Person=3|PrepCase=Npr|PronType=Prs|VerbForm=Inf",
      "Mood=Ind|Number=Plur|POS=AUX|Person=3|Tense=Pres|VerbForm=Fin",
      "Gender=Masc|Number=Sing|POS=VERB|Tense=Past|VerbForm=Part",
      "Number=Plur|POS=ADJ",
      "POS=CCONJ",
      "Gender=Masc|Number=Plur|POS=PRON|PronType=Ind",
      "POS=ADV",
      "Mood=Ind|Number=Plur|POS=VERB|Person=3|Tense=Fut|VerbForm=Fin",
      "Gender=Masc|NumType=Card|Number=Plur|POS=DET|PronType=Dem",
      "Mood=Ind|Number=Sing|POS=AUX|Person=3|Tense=Pres|VerbForm=Fin",
      "Number=Sing|POS=ADJ",
      "Gender=Masc|Number=Plur|POS=ADJ|VerbForm=Part",
      "Gender=Masc|Number=Plur|POS=PRON|PronType=Tot",
      "POS=PRON|PronType=Ind",
      "POS=ADV|Polarity=Neg",
      "Case=Acc|Gender=Masc|Number=Sing|POS=PRON|Person=3|PrepCase=Npr|PronType=Prs",
      "Gender=Fem|Number=Sing|POS=ADJ",
      "Mood=Ind|Number=Plur|POS=VERB|Person=3|Tense=Past|VerbForm=Fin",
      "Number=Plur|POS=PRON|PronType=Int,Rel",
      "POS=PUNCT|PunctType=Quot",
      "POS=PUNCT",
      "Gender=Masc|Number=Sing|POS=ADJ|VerbForm=Part",
      "POS=PUNCT|PunctSide=Ini|PunctType=Brck",
      "POS=PUNCT|PunctSide=Fin|PunctType=Brck",
      "NumForm=Digit|NumType=Card|POS=NUM",
      "NumType=Card|POS=NUM",
      "POS=VERB|VerbForm=Ger",
      "Definite=Ind|Gender=Masc|Number=Sing|POS=DET|PronType=Art",
      "Gender=Masc|Number=Sing|POS=DET|PronType=Dem",
      "Gender=Fem|NumType=Ord|Number=Plur|POS=ADJ",
      "Number=Sing|POS=DET|Person=3|Poss=Yes|PronType=Prs",
      "Number=Sing|POS=NOUN",
      "Gender=Masc|Number=Plur|POS=ADJ",
      "Mood=Ind|Number=Sing|POS=AUX|Person=3|Tense=Fut|VerbForm=Fin",
      "Gender=Fem|Number=Sing|POS=ADJ|VerbForm=Part",
      "Mood=Ind|Number=Plur|POS=VERB|Person=3|Tense=Pres|VerbForm=Fin",
      "Degree=Cmp|POS=ADV",
      "POS=AUX|VerbForm=Inf",
      "Number=Plur|POS=DET|PronType=Ind",
      "Number=Plur|POS=DET|PronType=Dem",
      "Degree=Cmp|Number=Sing|POS=ADJ",
      "Mood=Ind|Number=Sing|POS=VERB|Person=3|Tense=Fut|VerbForm=Fin",
      "Case=Acc,Dat|POS=VERB|Person=3|PrepCase=Npr|PronType=Prs|Reflex=Yes|VerbForm=Inf",
      "Degree=Sup|Gender=Masc|Number=Plur|POS=ADJ",
      "Definite=Ind|Gender=Fem|Number=Sing|POS=DET|PronType=Art",
      "AdvType=Tim|POS=NOUN",
      "AdpType=Prep|POS=ADV",
      "Gender=Masc|Number=Sing|POS=PRON|PronType=Ind",
      "NumType=Card|Number=Plur|POS=NUM",
      "AdpType=Preppron|POS=ADV",
      "Case=Acc|Gender=Masc|Number=Sing|POS=VERB|Person=3|PrepCase=Npr|PronType=Prs|VerbForm=Inf",
      "NumForm=Digit|POS=NOUN",
      "Number=Sing|POS=PRON|PronType=Dem",
      "AdpType=Preppron|Gender=Masc|Number=Sing|POS=ADJ",
      "Number=Plur|POS=DET|Person=3|Poss=Yes|PronType=Prs",
      "Gender=Fem|Number=Plur|POS=ADJ",
      "Gender=Fem|Number=Plur|POS=PRON|PronType=Ind",
      "Gender=Masc|Number=Plur|POS=DET|PronType=Tot",
      "Mood=Ind|Number=Sing|POS=VERB|Person=3|Tense=Imp|VerbForm=Fin",
      "Mood=Ind|Number=Plur|POS=AUX|Person=3|Tense=Past|VerbForm=Fin",
      "Gender=Masc|Number=Plur|POS=VERB|Tense=Past|VerbForm=Part",
      "Gender=Masc|NumType=Ord|Number=Sing|POS=ADJ",
      "Gender=Masc|NumType=Ord|Number=Plur|POS=ADJ",
      "Gender=Masc|Number=Plur|POS=DET|PronType=Dem",
      "Gender=Masc|Number=Sing|POS=AUX|Tense=Past|VerbForm=Part",
      "Number=Sing|POS=DET|PronType=Tot",
      "Gender=Fem|Number=Sing|POS=PRON|PronType=Ind",
      "Mood=Ind|Number=Sing|POS=AUX|Person=1|Tense=Pres|VerbForm=Fin",
      "Mood=Ind|Number=Sing|POS=VERB|Person=1|Tense=Pres|VerbForm=Fin",
      "Degree=Cmp|Number=Plur|POS=ADJ",
      "POS=AUX|VerbForm=Ger",
      "Gender=Fem|POS=NOUN",
      "Gender=Fem|NumType=Ord|Number=Sing|POS=ADJ",
      "AdvType=Tim|POS=ADJ",
      "Mood=Ind|Number=Sing|POS=AUX|Person=3|Tense=Past|VerbForm=Fin",
      "Gender=Fem|Number=Sing|POS=VERB|Tense=Past|VerbForm=Part",
      "Case=Acc|Gender=Fem|Number=Sing|POS=PRON|Person=3|PrepCase=Npr|PronType=Prs",
      "Mood=Ind|Number=Sing|POS=VERB|Person=1|Tense=Imp|VerbForm=Fin",
      "Gender=Fem|Number=Plur|POS=ADJ|VerbForm=Part",
      "Gender=Fem|Number=Plur|POS=DET|PronType=Dem",
      "Gender=Masc|Number=Sing|POS=PRON|Poss=Yes|PronType=Int,Rel",
      "Number=Sing|POS=PRON|PronType=Int,Rel",
      "POS=ADJ",
      "Mood=Ind|Number=Sing|POS=AUX|Person=1|Tense=Imp|VerbForm=Fin",
      "Mood=Ind|Number=Plur|POS=VERB|Person=3|Tense=Imp|VerbForm=Fin",
      "Mood=Ind|Number=Plur|POS=AUX|Person=3|Tense=Imp|VerbForm=Fin",
      "Mood=Sub|Number=Sing|POS=VERB|Person=3|Tense=Pres|VerbForm=Fin",
      "Gender=Fem|Number=Plur|POS=DET|PronType=Tot",
      "Case=Acc,Nom|Gender=Masc|Number=Sing|POS=PRON|Person=3|PronType=Prs",
      "Mood=Sub|Number=Sing|POS=VERB|Person=1|Tense=Pres|VerbForm=Fin",
      "Definite=Ind|Gender=Fem|Number=Plur|POS=DET|PronType=Art",
      "Case=Acc,Nom|Gender=Fem|Number=Plur|POS=PRON|Person=3|PronType=Prs",
      "Mood=Ind|Number=Plur|POS=VERB|Person=1|Tense=Pres|VerbForm=Fin",
      "Case=Acc|Definite=Def|Gender=Masc|Number=Sing|POS=PRON|Person=3|PrepCase=Npr|PronType=Prs",
      "Gender=Fem|Number=Sing|POS=PRON|PronType=Dem",
      "Mood=Cnd|Number=Sing|POS=VERB|Person=1|VerbForm=Fin",
      "Gender=Masc|Number=Sing|POS=DET|PronType=Tot",
      "Number=Plur|POS=PRON|PronType=Ind",
      "Gender=Masc|Number=Sing|POS=DET|PronType=Ind",
      "Case=Dat|Number=Sing|POS=PRON|Person=3|PronType=Prs",
      "POS=PART",
      "Gender=Fem|Number=Sing|POS=DET|PronType=Ind",
      "Number=Sing|POS=DET|PronType=Ind",
      "Gender=Masc|NumType=Card|Number=Plur|POS=DET|PronType=Ind",
      "Mood=Cnd|Number=Plur|POS=AUX|Person=3|VerbForm=Fin",
      "NumForm=Digit|POS=SYM",
      "Mood=Imp|Number=Sing|POS=VERB|Person=2|VerbForm=Fin",
      "Case=Dat|Number=Sing|POS=VERB|Person=3|PronType=Prs|VerbForm=Inf",
      "Gender=Fem|Number=Plur|POS=PRON|PronType=Dem",
      "Mood=Cnd|Number=Sing|POS=AUX|Person=1|VerbForm=Fin",
      "NumForm=Digit|NumType=Frac|POS=NUM",
      "Gender=Fem|Number=Sing|POS=PRON|Poss=Yes|PronType=Int,Rel",
      "Mood=Sub|Number=Sing|POS=AUX|Person=1|Tense=Pres|VerbForm=Fin",
      "Mood=Sub|Number=Sing|POS=VERB|Person=1|Tense=Imp|VerbForm=Fin",
      "Gender=Fem|Number=Sing|Number[psor]=Plur|POS=DET|Person=1|Poss=Yes|PronType=Prs",
      "Case=Acc,Dat|Number=Plur|POS=PRON|Person=1|PrepCase=Npr|PronType=Prs",
      "Definite=Ind|Gender=Masc|Number=Plur|POS=DET|PronType=Art",
      "POS=PUNCT|PunctType=Colo",
      "Mood=Sub|Number=Plur|POS=AUX|Person=3|Tense=Pres|VerbForm=Fin",
      "Mood=Imp|Number=Plur|POS=VERB|Person=3|VerbForm=Fin",
      "Gender=Fem|Number=Sing|POS=DET|PronType=Neg",
      "Gender=Masc|Number=Sing|POS=PRON|PronType=Dem",
      "Case=Acc|Gender=Masc|Number=Plur|POS=PRON|Person=3|PrepCase=Npr|PronType=Prs",
      "Case=Acc|Gender=Fem|Number=Plur|POS=PRON|Person=3|PrepCase=Npr|PronType=Prs",
      "Gender=Fem|Number=Plur|POS=VERB|Tense=Past|VerbForm=Part",
      "Case=Acc|Gender=Fem|Number=Sing|POS=AUX|Person=3|PrepCase=Npr|PronType=Prs|VerbForm=Inf",
      "Number=Sing|POS=PRON|PronType=Neg",
      "POS=PUNCT|PunctType=Semi",
      "Case=Dat|Number=Plur|POS=PRON|Person=3|PronType=Prs",
      "Number=Sing|POS=PRON|PronType=Ind",
      "Mood=Sub|Number=Plur|POS=VERB|Person=3|Tense=Imp|VerbForm=Fin",
      "Case=Acc,Nom|Gender=Masc|Number=Plur|POS=PRON|Person=3|PronType=Prs",
      "POS=INTJ",
      "Gender=Masc|NumType=Card|Number=Sing|POS=PRON|PronType=Dem",
      "Mood=Ind|Number=Plur|POS=AUX|Person=3|Tense=Fut|VerbForm=Fin",
      "Degree=Sup|Gender=Masc|Number=Sing|POS=ADJ",
      "Mood=Ind|Number=Plur|POS=AUX|Person=1|Tense=Pres|VerbForm=Fin",
      "AdpType=Prep|POS=ADJ",
      "Number=Plur|POS=PRON|Person=3|Poss=Yes|PronType=Prs",
      "POS=PUNCT|PunctType=Dash",
      "Mood=Cnd|Number=Plur|POS=VERB|Person=1|VerbForm=Fin",
      "Gender=Masc|Number=Sing|POS=DET|PronType=Neg",
      "Gender=Fem|NumType=Card|Number=Plur|POS=NUM",
      "Case=Acc|Gender=Fem|Number=Plur|POS=VERB|Person=3|PrepCase=Npr|PronType=Prs|VerbForm=Inf",
      "Gender=Masc|Number=Sing|POS=PRON|PronType=Tot",
      "Gender=Masc|NumType=Card|Number=Plur|POS=NUM",
      "Gender=Masc|POS=NOUN",
      "Case=Acc,Dat|Number=Sing|POS=PRON|Person=1|PrepCase=Npr|PronType=Prs",
      "Gender=Fem|NumType=Card|Number=Sing|POS=DET|PronType=Ind",
      "Gender=Fem|NumType=Card|Number=Plur|POS=DET|PronType=Ind",
      "Case=Acc,Dat|POS=VERB|Person=3|PrepCase=Npr|PronType=Prs|Reflex=Yes|VerbForm=Ger",
      "Mood=Ind|Number=Sing|POS=AUX|Person=3|Tense=Imp|VerbForm=Fin",
      "POS=NOUN|VerbForm=Inf",
      "Mood=Ind|Number=Plur|POS=AUX|Person=1|Tense=Imp|VerbForm=Fin",
      "Mood=Sub|Number=Sing|POS=VERB|Person=3|Tense=Imp|VerbForm=Fin",
      "Gender=Masc|Number=Sing|Number[psor]=Plur|POS=DET|Person=1|Poss=Yes|PronType=Prs",
      "Gender=Masc|NumType=Card|Number=Sing|POS=NUM",
      "Mood=Sub|Number=Sing|POS=AUX|Person=1|Tense=Imp|VerbForm=Fin",
      "Gender=Masc|Number=Plur|POS=PRON|Poss=Yes|PronType=Int,Rel",
      "Case=Acc|Gender=Masc|Number=Plur|POS=VERB|Person=3|PrepCase=Npr|PronType=Prs|VerbForm=Inf",
      "Gender=Fem|NumType=Card|Number=Sing|POS=DET|PronType=Dem",
      "Mood=Imp|Number=Sing|POS=VERB|Person=3|VerbForm=Fin",
      "Mood=Sub|Number=Plur|POS=VERB|Person=1|Tense=Pres|VerbForm=Fin",
      "Mood=Ind|Number=Plur|POS=VERB|Person=1|Tense=Fut|VerbForm=Fin",
      "Gender=Masc|Number=Sing|POS=PRON|PronType=Neg",
      "Case=Acc,Dat|Number=Plur|POS=VERB|Person=1|PrepCase=Npr|PronType=Prs|VerbForm=Inf",
      "Case=Nom|Number=Sing|POS=PRON|Person=1|PronType=Prs",
      "Mood=Ind|Number=Sing|POS=VERB|Person=1|Tense=Past|VerbForm=Fin",
      "Mood=Ind|Number=Plur|POS=VERB|Person=1|Tense=Past|VerbForm=Fin",
      "Degree=Abs|Gender=Masc|Number=Sing|POS=ADJ",
      "Number=Sing|Number[psor]=Sing|POS=DET|Person=1|Poss=Yes|PronType=Prs",
      "Case=Acc,Nom|Gender=Masc|Number=Plur|POS=PRON|Person=1|PronType=Prs",
      "Mood=Imp|Number=Sing|POS=AUX|Person=3|VerbForm=Fin",
      "Mood=Sub|Number=Sing|POS=AUX|Person=3|Tense=Pres|VerbForm=Fin",
      "Gender=Masc|Number=Sing|POS=DET|Person=3|Poss=Yes|PronType=Prs",
      "Gender=Fem|Number=Sing|POS=DET|PronType=Tot",
      "POS=DET|PronType=Ind",
      "POS=DET|PronType=Int,Rel",
      "AdvType=Tim|POS=ADV",
      "Mood=Cnd|Number=Sing|POS=AUX|Person=3|VerbForm=Fin",
      "POS=PUNCT|PunctSide=Ini|PunctType=Qest",
      "POS=PUNCT|PunctSide=Fin|PunctType=Qest",
      "Number=Plur|Number[psor]=Sing|POS=DET|Person=1|Poss=Yes|PronType=Prs",
      "Gender=Masc|NumType=Card|Number=Sing|POS=DET|PronType=Ind",
      "Mood=Cnd|Number=Plur|POS=VERB|Person=3|VerbForm=Fin",
      "Case=Acc|Gender=Fem|Number=Sing|POS=VERB|Person=3|PrepCase=Npr|PronType=Prs|VerbForm=Ger",
      "Degree=Abs|Gender=Fem|Number=Sing|POS=ADJ",
      "Case=Acc,Dat|Number=Plur|POS=PRON|Person=1|PrepCase=Npr|PronType=Prs|Reflex=Yes",
      "Mood=Sub|Number=Plur|POS=VERB|Person=1|Tense=Imp|VerbForm=Fin",
      "Case=Acc,Dat|Number=Sing|POS=PRON|Person=1|PrepCase=Npr|PronType=Prs|Reflex=Yes",
      "POS=PUNCT|PunctSide=Ini|PunctType=Excl",
      "POS=PUNCT|PunctSide=Fin|PunctType=Excl",
      "Mood=Cnd|Number=Sing|POS=VERB|Person=3|VerbForm=Fin",
      "Case=Acc,Dat|Mood=Imp|Number=Sing|POS=VERB|Person=3|PrepCase=Npr|PronType=Prs|Reflex=Yes|VerbForm=Fin",
      "Gender=Fem|Number=Sing|POS=PRON|PronType=Tot",
      "Gender=Masc|Number=Plur|Number[psor]=Plur|POS=DET|Person=1|Poss=Yes|PronType=Prs",
      "Mood=Imp|Number=Plur|POS=VERB|Person=1|VerbForm=Fin",
      "Gender=Masc|NumType=Card|Number=Plur|POS=PRON|PronType=Ind",
      "Gender=Masc|NumType=Card|Number=Sing|POS=PRON|PronType=Ind",
      "Gender=Masc|Number=Plur|POS=PRON|PronType=Dem",
      "Case=Dat|Number=Plur|POS=VERB|Person=3|PronType=Prs|VerbForm=Inf",
      "Degree=Abs|Gender=Masc|NumType=Card|Number=Plur|POS=DET|PronType=Ind",
      "Case=Acc|Number=Sing|POS=PRON|Person=1|PrepCase=Pre|PronType=Prs",
      "Case=Acc,Dat|Mood=Imp|Number=Plur|POS=VERB|Person=3|PrepCase=Npr|PronType=Prs|Reflex=Yes|VerbForm=Fin",
      "Definite=Ind|Gender=Fem|NumType=Card|Number=Sing|POS=DET|PronType=Art",
      "Gender=Fem|NumType=Card|Number=Sing|POS=NUM",
      "Mood=Sub|Number=Plur|POS=AUX|Person=3|Tense=Imp|VerbForm=Fin",
      "Gender=Fem|Number=Plur|Number[psor]=Plur|POS=DET|Person=1|Poss=Yes|PronType=Prs",
      "POS=SCONJ|PronType=Int,Rel",
      "Case=Acc|POS=PRON|Person=3|PrepCase=Pre|PronType=Prs|Reflex=Yes",
      "Mood=Ind|Number=Sing|POS=VERB|Person=2|Tense=Pres|VerbForm=Fin",
      "Case=Acc,Dat|Number=Sing|POS=VERB|Person=1|PrepCase=Npr|PronType=Prs|VerbForm=Inf",
      "NumType=Card|Number=Sing|POS=DET|PronType=Ind",
      "Mood=Ind|Number=Plur|POS=VERB|Person=1|Tense=Imp|VerbForm=Fin",
      "Case=Acc,Dat|Number=Sing|POS=PRON|Person=2|PrepCase=Npr|PronType=Prs",
      "Case=Acc,Nom|Gender=Fem|Number=Sing|POS=PRON|Person=3|PronType=Prs",
      "Number=Sing|POS=DET|PronType=Dem",
      "Mood=Sub|Number=Sing|POS=AUX|Person=3|Tense=Imp|VerbForm=Fin",
      "POS=SYM",
      "Gender=Fem|Number=Sing|POS=PRON|PronType=Neg",
      "Case=Acc|Gender=Masc|Number=Sing|POS=VERB|Person=3|PrepCase=Npr|PronType=Prs|VerbForm=Ger",
      "Degree=Sup|Gender=Fem|Number=Sing|POS=ADJ",
      "Case=Nom|Number=Sing|POS=PRON|Person=2|PronType=Prs",
      "Number=Sing|Number[psor]=Sing|POS=DET|Person=2|Poss=Yes|PronType=Prs",
      "Case=Acc|Gender=Masc|Mood=Imp|Number=Sing|POS=VERB|Person=2,3|PrepCase=Npr|PronType=Prs|VerbForm=Fin",
      "Mood=Ind|Number=Sing|POS=AUX|Person=1|Tense=Fut|VerbForm=Fin",
      "Gender=Masc|Number=Sing|Number[psor]=Sing|POS=PRON|Person=1|Poss=Yes|PronType=Ind",
      "Case=Acc,Nom|Number=Sing|POS=PRON|Person=2|Polite=Form|PronType=Prs",
      "Case=Acc|Gender=Masc|Number=Plur|POS=VERB|Person=3|PrepCase=Npr|PronType=Prs|VerbForm=Ger",
      "Gender=Masc|NumType=Card|Number=Sing|POS=PRON|PronType=Int,Rel",
      "Gender=Fem|NumType=Card|Number=Plur|POS=PRON|PronType=Ind",
      "Case=Acc,Dat|Number=Plur|POS=VERB|Person=1|PrepCase=Npr|PronType=Prs|VerbForm=Ger",
      "Mood=Ind|Number=Plur|POS=VERB|Person=2|Tense=Pres|VerbForm=Fin",
      "Mood=Cnd|Number=Sing|POS=VERB|Person=2|VerbForm=Fin",
      "Mood=Ind|Number=Sing|POS=VERB|Person=1|Tense=Fut|VerbForm=Fin",
      "Mood=Cnd|Number=Plur|POS=AUX|Person=1|VerbForm=Fin",
      "NumType=Card|Number=Plur|POS=PRON|PronType=Ind",
      "Gender=Masc|NumType=Card|Number=Sing|POS=DET|PronType=Dem",
      "Degree=Abs|Gender=Masc|Number=Sing|POS=DET|PronType=Ind",
      "Gender=Fem|Number=Plur|POS=PRON|Poss=Yes|PronType=Int,Rel",
      "Mood=Ind|Number=Sing|POS=AUX|Person=1|Tense=Past|VerbForm=Fin",
      "Case=Acc,Nom|Number=Plur|POS=PRON|Person=2|Polite=Form|PronType=Prs",
      "Mood=Imp|Number=Sing|POS=AUX|Person=2|VerbForm=Fin",
      "Case=Acc,Dat|Number=Sing|POS=VERB|Person=2|PrepCase=Npr|PronType=Prs|VerbForm=Inf",
      "Gender=Fem|Number=Sing|Number[psor]=Sing|POS=PRON|Person=2|Poss=Yes|PronType=Ind",
      "NumType=Card|Number=Sing|POS=NUM",
      "Mood=Ind|Number=Sing|POS=VERB|Person=2|Tense=Past|VerbForm=Fin",
      "Mood=Ind|Number=Sing|POS=AUX|Person=2|Tense=Imp|VerbForm=Fin",
      "Mood=Ind|Number=Sing|POS=AUX|Person=2|Tense=Pres|VerbForm=Fin",
      "Case=Com|Number=Sing|POS=PRON|Person=2|PrepCase=Pre|PronType=Prs",
      "Mood=Ind|Number=Sing|POS=VERB|Person=2|Tense=Imp|VerbForm=Fin",
      "Case=Acc,Dat|Number=Sing|POS=PRON|Person=2|PrepCase=Npr|PronType=Prs|Reflex=Yes",
      "Case=Acc|Number=Sing|POS=PRON|Person=2|PrepCase=Pre|PronType=Prs",
      "Mood=Cnd|Number=Sing|POS=AUX|Person=2|VerbForm=Fin",
      "Mood=Sub|Number=Sing|POS=AUX|Person=2|Tense=Pres|VerbForm=Fin",
      "Number=Sing|POS=NOUN|VerbForm=Fin",
      "Case=Acc,Dat|Mood=Imp|Number=Plur,Sing|POS=VERB|Person=1,2|PrepCase=Npr|PronType=Prs|VerbForm=Fin",
      "Case=Acc,Dat|Mood=Imp|Number=Sing|POS=VERB|Person=2|PrepCase=Npr|PronType=Prs|Reflex=Yes|VerbForm=Fin",
      "Mood=Ind|Number=Sing|POS=VERB|Person=2|Tense=Fut|VerbForm=Fin",
      "Gender=Fem|NumType=Card|Number=Sing|POS=DET|PronType=Int,Rel",
      "Mood=Sub|Number=Sing|POS=VERB|Person=2|Tense=Pres|VerbForm=Fin",
      "Mood=Ind|Number=Sing|POS=AUX|Person=2|Tense=Fut|VerbForm=Fin",
      "Gender=Fem|Number=Plur|POS=PRON|PronType=Tot",
      "Gender=Masc|NumType=Card|Number=Plur|POS=DET|PronType=Int,Rel",
      "Case=Dat|Number=Sing|POS=VERB|Person=3|PronType=Prs|VerbForm=Ger",
      "Number=Sing|POS=VERB|VerbForm=Fin",
      "POS=VERB|VerbForm=Fin",
      "Degree=Abs|Gender=Masc|Number=Plur|POS=ADJ",
      "Degree=Abs|Gender=Fem|Number=Plur|POS=ADJ",
      "Case=Acc,Dat|POS=AUX|Person=3|PrepCase=Npr|PronType=Prs|Reflex=Yes|VerbForm=Ger",
      "Gender=Masc|Number=Sing|Number[psor]=Plur|POS=PRON|Person=1|Poss=Yes|PronType=Prs",
      "AdpType=Prep|Degree=Cmp|POS=ADV",
      "Mood=Sub|Number=Plur|POS=AUX|Person=1|Tense=Imp|VerbForm=Fin",
      "Gender=Fem|NumType=Card|Number=Plur|POS=DET|PronType=Dem",
      "Definite=Ind|Gender=Masc|NumType=Card|Number=Sing|POS=DET|PronType=Art",
      "Degree=Sup|Gender=Fem|Number=Plur|POS=ADJ",
      "Number=Plur|POS=PRON|PronType=Dem",
      "Case=Acc,Dat|Gender=Masc|Number=Plur|POS=PRON|Person=2|PrepCase=Npr|PronType=Prs",
      "Case=Acc|Gender=Fem|Number=Plur|POS=VERB|Person=3|PrepCase=Npr|PronType=Prs|VerbForm=Ger",
      "Gender=Masc|Number=Sing|POS=AUX|VerbForm=Fin",
      "Case=Acc,Dat|POS=AUX|Person=3|PrepCase=Npr|PronType=Prs|Reflex=Yes|VerbForm=Inf",
      "Mood=Ind|Number=Plur|POS=AUX|Person=1|Tense=Past|VerbForm=Fin",
      "Gender=Masc|NumType=Card|Number=Sing|POS=DET|PronType=Int,Rel",
      "Gender=Masc|Number=Plur|POS=DET|Person=3|Poss=Yes|PronType=Prs",
      "Case=Acc,Dat|Mood=Imp|Number=Sing|POS=VERB|Person=1,3|PrepCase=Npr|PronType=Prs|VerbForm=Fin",
      "Gender=Masc|NumType=Card|Number=Plur|POS=PRON|PronType=Int,Rel",
      "Gender=Masc|Number=Sing|POS=PRON|Person=3|Poss=Yes|PronType=Prs",
      "Gender=Masc|Number=Sing|Number[psor]=Sing|POS=DET|Person=1|Poss=Yes|PronType=Ind",
      "Mood=Ind|POS=VERB|Person=3|Tense=Pres|VerbForm=Fin",
      "Case=Acc,Dat|Number=Plur|POS=PRON|Person=2|PrepCase=Npr|PronType=Prs",
      "Gender=Masc|NumType=Card|Number=Plur|POS=PRON|PronType=Dem",
      "Gender=Fem|Number=Sing|POS=DET|Person=3|Poss=Yes|PronType=Prs",
      "Mood=Sub|Number=Plur|POS=VERB|Person=2|Tense=Pres|VerbForm=Fin",
      "Mood=Sub|Number=Plur|POS=AUX|Person=1|Tense=Pres|VerbForm=Fin",
      "Mood=Ind|Number=Plur|POS=AUX|Person=1|Tense=Fut|VerbForm=Fin",
      "Number=Sing|POS=PRON|Person=3|Poss=Yes|PronType=Prs",
      "Case=Acc,Dat|Number=Sing|POS=VERB|Person=2|PrepCase=Npr|PronType=Prs|PunctType=Quot|VerbForm=Inf",
      "Case=Com|POS=PRON|Person=3|PrepCase=Pre|PronType=Prs|Reflex=Yes",
      "NumForm=Digit|NumType=Frac|POS=SYM",
      "Case=Dat|Number=Sing|POS=AUX|Person=3|PronType=Prs|VerbForm=Inf",
      "Case=Acc|Gender=Masc|Number=Sing|POS=AUX|Person=3|PrepCase=Npr|PronType=Prs|VerbForm=Inf",
      "Gender=Fem|NumType=Card|Number=Sing|POS=PRON|PronType=Ind",
      "Gender=Masc|Mood=Ind|Number=Sing|POS=VERB|Person=3|Tense=Pres|VerbForm=Fin",
      "Case=Acc,Dat|Gender=Masc|Number=Plur|POS=PRON|Person=1|PrepCase=Npr|PronType=Prs",
      "Gender=Fem|Number=Sing|Number[psor]=Sing|POS=PRON|Person=1|Poss=Yes|PronType=Ind",
      "Case=Acc,Dat|Number=Plur|POS=VERB|Person=2|PrepCase=Npr|PronType=Prs|VerbForm=Inf",
      "Number=Sing|POS=PRON|PronType=Tot",
      "Mood=Ind|Number=Plur|POS=AUX|Person=2|Tense=Pres|VerbForm=Fin",
      "Case=Dat|Number=Plur|POS=VERB|Person=3|PronType=Prs|VerbForm=Ger",
      "NumType=Card|Number=Plur|POS=DET|PronType=Ind",
      "POS=PRON|PronType=Dem",
      "POS=AUX|VerbForm=Fin",
      "Gender=Fem|NumType=Card|Number=Plur|POS=PRON|PronType=Int,Rel",
      "Gender=Fem|Number=Sing|Number[psor]=Plur|POS=DET|Person=2|Poss=Yes|PronType=Prs",
      "Gender=Fem|Number=Plur|Number[psor]=Plur|POS=PRON|Person=1|Poss=Yes|PronType=Prs",
      "Case=Acc|Gender=Fem|Number=Plur|POS=AUX|Person=3|PrepCase=Npr|PronType=Prs|VerbForm=Inf",
      "Case=Acc|Gender=Masc|Number=Plur|POS=AUX|Person=3|PrepCase=Npr|PronType=Prs|VerbForm=Inf",
      "AdvType=Tim|Gender=Masc|Number=Sing|POS=NOUN",
      "Gender=Fem|Number=Sing|Number[psor]=Plur|POS=PRON|Person=1|Poss=Yes|PronType=Prs",
      "Gender=Fem|NumType=Card|Number=Sing|POS=PRON|PronType=Dem",
      "Gender=Fem|Number=Sing|Number[psor]=Sing|POS=DET|Person=1|Poss=Yes|PronType=Ind",
      "Gender=Masc|Number=Sing|Number[psor]=Sing|POS=PRON|Person=2|Poss=Yes|PronType=Ind",
      "Gender=Fem|Number=Plur|POS=PRON|Person=3|Poss=Yes|PronType=Prs",
      "Gender=Masc|Number=Plur|POS=DET|PronType=Art",
      "Gender=Masc|Number=Sing|POS=NOUN|VerbForm=Part",
      "Case=Acc|Gender=Masc|Number=Sing|POS=AUX|Person=3|PrepCase=Npr|PronType=Prs|VerbForm=Ger",
      "Gender=Masc|Number=Sing|POS=DET|Person=3|Poss=Yes|PronType=Ind",
      "Case=Acc,Dat|Number=Sing|POS=VERB|Person=1|PrepCase=Npr|PronType=Prs|VerbForm=Ger",
      "Case=Acc|Gender=Masc|Mood=Imp|Number=Plur|POS=VERB|Person=1,3|PrepCase=Npr|PronType=Prs|VerbForm=Fin",
      "Gender=Fem|Number=Sing|POS=PRON|Person=1|Poss=Yes|PronType=Prs",
      "Case=Com|Number=Sing|POS=PRON|Person=1|PrepCase=Pre|PronType=Prs",
      "POS=X",
      "Case=Com|POS=PRON|Person=3|PronType=Prs|Reflex=Yes",
      "POS=ADP",
      "Case=Acc|Gender=Masc|Mood=Imp|Number=Plur,Sing|POS=VERB|Person=1,3|PrepCase=Npr|PronType=Prs|VerbForm=Fin",
      "Case=Acc,Dat|Number=Sing|POS=AUX|Person=1|PrepCase=Npr|PronType=Prs|VerbForm=Inf",
      "Case=Acc|Gender=Masc|Mood=Imp|Number=Sing|POS=VERB|Person=3|PrepCase=Npr|PronType=Prs|VerbForm=Fin",
      "Mood=Imp|Number=Plur|POS=VERB|Person=2|VerbForm=Fin",
      "Gender=Masc|Number=Plur|POS=PRON|Person=2|Poss=Yes|PronType=Ind",
      "Case=Dat|Mood=Imp|Number=Sing|POS=VERB|Person=3|PronType=Prs|VerbForm=Fin",
      "Gender=Fem|Number=Sing|POS=PRON|Person=3|Poss=Yes|PronType=Prs",
      "Case=Acc,Dat|Mood=Imp|Number=Sing|POS=VERB|Person=2,3|PrepCase=Npr|PronType=Prs|VerbForm=Fin",
      "Gender=Fem|Number=Plur|POS=DET|Person=3|Poss=Yes|PronType=Prs",
      "Case=Acc,Dat|Number=Plur|POS=VERB|Person=1|PrepCase=Npr|PronType=Prs|Reflex=Yes|VerbForm=Ger",
      "Gender=Fem|Number=Plur|Number[psor]=Plur|POS=DET|Person=2|Poss=Yes|PronType=Prs",
      "Number=Plur|Number[psor]=Sing|POS=DET|Person=2|Poss=Yes|PronType=Prs",
      "POS=NOUN|PunctType=Comm",
      "Degree=Cmp|POS=ADJ",
      "Gender=Masc|POS=ADJ",
      "Degree=Abs|Gender=Masc|NumType=Card|Number=Plur|POS=PRON|PronType=Ind",
      "POS=PRON|PronType=Neg",
      "Gender=Fem|Number=Sing|POS=DET|Person=3|Poss=Yes|PronType=Ind",
      "Number=Sing|POS=DET|PronType=Int,Rel"
    ],
    "parser": [
      "ROOT",
      "acl",
      "advcl",
      "advmod",
      "amod",
      "appos",
      "aux",
      "case",
      "cc",
      "ccomp",
      "compound",
      "conj",
      "cop",
      "csubj",
      "dep",
      "det",
      "expl:pass",
      "fixed",
      "flat",
      "iobj",
      "mark",
      "nmod",
      "nsubj",
      "nummod",
      "obj",
      "obl",
      "parataxis",
      "punct",
      "xcomp"
    ],
    "attribute_ruler": [],
    "lemmatizer": []
  },
  "pipeline": [
    "transformer",
    "morphologizer",
    "parser",
    "attribute_ruler",
    "lemmatizer"
  ],
  "components": [
    "transformer",
    "morphologizer",
    "parser",
    "attribute_ruler",
    "lemmatizer"
  ],
  "disabled": [],
  "performance": {
    "token_acc": 0.9999712591,
    "tag_acc": 0.9815878006,
    "pos_acc": 0.9909041243,
    "morph_acc": 0.9876069892,
    "lemma_acc": 0.8003756732,
    "dep_uas": 0.9460678564,
    "dep_las": 0.9293442141,
    "sents_p": 0.9596678529,
    "sents_r": 0.9782345828,
    "sents_f": 0.9688622754,
    "speed": 4054.5393590075,
    "morph_per_feat": {
      "Definite": {
        "p": 0.9986495611,
        "r": 0.9989868288,
        "f": 0.9988181665
      },
      "Gender": {
        "p": 0.9971210276,
        "r": 0.9917400881,
        "f": 0.9944232787
      },
      "Number": {
        "p": 0.9987903714,
        "r": 0.9946594925,
        "f": 0.9967206518
      },
      "PronType": {
        "p": 0.9982895018,
        "r": 0.9950980392,
        "f": 0.9966912157
      },
      "PunctType": {
        "p": 0.9984061205,
        "r": 0.9985652798,
        "f": 0.9984856938
      },
      "AdpType": {
        "p": 0.9995322732,
        "r": 0.9963865252,
        "f": 0.9979569202
      },
      "VerbForm": {
        "p": 0.995308835,
        "r": 0.9946866698,
        "f": 0.9949976552
      },
      "Mood": {
        "p": 0.9927824788,
        "r": 0.9917951268,
        "f": 0.9922885572
      },
      "Person": {
        "p": 0.9959874389,
        "r": 0.9935607379,
        "f": 0.9947726085
      },
      "Tense": {
        "p": 0.9924965894,
        "r": 0.9949851835,
        "f": 0.9937393284
      },
      "NumForm": {
        "p": 0.9901477833,
        "r": 0.9773095624,
        "f": 0.9836867863
      },
      "NumType": {
        "p": 0.9845890411,
        "r": 0.9671993272,
        "f": 0.9758167162
      },
      "Poss": {
        "p": 1.0,
        "r": 0.9981718464,
        "f": 0.9990850869
      },
      "PunctSide": {
        "p": 1.0,
        "r": 0.996,
        "f": 0.997995992
      },
      "Case": {
        "p": 0.9991539763,
        "r": 0.9907718121,
        "f": 0.9949452401
      },
      "PrepCase": {
        "p": 1.0,
        "r": 0.9896694215,
        "f": 0.994807892
      },
      "Reflex": {
        "p": 0.9967793881,
        "r": 0.9935794543,
        "f": 0.9951768489
      },
      "Degree": {
        "p": 0.9928057554,
        "r": 0.9822064057,
        "f": 0.9874776386
      },
      "Polarity": {
        "p": 1.0,
        "r": 0.9935064935,
        "f": 0.996742671
      },
      "AdvType": {
        "p": 0.9569892473,
        "r": 0.9468085106,
        "f": 0.9518716578
      },
      "Number[psor]": {
        "p": 1.0,
        "r": 1.0,
        "f": 1.0
      }
    },
    "dep_las_per_type": {
      "det": {
        "p": 0.9847860088,
        "r": 0.9866096866,
        "f": 0.9856970042
      },
      "nsubj": {
        "p": 0.9581958196,
        "r": 0.9557425018,
        "f": 0.9569675884
      },
      "case": {
        "p": 0.9739213545,
        "r": 0.9704761905,
        "f": 0.9721957203
      },
      "amod": {
        "p": 0.9488597097,
        "r": 0.9561281337,
        "f": 0.9524800555
      },
      "nmod": {
        "p": 0.9026998129,
        "r": 0.8940958433,
        "f": 0.898377228
      },
      "mark": {
        "p": 0.9401709402,
        "r": 0.9554831705,
        "f": 0.9477652127
      },
      "acl": {
        "p": 0.8739088264,
        "r": 0.8580952381,
        "f": 0.8659298414
      },
      "advcl": {
        "p": 0.734223301,
        "r": 0.7459926017,
        "f": 0.7400611621
      },
      "nummod": {
        "p": 0.9207207207,
        "r": 0.9012345679,
        "f": 0.9108734403
      },
      "obj": {
        "p": 0.929391504,
        "r": 0.9407321325,
        "f": 0.9350274329
      },
      "obl": {
        "p": 0.8342757721,
        "r": 0.8274374461,
        "f": 0.8308425384
      },
      "advmod": {
        "p": 0.8790723357,
        "r": 0.8864142539,
        "f": 0.8827280288
      },
      "fixed": {
        "p": 0.8778337531,
        "r": 0.8867684478,
        "f": 0.882278481
      },
      "cc": {
        "p": 0.9603011636,
        "r": 0.9616175463,
        "f": 0.9609589041
      },
      "conj": {
        "p": 0.8441725692,
        "r": 0.8366305041,
        "f": 0.8403846154
      },
      "root": {
        "p": 0.9442467378,
        "r": 0.9625151149,
        "f": 0.9532934132
      },
      "flat": {
        "p": 0.9457652303,
        "r": 0.9557057057,
        "f": 0.9507094847
      },
      "xcomp": {
        "p": 0.8836633663,
        "r": 0.8771498771,
        "f": 0.8803945746
      },
      "compound": {
        "p": 0.904109589,
        "r": 0.792,
        "f": 0.8443496802
      },
      "cop": {
        "p": 0.9294871795,
        "r": 0.9334763948,
        "f": 0.9314775161
      },
      "ccomp": {
        "p": 0.8929219601,
        "r": 0.9213483146,
        "f": 0.9069124424
      },
      "iobj": {
        "p": 0.8607594937,
        "r": 0.7555555556,
        "f": 0.8047337278
      },
      "aux": {
        "p": 0.9713467049,
        "r": 0.9644381223,
        "f": 0.9678800857
      },
      "appos": {
        "p": 0.8248974008,
        "r": 0.8410041841,
        "f": 0.8328729282
      },
      "csubj": {
        "p": 0.9032258065,
        "r": 0.8842105263,
        "f": 0.8936170213
      },
      "expl:pass": {
        "p": 0.8181818182,
        "r": 0.6,
        "f": 0.6923076923
      },
      "parataxis": {
        "p": 0.6896551724,
        "r": 0.4705882353,
        "f": 0.5594405594
      },
      "orphan": {
        "p": 0.0,
        "r": 0.0,
        "f": 0.0
      },
      "dep": {
        "p": 0.0666666667,
        "r": 0.3333333333,
        "f": 0.1111111111
      },
      "nsubj:pass": {
        "p": 0.0,
        "r": 0.0,
        "f": 0.0
      },
      "aux:pass": {
        "p": 0.0,
        "r": 0.0,
        "f": 0.0
      }
    }
  },
  "sources": [
    {
      "name": "UD Spanish AnCora v2.5",
      "url": "https://github.com/UniversalDependencies/UD_Spanish-AnCora",
      "license": "GNU GPL 3.0",
      "author": "Mart\u00ednez Alonso, H\u00e9ctor; Zeman, Daniel"
    }
  ],
  "requirements": [
    "spacy-transformers>=1.0.0rc1,<1.1.0"
  ],
  "parent_package": "spacy-nightly",
  "size": "395 MB",
  "checksum": "b01e99546a3e27b7d563a874b9b362e023d60b331676da19e8365fd92c7c4e48"
}