{
  "lang": "fr",
  "name": "core_news_md",
  "version": "3.0.0",
  "description": "French pipeline optimized for CPU. Components: tok2vec, morphologizer, parser, senter, ner, attribute_ruler, lemmatizer.",
  "author": "Explosion",
  "email": "contact@explosion.ai",
  "url": "https://explosion.ai",
  "license": "LGPL-LR",
  "spacy_version": ">=3.0.0,<3.1.0",
  "spacy_git_version": "e7db07a0b",
  "vectors": {
    "width": 300,
    "vectors": 20000,
    "keys": 500000,
    "name": "fr_vectors"
  },
  "labels": {
    "tok2vec": [],
    "morphologizer": [
      "POS=PROPN",
      "Gender=Fem|Number=Sing|POS=DET|PronType=Dem",
      "Gender=Fem|Number=Sing|POS=NOUN",
      "Number=Plur|POS=PRON|Person=1",
      "Mood=Ind|Number=Sing|POS=VERB|Person=3|Tense=Pres|VerbForm=Fin",
      "POS=SCONJ",
      "POS=ADP",
      "Definite=Def|Gender=Masc|Number=Sing|POS=DET|PronType=Art",
      "NumType=Ord|POS=ADJ",
      "Gender=Masc|Number=Sing|POS=NOUN",
      "POS=PUNCT",
      "Gender=Masc|Number=Sing|POS=PROPN",
      "Number=Plur|POS=ADJ",
      "Gender=Masc|Number=Plur|POS=NOUN",
      "Definite=Ind|Gender=Fem|Number=Sing|POS=DET|PronType=Art",
      "Number=Sing|POS=ADJ",
      "Mood=Ind|Number=Sing|POS=VERB|Person=3|Tense=Imp|VerbForm=Fin",
      "POS=ADV",
      "Mood=Ind|Number=Sing|POS=AUX|Person=3|Tense=Past|VerbForm=Fin",
      "Gender=Fem|Number=Sing|POS=VERB|Tense=Past|VerbForm=Part|Voice=Pass",
      "Definite=Def|Gender=Fem|Number=Sing|POS=DET|PronType=Art",
      "Gender=Fem|Number=Sing|POS=PROPN",
      "Definite=Def|Number=Sing|POS=DET|PronType=Art",
      "NumType=Card|POS=NUM",
      "Definite=Def|Number=Plur|POS=DET|PronType=Art",
      "Gender=Masc|Number=Plur|POS=ADJ",
      "POS=CCONJ",
      "Gender=Fem|Number=Plur|POS=NOUN",
      "Mood=Ind|Number=Plur|POS=VERB|Person=3|Tense=Past|VerbForm=Fin",
      "Gender=Masc|Number=Sing|POS=VERB|Tense=Past|VerbForm=Part",
      "Gender=Fem|Number=Plur|POS=ADJ",
      "POS=ADJ",
      "Mood=Ind|Number=Sing|POS=VERB|Person=3|Tense=Past|VerbForm=Fin",
      "POS=PRON|PronType=Rel",
      "Number=Sing|POS=DET|Poss=Yes",
      "Definite=Def|Gender=Masc|Number=Sing|POS=ADP|PronType=Art",
      "Definite=Def|Number=Plur|POS=ADP|PronType=Art",
      "Definite=Ind|Number=Plur|POS=DET|PronType=Art",
      "Mood=Ind|Number=Plur|POS=AUX|Person=3|Tense=Past|VerbForm=Fin",
      "Gender=Masc|Number=Plur|POS=VERB|Tense=Past|VerbForm=Part|Voice=Pass",
      "Mood=Ind|Number=Sing|POS=AUX|Person=3|Tense=Pres|VerbForm=Fin",
      "POS=VERB|VerbForm=Inf",
      "Gender=Fem|Number=Sing|POS=ADJ",
      "Gender=Masc|Number=Sing|POS=PRON|Person=3",
      "Number=Plur|POS=DET",
      "Mood=Ind|Number=Plur|POS=AUX|Person=3|Tense=Pres|VerbForm=Fin",
      "Gender=Masc|Number=Sing|POS=ADJ",
      "Gender=Masc|Number=Sing|POS=DET|PronType=Dem",
      "POS=ADV|PronType=Int",
      "POS=VERB|Tense=Pres|VerbForm=Part",
      "Gender=Fem|Number=Sing|POS=VERB|Tense=Past|VerbForm=Part",
      "Definite=Ind|Gender=Masc|Number=Sing|POS=DET|PronType=Art",
      "Gender=Masc|POS=ADJ",
      "Mood=Ind|Number=Plur|POS=VERB|Person=3|Tense=Fut|VerbForm=Fin",
      "Number=Plur|POS=DET|Poss=Yes",
      "POS=AUX|VerbForm=Inf",
      "Gender=Masc|Number=Sing|POS=VERB|Tense=Past|VerbForm=Part|Voice=Pass",
      "Gender=Masc|POS=VERB|Tense=Past|VerbForm=Part",
      "POS=ADV|Polarity=Neg",
      "Definite=Ind|Number=Sing|POS=DET|PronType=Art",
      "Gender=Fem|Number=Sing|POS=PRON|Person=3",
      "POS=PRON|Person=3|Reflex=Yes",
      "Gender=Masc|POS=NOUN",
      "POS=AUX|Tense=Past|VerbForm=Part",
      "POS=PRON|Person=3",
      "Number=Plur|POS=NOUN",
      "NumType=Ord|Number=Sing|POS=ADJ",
      "POS=VERB|Tense=Past|VerbForm=Part",
      "POS=AUX|Tense=Pres|VerbForm=Part",
      "Gender=Masc|Number=Plur|POS=VERB|Tense=Past|VerbForm=Part",
      "Number=Sing|POS=PRON|Person=3",
      "Number=Sing|POS=NOUN",
      "Gender=Masc|Number=Plur|POS=PRON|Person=3",
      "Mood=Ind|Number=Plur|POS=VERB|Person=3|Tense=Imp|VerbForm=Fin",
      "Gender=Fem|NumType=Ord|Number=Sing|POS=ADJ",
      "Number=Plur|POS=PROPN",
      "Number=Sing|POS=PROPN",
      "Mood=Ind|Number=Sing|POS=AUX|Person=3|Tense=Imp|VerbForm=Fin",
      "Mood=Ind|Number=Plur|POS=VERB|Person=3|Tense=Pres|VerbForm=Fin",
      "Gender=Masc|Number=Plur|POS=PRON|PronType=Dem",
      "Gender=Masc|Number=Sing|POS=DET",
      "Gender=Fem|Number=Sing|POS=DET|Poss=Yes",
      "Gender=Masc|POS=PRON",
      "POS=NOUN",
      "Mood=Ind|Number=Sing|POS=VERB|Person=3|Tense=Fut|VerbForm=Fin",
      "Mood=Ind|Number=Sing|POS=AUX|Person=3|Tense=Fut|VerbForm=Fin",
      "Mood=Ind|Number=Plur|POS=VERB|Person=1|Tense=Pres|VerbForm=Fin",
      "Number=Plur|POS=PRON",
      "Gender=Masc|NumType=Ord|Number=Plur|POS=ADJ",
      "Mood=Ind|Number=Plur|POS=AUX|Person=3|Tense=Fut|VerbForm=Fin",
      "Gender=Fem|Number=Plur|POS=VERB|Tense=Past|VerbForm=Part|Voice=Pass",
      "Number=Sing|POS=PRON",
      "Number=Sing|POS=PRON|PronType=Dem",
      "Mood=Ind|POS=VERB|VerbForm=Fin",
      "Number=Plur|POS=DET|PronType=Dem",
      "Gender=Masc|Number=Sing|POS=PRON|Person=3|PronType=Prs",
      "Gender=Masc|Number=Plur|POS=PRON|Person=3|PronType=Prs",
      "Gender=Masc|Number=Sing|POS=PRON",
      "Gender=Masc|Number=Sing|POS=PRON|Person=3|PronType=Dem",
      "Number=Sing|POS=PRON|Person=2|PronType=Prs",
      "Gender=Masc|Number=Sing|POS=PRON|PronType=Rel",
      "Mood=Ind|Number=Plur|POS=AUX|Person=3|Tense=Imp|VerbForm=Fin",
      "Mood=Sub|Number=Sing|POS=AUX|Person=3|Tense=Pres|VerbForm=Fin",
      "Gender=Masc|NumType=Ord|Number=Sing|POS=ADJ",
      "POS=PRON",
      "POS=NUM",
      "Gender=Fem|POS=NOUN",
      "Gender=Fem|Number=Plur|POS=PRON",
      "Number=Plur|POS=PRON|Person=3",
      "Number=Sing|POS=VERB|Tense=Past|VerbForm=Part",
      "Number=Sing|POS=PRON|Person=1",
      "Mood=Ind|Number=Sing|POS=VERB|Person=1|Tense=Pres|VerbForm=Fin",
      "Mood=Sub|Number=Sing|POS=VERB|Person=3|Tense=Past|VerbForm=Fin",
      "Gender=Fem|Number=Sing|POS=PRON",
      "Gender=Fem|Number=Sing|POS=PRON|Person=3|PronType=Prs",
      "Mood=Sub|Number=Sing|POS=VERB|Person=3|Tense=Pres|VerbForm=Fin",
      "POS=INTJ",
      "Number=Plur|POS=PRON|Person=2",
      "NumType=Card|POS=PRON",
      "Definite=Ind|Gender=Fem|Number=Plur|POS=DET|PronType=Art",
      "Gender=Fem|Number=Plur|POS=VERB|Tense=Past|VerbForm=Part",
      "NumType=Card|POS=NOUN",
      "POS=PRON|PronType=Int",
      "Gender=Fem|Number=Plur|POS=PRON|Person=3",
      "Gender=Fem|Number=Sing|POS=DET",
      "Mood=Cnd|Number=Sing|POS=AUX|Person=3|Tense=Pres|VerbForm=Fin",
      "Gender=Fem|Number=Plur|POS=DET",
      "Mood=Sub|Number=Plur|POS=VERB|Person=3|Tense=Pres|VerbForm=Fin",
      "Definite=Ind|Gender=Masc|Number=Plur|POS=DET|PronType=Art",
      "Mood=Cnd|Number=Sing|POS=VERB|Person=3|Tense=Pres|VerbForm=Fin",
      "Gender=Masc|Number=Sing|POS=PRON|PronType=Dem",
      "Gender=Masc|Number=Plur|POS=PROPN",
      "Mood=Cnd|Number=Plur|POS=VERB|Person=3|Tense=Pres|VerbForm=Fin",
      "Gender=Fem|Number=Sing|POS=PRON|PronType=Dem",
      "Number=Sing|POS=DET",
      "Gender=Masc|NumType=Card|Number=Plur|POS=NOUN",
      "Gender=Fem|Number=Plur|POS=PRON|PronType=Dem",
      "Mood=Ind|POS=VERB|Person=3|Tense=Pres|VerbForm=Fin",
      "Gender=Fem|POS=PRON",
      "Gender=Masc|POS=VERB|Tense=Past|VerbForm=Part|Voice=Pass",
      "Gender=Fem|Number=Sing|POS=PRON|PronType=Rel",
      "Mood=Ind|Number=Sing|POS=AUX|Person=1|Tense=Imp|VerbForm=Fin",
      "Mood=Cnd|Number=Plur|POS=VERB|Person=1|Tense=Pres|VerbForm=Fin",
      "Mood=Ind|Number=Sing|POS=AUX|Person=1|Tense=Pres|VerbForm=Fin",
      "Gender=Masc|Number=Sing|POS=AUX|Tense=Past|VerbForm=Part",
      "POS=X",
      "POS=SYM",
      "Mood=Imp|Number=Plur|POS=VERB|Person=2|Tense=Pres|VerbForm=Fin",
      "Mood=Ind|Number=Plur|POS=VERB|Person=2|Tense=Pres|VerbForm=Fin",
      "Gender=Masc|Number=Sing|POS=DET|PronType=Int",
      "Gender=Fem|Number=Plur|POS=DET|PronType=Int",
      "POS=DET",
      "Gender=Masc|Number=Plur|POS=PRON",
      "POS=PART",
      "Mood=Sub|Number=Plur|POS=AUX|Person=3|Tense=Pres|VerbForm=Fin",
      "Mood=Ind|POS=VERB|Person=3|VerbForm=Fin",
      "Number=Sing|POS=VERB|Tense=Past|VerbForm=Part|Voice=Pass",
      "Mood=Cnd|Number=Plur|POS=VERB|Person=2|Tense=Pres|VerbForm=Fin",
      "Mood=Ind|Number=Plur|POS=AUX|Person=2|Tense=Pres|VerbForm=Fin",
      "Gender=Fem|Number=Sing|POS=DET|PronType=Int",
      "Gender=Masc|Number=Plur|POS=DET",
      "Gender=Fem|Number=Plur|POS=PRON|PronType=Rel",
      "Number=Plur|POS=VERB|Tense=Past|VerbForm=Part|Voice=Pass",
      "Gender=Masc|Number=Plur|POS=PRON|PronType=Rel",
      "POS=VERB|Tense=Past|VerbForm=Part|Voice=Pass",
      "Gender=Fem|NumType=Ord|Number=Plur|POS=ADJ",
      "Mood=Ind|Number=Plur|POS=VERB|Person=2|Tense=Fut|VerbForm=Fin",
      "Mood=Imp|POS=VERB|Tense=Pres|VerbForm=Fin",
      "Number=Plur|POS=PRON|Person=2|Reflex=Yes",
      "Mood=Cnd|Number=Sing|POS=VERB|Person=1|Tense=Pres|VerbForm=Fin",
      "Number=Plur|POS=PRON|Person=1|Reflex=Yes",
      "Gender=Masc|NumType=Card|Number=Sing|POS=NOUN",
      "Mood=Ind|Number=Plur|POS=AUX|Person=1|Tense=Pres|VerbForm=Fin",
      "Mood=Ind|Number=Plur|POS=AUX|Person=1|Tense=Fut|VerbForm=Fin",
      "Mood=Ind|Number=Plur|POS=VERB|Person=1|Tense=Fut|VerbForm=Fin",
      "Number=Sing|POS=PRON|Person=1|Reflex=Yes",
      "Mood=Ind|Number=Plur|POS=VERB|Person=1|Tense=Imp|VerbForm=Fin",
      "Mood=Ind|Number=Plur|POS=AUX|Person=1|Tense=Imp|VerbForm=Fin",
      "Mood=Ind|Number=Sing|POS=VERB|Person=1|Tense=Imp|VerbForm=Fin",
      "Mood=Sub|Number=Sing|POS=VERB|Person=1|Tense=Pres|VerbForm=Fin",
      "Gender=Masc|POS=PROPN",
      "Mood=Cnd|Number=Plur|POS=AUX|Person=3|Tense=Pres|VerbForm=Fin",
      "Number=Plur|POS=PRON|Person=1|PronType=Prs",
      "Mood=Sub|Number=Sing|POS=AUX|Person=1|Tense=Pres|VerbForm=Fin",
      "Number=Plur|POS=PRON|Person=2|PronType=Prs",
      "Mood=Ind|Number=Sing|POS=VERB|Person=1|Tense=Fut|VerbForm=Fin",
      "Gender=Fem|Number=Plur|POS=PRON|Person=3|PronType=Prs",
      "Number=Sing|POS=PRON|Person=1|PronType=Prs",
      "Mood=Cnd|Number=Sing|POS=AUX|Person=1|Tense=Pres|VerbForm=Fin",
      "Mood=Sub|Number=Plur|POS=AUX|Person=1|Tense=Pres|VerbForm=Fin",
      "Mood=Imp|Number=Plur|POS=VERB|Person=1|Tense=Pres|VerbForm=Fin",
      "Mood=Sub|Number=Plur|POS=AUX|Person=2|Tense=Pres|VerbForm=Fin",
      "Mood=Ind|Number=Plur|POS=VERB|Person=2|Tense=Imp|VerbForm=Fin",
      "Gender=Fem|POS=ADV",
      "Mood=Ind|Number=Sing|POS=AUX|Person=2|Tense=Imp|VerbForm=Fin",
      "Number=Plur|POS=VERB|Tense=Past|VerbForm=Part",
      "Gender=Fem|Number=Plur|POS=PROPN",
      "Gender=Masc|NumType=Card|POS=NUM"
    ],
    "parser": [
      "ROOT",
      "acl",
      "acl:relcl",
      "advcl",
      "advmod",
      "amod",
      "appos",
      "aux:pass",
      "aux:tense",
      "case",
      "cc",
      "ccomp",
      "conj",
      "cop",
      "dep",
      "det",
      "expl:comp",
      "expl:pass",
      "expl:subj",
      "fixed",
      "flat:foreign",
      "flat:name",
      "iobj",
      "mark",
      "nmod",
      "nsubj",
      "nsubj:pass",
      "nummod",
      "obj",
      "obl:agent",
      "obl:arg",
      "obl:mod",
      "parataxis",
      "punct",
      "vocative",
      "xcomp"
    ],
    "senter": [
      "I",
      "S"
    ],
    "ner": [
      "LOC",
      "MISC",
      "ORG",
      "PER"
    ],
    "attribute_ruler": [],
    "lemmatizer": []
  },
  "pipeline": [
    "tok2vec",
    "morphologizer",
    "parser",
    "ner",
    "attribute_ruler",
    "lemmatizer"
  ],
  "components": [
    "tok2vec",
    "morphologizer",
    "parser",
    "senter",
    "ner",
    "attribute_ruler",
    "lemmatizer"
  ],
  "disabled": [
    "senter"
  ],
  "performance": {
    "tag_acc": 0.9444730607,
    "ents_p": 0.8398056295,
    "ents_r": 0.8336535767,
    "ents_f": 0.8367182949,
    "sents_p": 0.8544600939,
    "sents_r": 0.8958989295,
    "sents_f": 0.8687350835,
    "speed": 5035.7313831085,
    "ents_per_type": {
      "PER": {
        "p": 0.9038665441,
        "r": 0.9161710969,
        "f": 0.9099772274
      },
      "LOC": {
        "p": 0.8443734705,
        "r": 0.8515435456,
        "f": 0.847943351
      },
      "ORG": {
        "p": 0.7834028191,
        "r": 0.7530534351,
        "f": 0.7679283838
      },
      "MISC": {
        "p": 0.7236236713,
        "r": 0.6649657384,
        "f": 0.6930557666
      }
    },
    "token_acc": 0.9989751998,
    "pos_acc": 0.9730091686,
    "morph_acc": 0.963463025,
    "lemma_acc": 0.906970771,
    "dep_uas": 0.8935554784,
    "dep_las": 0.852185982,
    "morph_per_feat": {
      "Definite": {
        "p": 0.9897660819,
        "r": 0.9876002918,
        "f": 0.9886820007
      },
      "Number": {
        "p": 0.9919641189,
        "r": 0.9836916234,
        "f": 0.9878105518
      },
      "PronType": {
        "p": 0.9961414791,
        "r": 0.9904092072,
        "f": 0.9932670728
      },
      "Gender": {
        "p": 0.9817565807,
        "r": 0.9733850129,
        "f": 0.977552874
      },
      "Mood": {
        "p": 0.972972973,
        "r": 0.9591474245,
        "f": 0.9660107335
      },
      "Person": {
        "p": 0.9872286079,
        "r": 0.9711055276,
        "f": 0.9791006966
      },
      "Tense": {
        "p": 0.9649122807,
        "r": 0.9550561798,
        "f": 0.9599589322
      },
      "VerbForm": {
        "p": 0.9799498747,
        "r": 0.9710264901,
        "f": 0.9754677755
      },
      "NumType": {
        "p": 0.9964412811,
        "r": 0.9655172414,
        "f": 0.9807355517
      },
      "Reflex": {
        "p": 1.0,
        "r": 1.0,
        "f": 1.0
      },
      "Voice": {
        "p": 0.9298245614,
        "r": 0.9464285714,
        "f": 0.9380530973
      },
      "Poss": {
        "p": 1.0,
        "r": 1.0,
        "f": 1.0
      },
      "Polarity": {
        "p": 1.0,
        "r": 0.9882352941,
        "f": 0.9940828402
      }
    },
    "dep_las_per_type": {
      "det": {
        "p": 0.9765751212,
        "r": 0.9757869249,
        "f": 0.9761808639
      },
      "nsubj": {
        "p": 0.8775,
        "r": 0.8457831325,
        "f": 0.8613496933
      },
      "aux:tense": {
        "p": 0.9153846154,
        "r": 0.952,
        "f": 0.9333333333
      },
      "root": {
        "p": 0.8720930233,
        "r": 0.9101941748,
        "f": 0.890736342
      },
      "obj": {
        "p": 0.8454810496,
        "r": 0.8605341246,
        "f": 0.8529411765
      },
      "cc": {
        "p": 0.8904109589,
        "r": 0.8986175115,
        "f": 0.8944954128
      },
      "case": {
        "p": 0.9661246612,
        "r": 0.9713896458,
        "f": 0.96875
      },
      "obl:mod": {
        "p": 0.7119205298,
        "r": 0.6398809524,
        "f": 0.6739811912
      },
      "nmod": {
        "p": 0.7906103286,
        "r": 0.8403193613,
        "f": 0.8147073053
      },
      "conj": {
        "p": 0.5418326693,
        "r": 0.5354330709,
        "f": 0.5386138614
      },
      "nummod": {
        "p": 0.8950617284,
        "r": 0.8630952381,
        "f": 0.8787878788
      },
      "amod": {
        "p": 0.922787194,
        "r": 0.8941605839,
        "f": 0.9082483781
      },
      "acl": {
        "p": 0.6946107784,
        "r": 0.6705202312,
        "f": 0.6823529412
      },
      "mark": {
        "p": 0.8623853211,
        "r": 0.8281938326,
        "f": 0.8449438202
      },
      "xcomp": {
        "p": 0.8482758621,
        "r": 0.8145695364,
        "f": 0.8310810811
      },
      "flat:name": {
        "p": 0.8846153846,
        "r": 0.8761904762,
        "f": 0.8803827751
      },
      "cop": {
        "p": 0.8988764045,
        "r": 0.8888888889,
        "f": 0.8938547486
      },
      "advmod": {
        "p": 0.8485804416,
        "r": 0.8432601881,
        "f": 0.8459119497
      },
      "obl:arg": {
        "p": 0.725,
        "r": 0.6590909091,
        "f": 0.6904761905
      },
      "appos": {
        "p": 0.5217391304,
        "r": 0.578313253,
        "f": 0.5485714286
      },
      "nsubj:pass": {
        "p": 0.8674698795,
        "r": 0.8470588235,
        "f": 0.8571428571
      },
      "aux:pass": {
        "p": 0.9636363636,
        "r": 0.9464285714,
        "f": 0.954954955
      },
      "acl:relcl": {
        "p": 0.5909090909,
        "r": 0.6046511628,
        "f": 0.5977011494
      },
      "advcl": {
        "p": 0.4819277108,
        "r": 0.5128205128,
        "f": 0.4968944099
      },
      "fixed": {
        "p": 0.8131868132,
        "r": 0.7326732673,
        "f": 0.7708333333
      },
      "dep": {
        "p": 0.2368421053,
        "r": 0.5806451613,
        "f": 0.3364485981
      },
      "expl:subj": {
        "p": 0.75,
        "r": 0.84375,
        "f": 0.7941176471
      },
      "expl:comp": {
        "p": 0.6944444444,
        "r": 0.8333333333,
        "f": 0.7575757576
      },
      "expl:pass": {
        "p": 0.2,
        "r": 0.1428571429,
        "f": 0.1666666667
      },
      "ccomp": {
        "p": 0.72,
        "r": 0.7058823529,
        "f": 0.7128712871
      },
      "parataxis": {
        "p": 0.619047619,
        "r": 0.4642857143,
        "f": 0.5306122449
      },
      "iobj": {
        "p": 0.6470588235,
        "r": 0.44,
        "f": 0.5238095238
      },
      "obl:agent": {
        "p": 0.9428571429,
        "r": 0.7857142857,
        "f": 0.8571428571
      },
      "nsubj:caus": {
        "p": 0.0,
        "r": 0.0,
        "f": 0.0
      },
      "aux:caus": {
        "p": 0.0,
        "r": 0.0,
        "f": 0.0
      },
      "obj:agent": {
        "p": 0.0,
        "r": 0.0,
        "f": 0.0
      },
      "goeswith": {
        "p": 0.0,
        "r": 0.0,
        "f": 0.0
      },
      "vocative": {
        "p": 1.0,
        "r": 0.625,
        "f": 0.7692307692
      },
      "dislocated": {
        "p": 0.0,
        "r": 0.0,
        "f": 0.0
      },
      "flat:foreign": {
        "p": 1.0,
        "r": 0.1428571429,
        "f": 0.25
      },
      "orphan": {
        "p": 0.0,
        "r": 0.0,
        "f": 0.0
      },
      "advcl:cleft": {
        "p": 0.0,
        "r": 0.0,
        "f": 0.0
      },
      "csubj": {
        "p": 0.0,
        "r": 0.0,
        "f": 0.0
      }
    }
  },
  "sources": [
    {
      "name": "UD French Sequoia v2.5",
      "url": "https://github.com/UniversalDependencies/UD_French-Sequoia",
      "license": "LGPL-LR",
      "author": "Candito, Marie; Seddah, Djam\u00e9; Perrier, Guy; Guillaume, Bruno"
    },
    {
      "name": "WikiNER",
      "url": "https://figshare.com/articles/Learning_multilingual_named_entity_recognition_from_Wikipedia/5462500",
      "license": "CC BY 4.0"
    }
  ],
  "requirements": [],
  "size": "45 MB",
  "checksum": "9faa3e4a6ee8983bfc903dffb35c51a34e4ae68ad91639375a0da66172ca50f7",
  "checksum_whl": "190aa4dcb4a917d0924f78c4f9a00b6c052d91bc6a002a6adb0a3739a72393ba"
}