{
  "lang": "hr",
  "name": "core_news_sm",
  "version": "3.4.0",
  "description": "Croatian pipeline optimized for CPU. Components: tok2vec, tagger, morphologizer, parser, lemmatizer (trainable_lemmatizer), senter, ner.",
  "author": "Explosion",
  "email": "contact@explosion.ai",
  "url": "https://explosion.ai",
  "license": "CC BY-SA 4.0",
  "spacy_version": ">=3.4.0,<3.5.0",
  "spacy_git_version": "dd038b536",
  "vectors": {
    "width": 0,
    "vectors": 0,
    "keys": 0,
    "name": null
  },
  "labels": {
    "tok2vec": [],
    "tagger": [
      "Agcfpay",
      "Agcfpdy",
      "Agcfpgy",
      "Agcfpiy",
      "Agcfply",
      "Agcfpny",
      "Agcfsay",
      "Agcfsdy",
      "Agcfsgy",
      "Agcfsiy",
      "Agcfsly",
      "Agcfsny",
      "Agcmpay",
      "Agcmpgy",
      "Agcmpiy",
      "Agcmpny",
      "Agcmsany",
      "Agcmsay",
      "Agcmsayn",
      "Agcmsdy",
      "Agcmsgy",
      "Agcmsiy",
      "Agcmsly",
      "Agcmsny",
      "Agcnpay",
      "Agcnpdy",
      "Agcnpgy",
      "Agcnpny",
      "Agcnsay",
      "Agcnsdy",
      "Agcnsgy",
      "Agcnsiy",
      "Agcnsly",
      "Agcnsny",
      "Agpfpay",
      "Agpfpdy",
      "Agpfpgy",
      "Agpfpiy",
      "Agpfply",
      "Agpfpny",
      "Agpfsay",
      "Agpfsdy",
      "Agpfsgy",
      "Agpfsin",
      "Agpfsiy",
      "Agpfsly",
      "Agpfsny",
      "Agpfsvy",
      "Agpmpay",
      "Agpmpdy",
      "Agpmpgy",
      "Agpmpiy",
      "Agpmply",
      "Agpmpny",
      "Agpmsan",
      "Agpmsann",
      "Agpmsany",
      "Agpmsay",
      "Agpmsayn",
      "Agpmsayy",
      "Agpmsdy",
      "Agpmsgn",
      "Agpmsgy",
      "Agpmsiy",
      "Agpmsln",
      "Agpmsly",
      "Agpmsnn",
      "Agpmsny",
      "Agpmsvy",
      "Agpnpay",
      "Agpnpdy",
      "Agpnpgy",
      "Agpnpiy",
      "Agpnply",
      "Agpnpny",
      "Agpnsay",
      "Agpnsdy",
      "Agpnsgn",
      "Agpnsgy",
      "Agpnsiy",
      "Agpnsln",
      "Agpnsly",
      "Agpnsny",
      "Agsfpay",
      "Agsfpdy",
      "Agsfpgy",
      "Agsfpiy",
      "Agsfply",
      "Agsfpny",
      "Agsfsay",
      "Agsfsdy",
      "Agsfsgy",
      "Agsfsiy",
      "Agsfsly",
      "Agsfsny",
      "Agsmpay",
      "Agsmpdy",
      "Agsmpgy",
      "Agsmpiy",
      "Agsmply",
      "Agsmpny",
      "Agsmsany",
      "Agsmsayn",
      "Agsmsayy",
      "Agsmsdy",
      "Agsmsgy",
      "Agsmsiy",
      "Agsmsly",
      "Agsmsny",
      "Agsnpay",
      "Agsnpgy",
      "Agsnply",
      "Agsnpny",
      "Agsnsay",
      "Agsnsdy",
      "Agsnsgy",
      "Agsnsiy",
      "Agsnsly",
      "Agsnsny",
      "Appfpay",
      "Appfpdy",
      "Appfpgy",
      "Appfpiy",
      "Appfply",
      "Appfpny",
      "Appfsay",
      "Appfsgy",
      "Appfsiy",
      "Appfsly",
      "Appfsny",
      "Appmpay",
      "Appmpdy",
      "Appmpgy",
      "Appmpiy",
      "Appmply",
      "Appmpny",
      "Appmsann",
      "Appmsany",
      "Appmsayn",
      "Appmsayy",
      "Appmsdy",
      "Appmsgn",
      "Appmsgy",
      "Appmsiy",
      "Appmsly",
      "Appmsnn",
      "Appmsny",
      "Appnpay",
      "Appnpdy",
      "Appnpgy",
      "Appnpiy",
      "Appnply",
      "Appnpny",
      "Appnsay",
      "Appnsgy",
      "Appnsly",
      "Appnsny",
      "Aspfpay",
      "Aspfpgy",
      "Aspfpiy",
      "Aspfply",
      "Aspfpny",
      "Aspfsay",
      "Aspfsdy",
      "Aspfsgy",
      "Aspfsly",
      "Aspfsny",
      "Aspmpay",
      "Aspmpgy",
      "Aspmply",
      "Aspmpny",
      "Aspmsayn",
      "Aspmsayy",
      "Aspmsdn",
      "Aspmsdy",
      "Aspmsgn",
      "Aspmsgy",
      "Aspmsiy",
      "Aspmsln",
      "Aspmsly",
      "Aspmsnn",
      "Aspnpay",
      "Aspnpgy",
      "Aspnpny",
      "Aspnsay",
      "Aspnsgn",
      "Aspnsgy",
      "Aspnsln",
      "Aspnsly",
      "Aspnsny",
      "Cc",
      "Cs",
      "I",
      "Mdc",
      "Mdm",
      "Mdo",
      "Mds",
      "Mlc",
      "Mlc--g",
      "Mlc--i",
      "Mlc--l",
      "Mlcf-a",
      "Mlcf-d",
      "Mlcf-g",
      "Mlcf-n",
      "Mlcfsa",
      "Mlcfsd",
      "Mlcfsg",
      "Mlcfsi",
      "Mlcfsl",
      "Mlcfsn",
      "Mlcm-a",
      "Mlcm-g",
      "Mlcm-l",
      "Mlcm-n",
      "Mlcmpn",
      "Mlcmsan",
      "Mlcmsay",
      "Mlcmsg",
      "Mlcmsi",
      "Mlcmsl",
      "Mlcmsn",
      "Mlcn-n",
      "Mlcnsa",
      "Mlcnsg",
      "Mlcnsn",
      "Mlofpa",
      "Mlofpd",
      "Mlofpg",
      "Mlofpi",
      "Mlofpl",
      "Mlofpn",
      "Mlofsa",
      "Mlofsd",
      "Mlofsg",
      "Mlofsi",
      "Mlofsl",
      "Mlofsn",
      "Mlompa",
      "Mlompd",
      "Mlompg",
      "Mlompi",
      "Mlompl",
      "Mlompn",
      "Mlomsan",
      "Mlomsay",
      "Mlomsd",
      "Mlomsg",
      "Mlomsi",
      "Mlomsl",
      "Mlomsn",
      "Mlonpa",
      "Mlonpg",
      "Mlonpl",
      "Mlonpn",
      "Mlonsa",
      "Mlonsd",
      "Mlonsg",
      "Mlonsi",
      "Mlonsl",
      "Mlonsn",
      "Mls",
      "Mlsf-a",
      "Mlsf-g",
      "Mlsf-i",
      "Mlsf-l",
      "Mlsf-n",
      "Mlsm-a",
      "Mlsm-g",
      "Mlsm-l",
      "Mlsm-n",
      "Mlsmpn",
      "Mlsn-n",
      "Mrc",
      "Mro",
      "Ncfpa",
      "Ncfpd",
      "Ncfpg",
      "Ncfpi",
      "Ncfpl",
      "Ncfpn",
      "Ncfpv",
      "Ncfsa",
      "Ncfsd",
      "Ncfsg",
      "Ncfsi",
      "Ncfsl",
      "Ncfsn",
      "Ncfsv",
      "Ncmpa",
      "Ncmpd",
      "Ncmpg",
      "Ncmpi",
      "Ncmpl",
      "Ncmpn",
      "Ncmpv",
      "Ncmsan",
      "Ncmsay",
      "Ncmsd",
      "Ncmsg",
      "Ncmsi",
      "Ncmsl",
      "Ncmsn",
      "Ncmsv",
      "Ncnpa",
      "Ncnpd",
      "Ncnpg",
      "Ncnpi",
      "Ncnpl",
      "Ncnpn",
      "Ncnsa",
      "Ncnsd",
      "Ncnsg",
      "Ncnsi",
      "Ncnsl",
      "Ncnsn",
      "Ncnsv",
      "Npfpa",
      "Npfpg",
      "Npfpl",
      "Npfpn",
      "Npfsa",
      "Npfsd",
      "Npfsg",
      "Npfsi",
      "Npfsl",
      "Npfsn",
      "Npmpa",
      "Npmpd",
      "Npmpg",
      "Npmpi",
      "Npmpl",
      "Npmpn",
      "Npmsan",
      "Npmsay",
      "Npmsd",
      "Npmsg",
      "Npmsi",
      "Npmsl",
      "Npmsn",
      "Npmsv",
      "Npnpg",
      "Npnpn",
      "Npnsa",
      "Npnsd",
      "Npnsg",
      "Npnsi",
      "Npnsl",
      "Npnsn",
      "Pd-fpa",
      "Pd-fpd",
      "Pd-fpg",
      "Pd-fpi",
      "Pd-fpl",
      "Pd-fpn",
      "Pd-fsa",
      "Pd-fsd",
      "Pd-fsg",
      "Pd-fsi",
      "Pd-fsl",
      "Pd-fsn",
      "Pd-mpa",
      "Pd-mpd",
      "Pd-mpg",
      "Pd-mpi",
      "Pd-mpl",
      "Pd-mpn",
      "Pd-msan",
      "Pd-msay",
      "Pd-msd",
      "Pd-msg",
      "Pd-msi",
      "Pd-msl",
      "Pd-msn",
      "Pd-npa",
      "Pd-npg",
      "Pd-npi",
      "Pd-npn",
      "Pd-nsa",
      "Pd-nsd",
      "Pd-nsg",
      "Pd-nsi",
      "Pd-nsl",
      "Pd-nsn",
      "Pi-fpa",
      "Pi-fpd",
      "Pi-fpg",
      "Pi-fpi",
      "Pi-fpl",
      "Pi-fpn",
      "Pi-fsa",
      "Pi-fsd",
      "Pi-fsg",
      "Pi-fsi",
      "Pi-fsl",
      "Pi-fsn",
      "Pi-mpa",
      "Pi-mpd",
      "Pi-mpg",
      "Pi-mpi",
      "Pi-mpl",
      "Pi-mpn",
      "Pi-msan",
      "Pi-msay",
      "Pi-msd",
      "Pi-msg",
      "Pi-msi",
      "Pi-msl",
      "Pi-msn",
      "Pi-npa",
      "Pi-npd",
      "Pi-npg",
      "Pi-npi",
      "Pi-npl",
      "Pi-npn",
      "Pi-nsa",
      "Pi-nsd",
      "Pi-nsg",
      "Pi-nsi",
      "Pi-nsl",
      "Pi-nsn",
      "Pi3m-a",
      "Pi3m-d",
      "Pi3m-g",
      "Pi3m-i",
      "Pi3m-n",
      "Pi3n-a",
      "Pi3n-d",
      "Pi3n-g",
      "Pi3n-i",
      "Pi3n-l",
      "Pi3n-n",
      "Pp1-pa",
      "Pp1-pd",
      "Pp1-pg",
      "Pp1-pi",
      "Pp1-pl",
      "Pp1-pn",
      "Pp1-sa",
      "Pp1-sd",
      "Pp1-sg",
      "Pp1-si",
      "Pp1-sl",
      "Pp1-sn",
      "Pp2-pa",
      "Pp2-pd",
      "Pp2-pl",
      "Pp2-pn",
      "Pp2-sa",
      "Pp2-sd",
      "Pp2-sg",
      "Pp2-sl",
      "Pp2-sn",
      "Pp3-pa",
      "Pp3-pd",
      "Pp3-pg",
      "Pp3-pi",
      "Pp3-pl",
      "Pp3fpn",
      "Pp3fsa",
      "Pp3fsd",
      "Pp3fsg",
      "Pp3fsi",
      "Pp3fsl",
      "Pp3fsn",
      "Pp3mpn",
      "Pp3msa",
      "Pp3msd",
      "Pp3msg",
      "Pp3msi",
      "Pp3msl",
      "Pp3msn",
      "Pp3npn",
      "Pp3nsa",
      "Pp3nsi",
      "Pp3nsn",
      "Pq-fpa",
      "Pq-fpn",
      "Pq-fsa",
      "Pq-fsi",
      "Pq-fsl",
      "Pq-fsn",
      "Pq-mpn",
      "Pq-msn",
      "Pq-nsn",
      "Pq3m-d",
      "Pq3m-n",
      "Pq3n-a",
      "Pq3n-l",
      "Pq3n-n",
      "Ps1fpa",
      "Ps1fpg",
      "Ps1fpl",
      "Ps1fpn",
      "Ps1fsa",
      "Ps1fsd",
      "Ps1fsg",
      "Ps1fsi",
      "Ps1fsl",
      "Ps1fsn",
      "Ps1fsv",
      "Ps1mpa",
      "Ps1mpd",
      "Ps1mpg",
      "Ps1mpi",
      "Ps1mpl",
      "Ps1mpn",
      "Ps1msan",
      "Ps1msay",
      "Ps1msd",
      "Ps1msg",
      "Ps1msi",
      "Ps1msl",
      "Ps1msn",
      "Ps1msv",
      "Ps1nsa",
      "Ps1nsg",
      "Ps1nsl",
      "Ps1nsn",
      "Ps2fpa",
      "Ps2fpl",
      "Ps2fpn",
      "Ps2fsg",
      "Ps2fsn",
      "Ps2mpa",
      "Ps2mpg",
      "Ps2mpn",
      "Ps2msan",
      "Ps2msd",
      "Ps2msi",
      "Ps2msl",
      "Ps2msn",
      "Ps2npn",
      "Ps2nsg",
      "Ps2nsi",
      "Ps2nsl",
      "Ps2nsn",
      "Ps3fpa",
      "Ps3fpg",
      "Ps3fpl",
      "Ps3fpn",
      "Ps3fsa",
      "Ps3fsd",
      "Ps3fsg",
      "Ps3fsi",
      "Ps3fsl",
      "Ps3fsn",
      "Ps3mpa",
      "Ps3mpd",
      "Ps3mpg",
      "Ps3mpi",
      "Ps3mpl",
      "Ps3mpn",
      "Ps3msan",
      "Ps3msay",
      "Ps3msd",
      "Ps3msg",
      "Ps3msi",
      "Ps3msl",
      "Ps3msn",
      "Ps3npa",
      "Ps3npg",
      "Ps3npl",
      "Ps3npn",
      "Ps3nsa",
      "Ps3nsg",
      "Ps3nsi",
      "Ps3nsl",
      "Ps3nsn",
      "Px--sa",
      "Px--sd",
      "Px--sg",
      "Px--si",
      "Px--sl",
      "Px-fpa",
      "Px-fpg",
      "Px-fpi",
      "Px-fpl",
      "Px-fpn",
      "Px-fsa",
      "Px-fsd",
      "Px-fsg",
      "Px-fsi",
      "Px-fsl",
      "Px-mpa",
      "Px-mpd",
      "Px-mpg",
      "Px-mpi",
      "Px-mpl",
      "Px-msan",
      "Px-msay",
      "Px-msd",
      "Px-msg",
      "Px-msi",
      "Px-msl",
      "Px-npa",
      "Px-npd",
      "Px-npg",
      "Px-npi",
      "Px-npl",
      "Px-nsa",
      "Px-nsg",
      "Px-nsi",
      "Px-nsl",
      "Qo",
      "Qq",
      "Qr",
      "Qz",
      "Rgc",
      "Rgp",
      "Rgs",
      "Rr",
      "Sa",
      "Sd",
      "Sg",
      "Si",
      "Sl",
      "Vaa1p",
      "Vaa1s",
      "Vaa2p",
      "Vaa2s",
      "Vaa3p",
      "Vaa3s",
      "Vae3s",
      "Vam2p",
      "Van",
      "Vap-pf",
      "Vap-pm",
      "Vap-pn",
      "Vap-sf",
      "Vap-sm",
      "Vap-sn",
      "Var1p",
      "Var1s",
      "Var2p",
      "Var2s",
      "Var3p",
      "Var3s",
      "Vma3s",
      "Vmm1p",
      "Vmm2p",
      "Vmm2s",
      "Vmn",
      "Vmp-pf",
      "Vmp-pm",
      "Vmp-pn",
      "Vmp-sf",
      "Vmp-sm",
      "Vmp-sn",
      "Vmr1p",
      "Vmr1s",
      "Vmr2p",
      "Vmr2s",
      "Vmr3p",
      "Vmr3s",
      "X",
      "Xf",
      "Y",
      "Z",
      "_SP"
    ],
    "morphologizer": [
      "Case=Nom|Gender=Masc|Number=Sing|POS=NOUN",
      "Case=Gen|Gender=Fem|Number=Sing|POS=NOUN",
      "Case=Loc|POS=ADP",
      "Case=Loc|Gender=Neut|Number=Sing|POS=PROPN",
      "Case=Ins|POS=ADP",
      "Case=Ins|Gender=Neut|Number=Sing|POS=NOUN",
      "Case=Nom|Gender=Neut|Number=Sing|POS=PROPN",
      "Degree=Pos|POS=ADV",
      "Mood=Ind|Number=Sing|POS=VERB|Person=3|Tense=Pres|VerbForm=Fin",
      "Animacy=Inan|Case=Acc|Gender=Masc|Number=Sing|POS=NOUN",
      "Case=Loc|Gender=Neut|Number=Sing|POS=NOUN",
      "Case=Gen|Definite=Def|Degree=Pos|Gender=Fem|Number=Plur|POS=ADJ",
      "Case=Gen|Gender=Fem|Number=Plur|POS=NOUN",
      "POS=PUNCT",
      "POS=PART",
      "Case=Loc|Gender=Masc|Number=Sing|POS=NOUN",
      "POS=SCONJ",
      "Case=Nom|Definite=Def|Degree=Pos|Gender=Fem|Number=Sing|POS=ADJ",
      "Case=Nom|Gender=Fem|Number=Sing|POS=NOUN",
      "Case=Nom|Gender=Fem|Number=Sing|POS=PROPN",
      "Case=Acc|Gender=Neut|Number=Plur|POS=NOUN",
      "Case=Acc|POS=PRON|PronType=Prs|Reflex=Yes",
      "Case=Gen|Gender=Neut|Number=Sing|POS=NOUN",
      "Case=Gen|Gender=Neut|Number=Sing|Number[psor]=Plur|POS=DET|Person=3|Poss=Yes|PronType=Prs",
      "POS=CCONJ",
      "Case=Gen|POS=ADP",
      "Case=Dat|Gender=Neut|Number=Sing|POS=NOUN",
      "Case=Gen|Definite=Def|Degree=Pos|Gender=Masc|Number=Sing|POS=ADJ",
      "Case=Gen|Gender=Masc|Number=Sing|POS=NOUN",
      "Mood=Ind|Number=Plur|POS=VERB|Person=3|Tense=Pres|VerbForm=Fin",
      "Case=Nom|Gender=Masc|Number=Plur|POS=DET|PronType=Ind",
      "Case=Nom|Gender=Masc|Number=Plur|POS=NOUN",
      "POS=VERB|VerbForm=Inf",
      "Case=Acc|Definite=Def|Degree=Pos|Gender=Fem|Number=Plur|POS=ADJ",
      "Case=Acc|Gender=Fem|Number=Plur|POS=NOUN",
      "Case=Nom|Degree=Pos|Gender=Masc|Number=Plur|POS=ADJ",
      "POS=PART|Polarity=Neg",
      "Case=Acc|Gender=Neut|POS=PRON|PronType=Neg",
      "Case=Ins|Gender=Masc|Number=Sing|POS=NOUN",
      "Degree=Pos|POS=ADV|PronType=Dem",
      "Degree=Cmp|POS=ADV",
      "Case=Acc|POS=ADP",
      "Case=Acc|Gender=Fem|Number=Sing|POS=NOUN",
      "Case=Nom|Gender=Masc|Number=Sing|POS=PROPN",
      "Mood=Ind|Number=Sing|POS=AUX|Person=3|Tense=Pres|VerbForm=Fin",
      "Case=Nom|Gender=Masc|NumType=Card|Number=Sing|POS=NUM",
      "Case=Nom|Gender=Masc|Number=Sing|POS=DET|PronType=Dem",
      "Case=Nom|Gender=Masc|Number=Sing|Number[psor]=Sing|POS=DET|Person=1|Poss=Yes|PronType=Prs",
      "Gender=Masc|Number=Sing|POS=VERB|Tense=Past|VerbForm=Part|Voice=Act",
      "Case=Loc|Gender=Fem|Number=Sing|POS=NOUN",
      "Case=Nom|Number=Sing|POS=PRON|Person=1|PronType=Prs",
      "NumType=Ord|POS=ADJ",
      "Mood=Ind|Number=Sing|POS=AUX|Person=1|Tense=Pres|VerbForm=Fin",
      "Mood=Ind|Number=Plur|POS=AUX|Person=3|Tense=Pres|VerbForm=Fin",
      "Case=Acc|Number=Plur|POS=PRON|Person=1|PronType=Prs",
      "Case=Nom|Definite=Def|Degree=Pos|Gender=Fem|Number=Plur|POS=ADJ",
      "Case=Nom|Gender=Fem|Number=Plur|POS=NOUN",
      "Gender=Fem|Number=Plur|POS=VERB|Tense=Past|VerbForm=Part|Voice=Act",
      "Animacy=Inan|Case=Acc|Gender=Masc|Number=Sing|POS=DET|Poss=Yes|PronType=Prs|Reflex=Yes",
      "Case=Nom|Gender=Neut|Number=Sing|POS=DET|PronType=Dem",
      "Mood=Ind|Number=Sing|POS=AUX|Person=3|Polarity=Neg|Tense=Pres|VerbForm=Fin",
      "Gender=Neut|Number=Sing|POS=VERB|Tense=Past|VerbForm=Part|Voice=Act",
      "Case=Loc|Gender=Masc|Number=Plur|POS=DET|PronType=Ind",
      "Case=Loc|Gender=Masc|Number=Plur|POS=NOUN",
      "Case=Nom|Definite=Def|Degree=Pos|Gender=Fem|Number=Plur|POS=ADJ|VerbForm=Part|Voice=Pass",
      "Case=Gen|Gender=Neut|Number=Sing|POS=DET|PronType=Dem",
      "Case=Nom|Gender=Fem|Number=Plur|POS=DET|PronType=Int,Rel",
      "Case=Nom|Definite=Def|Degree=Pos|Gender=Masc|Number=Plur|POS=ADJ",
      "Case=Nom|Gender=Neut|POS=PRON|PronType=Int,Rel",
      "Case=Gen|Definite=Def|Degree=Pos|Gender=Masc|Number=Plur|POS=ADJ",
      "Case=Gen|Gender=Masc|Number=Plur|POS=NOUN",
      "Case=Nom|Definite=Def|Degree=Pos|Gender=Masc|Number=Sing|POS=ADJ",
      "Case=Acc|Gender=Neut|Number=Sing|POS=NOUN",
      "Mood=Ind|Number=Plur|POS=VERB|Person=1|Tense=Pres|VerbForm=Fin",
      "Case=Nom|Gender=Neut|Number=Sing|POS=NOUN",
      "Case=Nom|Definite=Def|Degree=Pos|Gender=Neut|Number=Sing|POS=ADJ",
      "Gender=Fem|Number=Plur|POS=AUX|Tense=Past|VerbForm=Part|Voice=Act",
      "NumType=Card|POS=NUM",
      "Case=Gen|Definite=Def|Degree=Pos|Gender=Masc|Number=Plur|POS=ADJ|VerbForm=Part|Voice=Pass",
      "Case=Acc|Gender=Masc|Number=Plur|POS=DET|PronType=Int,Rel",
      "Gender=Fem|Number=Sing|POS=VERB|Tense=Past|VerbForm=Part|Voice=Act",
      "Case=Loc|Definite=Def|Degree=Pos|Gender=Fem|Number=Plur|POS=ADJ",
      "Case=Loc|Gender=Fem|Number=Plur|POS=NOUN",
      "Case=Gen|Definite=Def|Degree=Pos|Gender=Neut|Number=Sing|POS=ADJ",
      "Animacy=Inan|Case=Acc|Gender=Masc|Number=Sing|POS=PROPN",
      "Case=Acc|Definite=Def|Degree=Cmp|Gender=Fem|Number=Plur|POS=ADJ",
      "Case=Gen|Gender=Fem|Number=Sing|POS=DET|PronType=Dem",
      "Gender=Masc|Number=Sing|POS=AUX|Tense=Past|VerbForm=Part|Voice=Act",
      "Case=Nom|Definite=Ind|Degree=Pos|Gender=Masc|Number=Sing|POS=ADJ|VerbForm=Part|Voice=Pass",
      "Animacy=Inan|Case=Acc|Definite=Def|Degree=Pos|Gender=Masc|Number=Sing|POS=ADJ",
      "Case=Acc|Gender=Masc|Number=Plur|POS=NOUN",
      "Case=Loc|Definite=Def|Degree=Pos|Gender=Fem|Number=Sing|POS=ADJ",
      "Degree=Pos|POS=ADV|PronType=Int,Rel",
      "Gender=Neut|Number=Sing|POS=AUX|Tense=Past|VerbForm=Part|Voice=Act",
      "Case=Loc|Gender=Neut|Number=Plur|POS=NOUN",
      "Case=Nom|Gender=Neut|Number=Plur|POS=DET|PronType=Int,Rel",
      "Case=Nom|Definite=Def|Degree=Pos|Gender=Neut|Number=Plur|POS=ADJ|VerbForm=Part|Voice=Pass",
      "Case=Nom|Gender=Neut|Number=Plur|POS=DET|PronType=Dem",
      "Case=Nom|Gender=Neut|Number=Plur|POS=NOUN",
      "Case=Gen|Number=Plur|POS=PRON|Person=3|PronType=Prs",
      "Case=Gen|Definite=Def|Degree=Pos|Gender=Fem|Number=Sing|POS=ADJ",
      "Case=Nom|Definite=Def|Degree=Pos|Gender=Neut|Number=Sing|POS=ADJ|VerbForm=Part|Voice=Pass",
      "Mood=Cnd|Number=Plur|POS=AUX|Person=3|Tense=Past|VerbForm=Fin",
      "Case=Nom|Definite=Def|Degree=Cmp|Gender=Masc|Number=Plur|POS=ADJ",
      "Gender=Masc|Number=Plur|POS=VERB|Tense=Past|VerbForm=Part|Voice=Act",
      "Case=Gen|Definite=Def|Degree=Cmp|Gender=Masc|Number=Plur|POS=ADJ",
      "Mood=Ind|Number=Plur|POS=AUX|Person=3|Polarity=Neg|Tense=Pres|VerbForm=Fin",
      "Case=Nom|Gender=Masc|Number=Sing|POS=DET|PronType=Int,Rel",
      "Case=Acc|Definite=Def|Degree=Cmp|Gender=Fem|Number=Sing|POS=ADJ",
      "Case=Nom|Gender=Masc|Number=Plur|POS=DET|PronType=Dem",
      "Case=Nom|Gender=Masc|Number=Plur|POS=DET|PronType=Int,Rel",
      "Case=Nom|Definite=Ind|Degree=Pos|Gender=Masc|Number=Sing|POS=ADJ",
      "Case=Loc|Gender=Masc|Number=Sing|POS=DET|PronType=Int,Rel",
      "Case=Dat|Gender=Masc|Number=Sing|POS=PROPN",
      "Case=Loc|Gender=Neut|Gender[psor]=Masc,Neut|Number=Plur|Number[psor]=Sing|POS=DET|Person=3|Poss=Yes|PronType=Prs",
      "Case=Loc|Definite=Def|Degree=Pos|Gender=Neut|Number=Plur|POS=ADJ",
      "Case=Dat|Definite=Def|Degree=Pos|Gender=Masc|Number=Sing|POS=ADJ",
      "Case=Dat|Gender=Masc|Number=Sing|POS=NOUN",
      "Case=Acc|Definite=Def|Degree=Pos|Gender=Fem|Number=Sing|POS=ADJ",
      "Mood=Cnd|Number=Sing|POS=AUX|Person=3|Tense=Past|VerbForm=Fin",
      "Case=Loc|Gender=Fem|Number=Sing|POS=DET|PronType=Dem",
      "POS=X",
      "Case=Nom|Definite=Def|Degree=Pos|Gender=Masc|Number=Plur|POS=ADJ|VerbForm=Part|Voice=Pass",
      "Case=Loc|Gender=Masc|Number=Plur|POS=DET|PronType=Dem",
      "Case=Loc|Gender=Masc|Number=Plur|POS=DET|PronType=Int,Rel",
      "Case=Loc|Definite=Def|Degree=Pos|Gender=Masc|Number=Plur|POS=ADJ",
      "Case=Gen|Gender=Fem|Number=Sing|POS=PROPN",
      "Case=Acc|Gender=Fem|Number=Sing|POS=DET|PronType=Tot",
      "Case=Acc|Gender=Neut|Number=Sing|POS=DET|PronType=Tot",
      "Case=Nom|Gender=Neut|Number=Sing|POS=DET|PronType=Int,Rel",
      "Case=Nom|Gender=Masc|Number=Sing|Number[psor]=Plur|POS=DET|Person=3|Poss=Yes|PronType=Prs",
      "Animacy=Anim|Case=Acc|Gender=Masc|Number=Sing|POS=PROPN",
      "Case=Gen|Gender=Masc|Number=Sing|POS=PROPN",
      "Case=Nom|Definite=Def|Degree=Pos|Gender=Fem|Number=Sing|POS=ADJ|VerbForm=Part|Voice=Pass",
      "Case=Nom|Gender=Fem|Number=Sing|POS=DET|PronType=Int,Rel",
      "Case=Nom|Degree=Pos|Gender=Fem|Number=Sing|POS=ADJ",
      "Case=Nom|Gender=Neut|Number=Sing|POS=DET|Poss=Yes|PronType=Int,Rel",
      "Case=Gen|Gender=Fem|Number=Plur|POS=DET|Poss=Yes|PronType=Prs|Reflex=Yes",
      "Case=Loc|Gender=Fem|Number=Sing|POS=PROPN",
      "Case=Acc|Gender=Neut|Number=Sing|POS=DET|Poss=Yes|PronType=Int,Rel",
      "Case=Nom|Definite=Def|Degree=Pos|Gender=Fem|Number=Sing|POS=ADJ|Poss=Yes",
      "Mood=Ind|Number=Plur|POS=VERB|Person=2|Tense=Pres|VerbForm=Fin",
      "Case=Acc|Definite=Def|Degree=Pos|Gender=Masc|Number=Plur|POS=ADJ",
      "Animacy=Inan|Case=Acc|Gender=Masc|Number=Sing|POS=DET|PronType=Int,Rel",
      "Case=Loc|Gender=Fem|Number=Sing|POS=DET|Poss=Yes|PronType=Prs|Reflex=Yes",
      "Case=Acc|Definite=Def|Degree=Pos|Gender=Neut|Number=Sing|POS=ADJ",
      "Case=Loc|Definite=Def|Degree=Sup|Gender=Neut|Number=Sing|POS=ADJ",
      "Case=Gen|Definite=Def|Degree=Sup|Gender=Masc|Number=Plur|POS=ADJ",
      "Mood=Ind|Number=Sing|POS=VERB|Person=1|Tense=Pres|VerbForm=Fin",
      "Case=Loc|Gender=Masc|Number=Sing|POS=DET|PronType=Dem",
      "Case=Loc|Definite=Def|Degree=Pos|Gender=Masc|Number=Sing|POS=ADJ",
      "Case=Ins|Definite=Def|Degree=Pos|Gender=Fem|Number=Plur|POS=ADJ",
      "Case=Ins|Gender=Fem|Number=Plur|POS=NOUN",
      "Case=Dat|Gender=Masc|Number=Plur|POS=NOUN",
      "Case=Nom|Definite=Ind|Degree=Pos|Gender=Masc|Number=Sing|POS=ADJ|Poss=Yes",
      "Case=Gen|Gender=Neut|Gender[psor]=Masc,Neut|Number=Sing|Number[psor]=Sing|POS=DET|Person=3|Poss=Yes|PronType=Prs",
      "Case=Ins|Gender=Masc|Number=Sing|POS=PROPN",
      "Animacy=Anim|Case=Acc|Definite=Def|Degree=Pos|Gender=Masc|Number=Sing|POS=ADJ",
      "Animacy=Anim|Case=Acc|Gender=Masc|NumType=Card|Number=Sing|POS=NUM",
      "Animacy=Anim|Case=Acc|Gender=Masc|Number=Sing|POS=NOUN",
      "Case=Nom|Number=Plur|POS=PRON|Person=1|PronType=Prs",
      "Mood=Ind|Number=Plur|POS=AUX|Person=1|Tense=Pres|VerbForm=Fin",
      "POS=AUX|VerbForm=Inf",
      "Case=Loc|Gender=Masc|Number=Sing|POS=PROPN",
      "Case=Gen|Gender=Masc|Number=Plur|POS=DET|PronType=Dem",
      "Case=Ins|Gender=Fem|Number=Sing|POS=NOUN",
      "Gender=Fem|Number=Sing|POS=AUX|Tense=Past|VerbForm=Part|Voice=Act",
      "Case=Ins|Definite=Def|Degree=Pos|Gender=Fem|Number=Sing|POS=ADJ",
      "Case=Acc|Gender=Fem|Number=Sing|POS=PRON|Person=3|PronType=Prs",
      "Case=Ins|Definite=Def|Degree=Pos|Gender=Masc|Number=Plur|POS=ADJ",
      "Case=Ins|Gender=Masc|Number=Plur|POS=NOUN",
      "Degree=Pos|POS=ADV|PronType=Ind",
      "Animacy=Inan|Case=Acc|Definite=Ind|Degree=Pos|Gender=Masc|Number=Sing|POS=ADJ",
      "Case=Acc|Definite=Def|Degree=Pos|Gender=Fem|Number=Sing|POS=ADJ|Poss=Yes",
      "Case=Nom|Gender=Masc|Number=Sing|POS=PRON|Person=3|PronType=Prs",
      "Degree=Pos|POS=ADV|PronType=Neg",
      "Animacy=Inan|Case=Acc|Gender=Masc|NumType=Card|Number=Sing|POS=NUM",
      "Case=Acc|Gender=Fem|Number=Sing|POS=PROPN",
      "Case=Dat|Gender=Fem|Number=Sing|POS=NOUN",
      "Case=Acc|Gender=Neut|Gender[psor]=Masc,Neut|Number=Plur|Number[psor]=Sing|POS=DET|Person=3|Poss=Yes|PronType=Prs",
      "Case=Dat|Gender=Fem|Number=Sing|POS=PROPN",
      "Case=Acc|Gender=Neut|Number=Sing|POS=DET|PronType=Dem",
      "Case=Nom|Gender=Fem|Gender[psor]=Masc,Neut|Number=Sing|Number[psor]=Sing|POS=DET|Person=3|Poss=Yes|PronType=Prs",
      "Case=Ins|Definite=Def|Degree=Cmp|Gender=Masc|Number=Plur|POS=ADJ",
      "Case=Acc|Definite=Def|Degree=Pos|Gender=Neut|Number=Plur|POS=ADJ",
      "Case=Nom|Gender=Masc|Number=Plur|POS=PRON|Person=3|PronType=Prs",
      "Case=Dat|Definite=Def|Degree=Pos|Gender=Fem|Number=Sing|POS=ADJ",
      "Case=Dat|Number=Plur|POS=PRON|Person=1|PronType=Prs",
      "Case=Nom|Gender=Neut|Number=Sing|POS=PRON|Person=3|PronType=Prs",
      "Case=Acc|Gender=Neut|Number=Sing|POS=DET|Poss=Yes|PronType=Prs|Reflex=Yes",
      "Case=Nom|Definite=Def|Degree=Pos|Gender=Neut|Number=Plur|POS=ADJ",
      "Case=Loc|Gender=Neut|Number=Plur|POS=DET|Poss=Yes|PronType=Prs|Reflex=Yes",
      "Case=Nom|Gender=Masc|POS=PRON|PronType=Neg",
      "Case=Gen|Definite=Def|Degree=Pos|Gender=Neut|Number=Plur|POS=ADJ",
      "Case=Gen|Gender=Neut|Number=Plur|POS=NOUN",
      "Case=Gen|Gender=Fem|Number=Sing|POS=DET|PronType=Tot",
      "Mood=Cnd|Number=Plur|POS=AUX|Person=1|Tense=Past|VerbForm=Fin",
      "Case=Dat|Number=Sing|POS=PRON|Person=1|PronType=Prs",
      "Case=Nom|Degree=Pos|Gender=Masc|Number=Sing|POS=ADJ",
      "Case=Loc|Gender=Masc|Number=Sing|Number[psor]=Sing|POS=DET|Person=1|Poss=Yes|PronType=Prs",
      "Case=Dat|Definite=Def|Degree=Cmp|Gender=Fem|Number=Sing|POS=ADJ",
      "POS=NOUN",
      "Case=Voc|Gender=Masc|Number=Sing|POS=NOUN",
      "Case=Gen|Gender=Neut|Number=Sing|POS=PROPN",
      "Case=Ins|Gender=Masc|Number=Sing|POS=DET|PronType=Dem",
      "Case=Loc|Gender=Neut|Number=Sing|POS=DET|PronType=Int,Rel",
      "Case=Acc|Gender=Masc|Gender[psor]=Fem|Number=Plur|Number[psor]=Sing|POS=DET|Person=3|Poss=Yes|PronType=Prs",
      "Case=Ins|Gender=Fem|Number=Sing|POS=PROPN",
      "Case=Acc|Gender=Fem|Number=Plur|POS=DET|PronType=Ind",
      "Case=Acc|Degree=Pos|Gender=Fem|Number=Plur|POS=ADJ",
      "Case=Loc|Gender=Neut|Number=Sing|POS=DET|PronType=Dem",
      "Case=Loc|Number=Plur|POS=PRON|Person=1|PronType=Prs",
      "Case=Loc|Gender=Masc|Number=Plur|Number[psor]=Plur|POS=DET|Person=1|Poss=Yes|PronType=Prs",
      "Case=Nom|Gender=Fem|Number=Sing|Number[psor]=Plur|POS=DET|Person=1|Poss=Yes|PronType=Prs",
      "Case=Nom|Degree=Pos|Gender=Fem|Number=Plur|POS=ADJ",
      "Case=Nom|Gender=Fem|NumType=Card|Number=Plur|POS=NUM",
      "Case=Dat|Gender=Masc|Number=Sing|POS=DET|PronType=Dem",
      "Case=Nom|Gender=Neut|Number=Sing|POS=DET|PronType=Tot",
      "Case=Acc|Gender=Neut|Number=Plur|POS=DET|PronType=Dem",
      "Case=Loc|Gender=Fem|Number=Sing|POS=DET|PronType=Int,Rel",
      "Case=Dat|Gender=Fem|Number=Sing|Number[psor]=Plur|POS=DET|Person=1|Poss=Yes|PronType=Prs",
      "Case=Nom|Number=Plur|POS=PRON|Person=2|PronType=Prs",
      "Case=Gen|Gender=Masc|Number=Sing|POS=DET|PronType=Dem",
      "Case=Gen|Gender=Masc|Number=Sing|POS=DET|Poss=Yes|PronType=Prs|Reflex=Yes",
      "Case=Loc|Gender=Fem|Number=Plur|POS=DET|PronType=Int,Rel",
      "Mood=Ind|Number=Plur|POS=AUX|Person=2|Tense=Pres|VerbForm=Fin",
      "Case=Ins|Gender=Masc|Number=Sing|POS=DET|Poss=Yes|PronType=Prs|Reflex=Yes",
      "Case=Dat|Gender=Fem|Number=Plur|POS=DET|PronType=Dem",
      "Case=Dat|Gender=Fem|Number=Plur|POS=NOUN",
      "POS=SPACE",
      "Mood=Cnd|Number=Sing|POS=AUX|Person=1|Tense=Past|VerbForm=Fin",
      "Case=Loc|Gender=Masc|Number=Sing|POS=DET|Poss=Yes|PronType=Prs|Reflex=Yes",
      "Case=Nom|Gender=Masc|Number=Sing|Number[psor]=Plur|POS=DET|Person=1|Poss=Yes|PronType=Prs",
      "Case=Acc|Number=Plur|POS=PRON|Person=3|PronType=Prs",
      "Case=Gen|Gender=Fem|Number=Plur|Number[psor]=Plur|POS=DET|Person=1|Poss=Yes|PronType=Prs",
      "Mood=Ind|Number=Plur|POS=AUX|Person=1|Polarity=Neg|Tense=Pres|VerbForm=Fin",
      "Case=Nom|Definite=Def|Degree=Cmp|Gender=Fem|Number=Sing|POS=ADJ",
      "Case=Nom|Gender=Fem|Gender[psor]=Fem|Number=Sing|Number[psor]=Sing|POS=DET|Person=3|Poss=Yes|PronType=Prs",
      "Case=Loc|Definite=Def|Degree=Pos|Gender=Neut|Number=Sing|POS=ADJ",
      "Case=Nom|Gender=Masc|POS=PRON|PronType=Ind",
      "Case=Acc|Definite=Def|Degree=Pos|Gender=Fem|Number=Plur|POS=ADJ|VerbForm=Part|Voice=Pass",
      "Case=Nom|Gender=Neut|Number=Sing|Number[psor]=Plur|POS=DET|Person=2|Poss=Yes|PronType=Prs",
      "Case=Loc|Gender=Neut|Number=Sing|Number[psor]=Plur|POS=DET|Person=2|Poss=Yes|PronType=Prs",
      "Case=Dat|Definite=Def|Degree=Pos|Gender=Fem|Number=Plur|POS=ADJ",
      "Case=Acc|Gender=Masc|Number=Sing|POS=PRON|Person=3|PronType=Prs",
      "Case=Gen|Gender=Fem|Number=Plur|POS=DET|PronType=Dem",
      "Animacy=Inan|Case=Acc|Degree=Pos|Gender=Masc|Number=Sing|POS=ADJ",
      "Case=Ins|Definite=Def|Degree=Pos|Gender=Masc|Number=Sing|POS=ADJ|VerbForm=Part|Voice=Pass",
      "Case=Dat|Gender=Masc|POS=PRON|PronType=Neg",
      "Case=Ins|Gender=Neut|POS=PRON|PronType=Int,Rel",
      "Case=Dat|Definite=Def|Degree=Pos|Gender=Masc|Number=Plur|POS=ADJ",
      "Case=Dat|Definite=Def|Degree=Pos|Gender=Masc|Number=Plur|POS=ADJ|VerbForm=Part|Voice=Pass",
      "Case=Acc|Gender=Neut|Number=Sing|Number[psor]=Plur|POS=DET|Person=3|Poss=Yes|PronType=Prs",
      "Animacy=Anim|Case=Acc|Gender=Masc|Number=Sing|POS=DET|PronType=Int,Rel",
      "Case=Dat|POS=ADP",
      "Degree=Sup|POS=ADV",
      "Case=Ins|Definite=Def|Degree=Pos|Gender=Masc|Number=Sing|POS=ADJ",
      "Case=Acc|Gender=Fem|Number=Plur|POS=DET|PronType=Int,Rel",
      "POS=ADV|Tense=Pres|VerbForm=Conv",
      "Case=Ins|POS=PRON|PronType=Prs|Reflex=Yes",
      "Case=Loc|Gender=Neut|Number=Plur|POS=DET|PronType=Int,Rel",
      "Case=Loc|Gender=Masc|Number=Sing|POS=PRON|Person=3|PronType=Prs",
      "Gender=Neut|Number=Plur|POS=VERB|Tense=Past|VerbForm=Part|Voice=Act",
      "Case=Nom|Gender=Neut|NumType=Card|Number=Plur|POS=NUM",
      "Case=Gen|Definite=Def|Degree=Pos|Gender=Neut|Number=Plur|POS=ADJ|VerbForm=Part|Voice=Pass",
      "Case=Loc|Gender=Fem|Gender[psor]=Fem|Number=Sing|Number[psor]=Sing|POS=DET|Person=3|Poss=Yes|PronType=Prs",
      "Case=Ins|Gender=Neut|Number=Sing|POS=DET|PronType=Dem",
      "Case=Gen|Degree=Pos|Gender=Neut|Number=Plur|POS=ADJ",
      "Case=Ins|Definite=Def|Degree=Pos|Gender=Masc|Number=Sing|POS=ADJ|Poss=Yes",
      "Case=Acc|Gender=Masc|Number=Plur|POS=DET|PronType=Ind",
      "Case=Gen|Definite=Def|Degree=Pos|Gender=Masc|Number=Plur|POS=ADJ|Poss=Yes",
      "Case=Acc|Gender=Fem|NumType=Card|Number=Plur|POS=NUM",
      "Case=Nom|Gender=Fem|Number=Plur|POS=PROPN",
      "Case=Ins|Gender=Fem|Number=Sing|POS=DET|PronType=Dem",
      "Case=Gen|Gender=Fem|Number=Plur|POS=DET|PronType=Int,Rel",
      "Case=Nom|Gender=Fem|NumType=Card|Number=Sing|POS=NUM",
      "NumType=Mult|POS=NUM",
      "Case=Acc|Degree=Pos|Gender=Masc|Number=Plur|POS=ADJ",
      "Case=Ins|Gender=Masc|Number=Plur|POS=DET|PronType=Int,Rel",
      "Case=Gen|Gender=Fem|NumType=Mult|POS=NUM",
      "Case=Acc|Gender=Neut|POS=PRON|PronType=Int,Rel",
      "Animacy=Inan|Case=Acc|Definite=Def|Degree=Cmp|Gender=Masc|Number=Sing|POS=ADJ",
      "Case=Nom|Gender=Fem|NumType=Mult|POS=NUM",
      "Case=Ins|Gender=Fem|Number=Plur|POS=DET|PronType=Int,Rel",
      "Case=Loc|Gender=Neut|Number=Sing|Number[psor]=Plur|POS=DET|Person=3|Poss=Yes|PronType=Prs",
      "Case=Gen|Gender=Fem|NumType=Card|Number=Plur|POS=NUM",
      "Case=Gen|Gender=Masc|Number=Plur|POS=PROPN",
      "Case=Nom|Gender=Fem|Number=Plur|POS=DET|PronType=Dem",
      "Case=Dat|Number=Plur|POS=PRON|Person=3|PronType=Prs",
      "Case=Acc|Gender=Fem|Number=Sing|Number[psor]=Plur|POS=DET|Person=3|Poss=Yes|PronType=Prs",
      "Case=Gen|Definite=Def|Degree=Cmp|Gender=Masc|Number=Sing|POS=ADJ",
      "Case=Ins|Gender=Neut|Number=Sing|POS=PROPN",
      "Case=Nom|Gender=Masc|Number=Plur|POS=PROPN",
      "Case=Dat|Gender=Masc|Gender[psor]=Fem|Number=Plur|Number[psor]=Sing|POS=DET|Person=3|Poss=Yes|PronType=Prs",
      "Animacy=Inan|Case=Acc|Gender=Masc|Number=Sing|Number[psor]=Plur|POS=DET|Person=3|Poss=Yes|PronType=Prs",
      "Case=Gen|Gender=Masc|NumType=Card|Number=Sing|POS=NUM",
      "Case=Loc|Gender=Neut|POS=PRON|PronType=Int,Rel",
      "Animacy=Anim|Case=Acc|Gender=Masc|Number=Sing|POS=DET|PronType=Ind",
      "Case=Acc|Definite=Def|Degree=Pos|Gender=Masc|Number=Plur|POS=ADJ|VerbForm=Part|Voice=Pass",
      "Animacy=Inan|Case=Acc|Gender=Masc|Number=Sing|POS=DET|PronType=Dem",
      "Case=Acc|Gender=Masc|Number=Plur|POS=DET|PronType=Tot",
      "Case=Ins|Definite=Def|Degree=Pos|Gender=Masc|Number=Plur|POS=ADJ|VerbForm=Part|Voice=Pass",
      "POS=ADV|Tense=Past|VerbForm=Conv",
      "Case=Nom|Gender=Fem|Number=Sing|POS=DET|PronType=Dem",
      "Case=Gen|Gender=Masc|Number=Sing|POS=DET|PronType=Int,Rel",
      "Case=Gen|Gender=Fem|Number=Sing|Number[psor]=Plur|POS=DET|Person=1|Poss=Yes|PronType=Prs",
      "Case=Acc|Gender=Masc|Number=Plur|POS=DET|Poss=Yes|PronType=Prs|Reflex=Yes",
      "Case=Nom|Definite=Def|Degree=Cmp|Gender=Masc|Number=Sing|POS=ADJ",
      "Case=Nom|Gender=Masc|POS=PRON|PronType=Int,Rel",
      "Case=Nom|Gender=Masc|Number=Sing|POS=DET|Poss=Yes|PronType=Int,Rel",
      "Case=Gen|Definite=Def|Degree=Pos|Gender=Fem|Number=Plur|POS=ADJ|Poss=Yes",
      "Case=Ins|Gender=Neut|Number=Plur|POS=DET|PronType=Dem",
      "Case=Ins|Gender=Neut|Number=Plur|POS=NOUN",
      "Case=Acc|Gender=Fem|Number=Sing|POS=DET|PronType=Int,Rel",
      "Case=Gen|Gender=Masc|Gender[psor]=Masc,Neut|Number=Sing|Number[psor]=Sing|POS=DET|Person=3|Poss=Yes|PronType=Prs",
      "Case=Loc|Definite=Def|Degree=Pos|Gender=Masc|Number=Sing|POS=ADJ|VerbForm=Part|Voice=Pass",
      "Case=Dat|Gender=Fem|Number=Sing|POS=DET|PronType=Dem",
      "Case=Acc|Definite=Def|Degree=Pos|Gender=Fem|Number=Sing|POS=ADJ|VerbForm=Part|Voice=Pass",
      "Case=Gen|Definite=Def|Degree=Cmp|Gender=Neut|Number=Sing|POS=ADJ",
      "Case=Ins|Gender=Masc|NumType=Card|Number=Sing|POS=NUM",
      "Case=Ins|Definite=Def|Degree=Pos|Gender=Neut|Number=Sing|POS=ADJ",
      "Case=Dat|Gender=Neut|Number=Sing|POS=DET|PronType=Dem",
      "Case=Nom|Gender=Fem|Number=Sing|POS=PRON|Person=3|PronType=Prs",
      "Case=Acc|Gender=Neut|Number=Sing|POS=DET|PronType=Int,Rel",
      "Case=Gen|Gender=Masc|Number=Sing|POS=DET|PronType=Tot",
      "Case=Gen|Definite=Def|Degree=Pos|Gender=Neut|Number=Sing|POS=ADJ|VerbForm=Part|Voice=Pass",
      "Case=Nom|Definite=Def|Degree=Sup|Gender=Masc|Number=Sing|POS=ADJ",
      "Case=Gen|Degree=Pos|Gender=Fem|Number=Plur|POS=ADJ",
      "Case=Ins|Gender=Fem|NumType=Card|Number=Sing|POS=NUM",
      "Degree=Pos|POS=ADV|PronType=Tot",
      "Case=Acc|Gender=Fem|Number=Sing|POS=DET|Poss=Yes|PronType=Prs|Reflex=Yes",
      "Case=Acc|Gender=Fem|Number=Sing|POS=DET|PronType=Dem",
      "Case=Dat|Gender=Masc|Number=Plur|POS=DET|PronType=Dem",
      "Case=Gen|Gender=Neut|NumType=Card|Number=Sing|POS=NUM",
      "Gender=Masc|Number=Plur|POS=AUX|Tense=Past|VerbForm=Part|Voice=Act",
      "Case=Nom|Gender=Fem|Number=Sing|POS=DET|Poss=Yes|PronType=Int,Rel",
      "Case=Ins|Gender=Fem|Number=Sing|POS=DET|PronType=Int,Rel",
      "Case=Nom|Degree=Pos|Gender=Neut|Number=Sing|POS=ADJ",
      "Case=Loc|Gender=Fem|Gender[psor]=Masc,Neut|Number=Plur|Number[psor]=Sing|POS=DET|Person=3|Poss=Yes|PronType=Prs",
      "Case=Acc|Gender=Fem|Number=Plur|POS=DET|PronType=Dem",
      "Case=Ins|Definite=Def|Degree=Sup|Gender=Masc|Number=Plur|POS=ADJ",
      "Case=Gen|Definite=Def|Degree=Pos|Gender=Fem|Number=Plur|POS=ADJ|VerbForm=Part|Voice=Pass",
      "Case=Gen|Gender=Fem|Gender[psor]=Fem|Number=Plur|Number[psor]=Sing|POS=DET|Person=3|Poss=Yes|PronType=Prs",
      "Case=Dat|Definite=Def|Degree=Pos|Gender=Neut|Number=Plur|POS=ADJ",
      "Case=Dat|Gender=Neut|Number=Plur|POS=NOUN",
      "Case=Dat|Degree=Pos|Gender=Fem|Number=Sing|POS=ADJ",
      "Case=Dat|Definite=Def|Degree=Pos|Gender=Neut|Number=Sing|POS=ADJ",
      "Case=Loc|Gender=Fem|Gender[psor]=Masc,Neut|Number=Sing|Number[psor]=Sing|POS=DET|Person=3|Poss=Yes|PronType=Prs",
      "Case=Ins|Gender=Fem|Number=Sing|POS=DET|Poss=Yes|PronType=Prs|Reflex=Yes",
      "Case=Ins|Definite=Def|Degree=Sup|Gender=Fem|Number=Plur|POS=ADJ",
      "Case=Nom|Gender=Neut|POS=PRON|PronType=Neg",
      "Case=Gen|Gender=Masc|NumType=Mult|POS=NUM",
      "Case=Ins|Gender=Neut|Number=Sing|POS=DET|PronType=Int,Rel",
      "Animacy=Inan|Case=Acc|Definite=Def|Degree=Pos|Gender=Masc|Number=Sing|POS=ADJ|VerbForm=Part|Voice=Pass",
      "Case=Gen|Degree=Pos|Gender=Fem|Number=Sing|POS=ADJ",
      "Case=Acc|Degree=Pos|Gender=Fem|Number=Sing|POS=ADJ",
      "Case=Nom|Gender=Fem|Number=Plur|POS=PRON|Person=3|PronType=Prs",
      "Case=Acc|Gender=Fem|Number=Plur|POS=DET|Poss=Yes|PronType=Prs|Reflex=Yes",
      "Gender=Neut|Number=Plur|POS=AUX|Tense=Past|VerbForm=Part|Voice=Act",
      "Case=Ins|Definite=Def|Degree=Cmp|Gender=Fem|Number=Plur|POS=ADJ",
      "Case=Nom|Gender=Fem|Number=Sing|Number[psor]=Sing|POS=DET|Person=1|Poss=Yes|PronType=Prs",
      "Case=Ins|Definite=Def|Degree=Pos|Gender=Neut|Number=Plur|POS=ADJ",
      "Case=Loc|Gender=Masc|NumType=Card|Number=Sing|POS=NUM",
      "Case=Gen|Gender=Fem|Number=Plur|Number[psor]=Plur|POS=DET|Person=3|Poss=Yes|PronType=Prs",
      "Case=Nom|Definite=Def|Degree=Pos|Gender=Fem|Number=Plur|POS=ADJ|Poss=Yes",
      "Mood=Imp|Number=Plur|POS=VERB|Person=2|VerbForm=Fin",
      "Case=Ins|Gender=Masc|Number=Sing|POS=DET|PronType=Int,Rel",
      "Case=Gen|Gender=Neut|Gender[psor]=Masc,Neut|Number=Plur|Number[psor]=Sing|POS=DET|Person=3|Poss=Yes|PronType=Prs",
      "Case=Gen|Gender=Masc|Number=Plur|POS=DET|PronType=Int,Rel",
      "Case=Ins|Definite=Def|Degree=Pos|Gender=Neut|Number=Plur|POS=ADJ|VerbForm=Part|Voice=Pass",
      "Case=Loc|Gender=Fem|Number=Sing|POS=DET|PronType=Ind",
      "Case=Ins|Definite=Def|Degree=Pos|Gender=Fem|Number=Sing|POS=ADJ|VerbForm=Part|Voice=Pass",
      "Case=Loc|Degree=Pos|Gender=Fem|Number=Sing|POS=ADJ",
      "Case=Gen|Gender=Fem|Number=Plur|POS=PROPN",
      "Case=Nom|Gender=Fem|Number=Plur|POS=DET|PronType=Ind",
      "Case=Loc|Degree=Pos|Gender=Fem|Number=Plur|POS=ADJ",
      "Case=Gen|Gender=Fem|Gender[psor]=Masc,Neut|Number=Sing|Number[psor]=Sing|POS=DET|Person=3|Poss=Yes|PronType=Prs",
      "Case=Ins|Degree=Pos|Gender=Neut|Number=Sing|POS=ADJ",
      "Case=Acc|Gender=Neut|Number=Sing|POS=PROPN",
      "Case=Acc|Gender=Neut|POS=PRON|PronType=Ind",
      "Case=Acc|Gender=Fem|Number=Sing|POS=DET|Poss=Yes|PronType=Int,Rel",
      "Case=Loc|Definite=Def|Degree=Pos|Gender=Neut|Number=Sing|POS=ADJ|Poss=Yes",
      "Case=Ins|Number=Plur|POS=PRON|Person=3|PronType=Prs",
      "Case=Acc|Gender=Masc|Number=Plur|POS=DET|PronType=Dem",
      "Case=Dat|Gender=Masc|Number=Plur|POS=DET|PronType=Int,Rel",
      "Case=Dat|Gender=Neut|Number=Sing|POS=PROPN",
      "Case=Acc|Gender=Neut|Number=Plur|POS=DET|PronType=Int,Rel",
      "Case=Nom|Gender=Fem|Number=Sing|POS=DET|PronType=Tot",
      "Case=Gen|Definite=Def|Degree=Pos|Gender=Neut|Number=Sing|POS=ADJ|Poss=Yes",
      "Case=Dat|Gender=Neut|Number=Sing|POS=DET|PronType=Int,Rel",
      "Case=Gen|Gender=Masc|Gender[psor]=Fem|Number=Plur|Number[psor]=Sing|POS=DET|Person=3|Poss=Yes|PronType=Prs",
      "NumType=Mult|POS=SYM",
      "Case=Loc|Definite=Def|Degree=Pos|Gender=Neut|Number=Sing|POS=ADJ|VerbForm=Part|Voice=Pass",
      "Case=Gen|Gender=Fem|Number=Sing|POS=DET|Poss=Yes|PronType=Prs|Reflex=Yes",
      "Case=Nom|Gender=Masc|Gender[psor]=Fem|Number=Sing|Number[psor]=Sing|POS=DET|Person=3|Poss=Yes|PronType=Prs",
      "Case=Nom|Gender=Masc|Gender[psor]=Masc,Neut|Number=Sing|Number[psor]=Sing|POS=DET|Person=3|Poss=Yes|PronType=Prs",
      "Case=Dat|Definite=Def|Degree=Pos|Gender=Masc|Number=Sing|POS=ADJ|Poss=Yes",
      "Case=Gen|Definite=Def|Degree=Pos|Gender=Neut|Number=Plur|POS=ADJ|Poss=Yes",
      "Animacy=Anim|Case=Acc|Gender=Masc|Number=Sing|POS=DET|Poss=Yes|PronType=Prs|Reflex=Yes",
      "Case=Nom|Definite=Def|Degree=Cmp|Gender=Fem|Number=Plur|POS=ADJ",
      "Case=Acc|Gender=Masc|NumType=Card|Number=Plur|POS=NUM",
      "Case=Gen|Definite=Def|Degree=Pos|Gender=Fem|Number=Sing|POS=ADJ|VerbForm=Part|Voice=Pass",
      "Case=Loc|Gender=Masc|Gender[psor]=Masc,Neut|Number=Sing|Number[psor]=Sing|POS=DET|Person=3|Poss=Yes|PronType=Prs",
      "Case=Loc|Definite=Def|Degree=Pos|Gender=Fem|Number=Sing|POS=ADJ|VerbForm=Part|Voice=Pass",
      "Case=Acc|Gender=Neut|Number=Plur|Number[psor]=Plur|POS=DET|Person=3|Poss=Yes|PronType=Prs",
      "Case=Gen|Definite=Def|Degree=Pos|Gender=Masc|Number=Sing|POS=ADJ|VerbForm=Part|Voice=Pass",
      "Case=Ins|Gender=Masc|Number=Plur|POS=PROPN",
      "Case=Loc|Gender=Fem|Number=Plur|POS=DET|PronType=Ind",
      "Case=Nom|Gender=Neut|NumType=Card|Number=Sing|POS=NUM",
      "Case=Ins|Gender=Masc|Number=Plur|POS=DET|Poss=Yes|PronType=Prs|Reflex=Yes",
      "Case=Gen|Definite=Def|Degree=Sup|Gender=Fem|Number=Sing|POS=ADJ",
      "Case=Gen|Gender=Masc|Number=Plur|POS=DET|Poss=Yes|PronType=Prs|Reflex=Yes",
      "Case=Acc|Gender=Masc|Number=Plur|POS=PROPN",
      "Case=Loc|Gender=Neut|Number=Sing|POS=DET|PronType=Tot",
      "Case=Loc|Definite=Def|Degree=Sup|Gender=Fem|Number=Sing|POS=ADJ",
      "Case=Gen|Gender=Neut|Number=Sing|Number[psor]=Plur|POS=DET|Person=1|Poss=Yes|PronType=Prs",
      "Case=Ins|Gender=Neut|Number=Plur|POS=DET|PronType=Int,Rel",
      "Case=Dat|Gender=Masc|Number=Sing|POS=DET|PronType=Int,Rel",
      "Case=Acc|Definite=Def|Degree=Pos|Gender=Fem|Number=Plur|POS=ADJ|Poss=Yes",
      "Case=Loc|Degree=Pos|Gender=Masc|Number=Sing|POS=ADJ",
      "Case=Acc|Gender=Fem|NumType=Card|Number=Sing|POS=NUM",
      "Case=Dat|Gender=Masc|Number=Sing|POS=PRON|Person=3|PronType=Prs",
      "Case=Gen|Gender=Neut|Number=Sing|POS=DET|Poss=Yes|PronType=Prs|Reflex=Yes",
      "Case=Loc|Definite=Def|Degree=Pos|Gender=Neut|Number=Plur|POS=ADJ|VerbForm=Part|Voice=Pass",
      "Case=Acc|Definite=Def|Degree=Sup|Gender=Fem|Number=Sing|POS=ADJ",
      "Case=Dat|Definite=Def|Degree=Pos|Gender=Fem|Number=Sing|POS=ADJ|Poss=Yes",
      "Case=Nom|Gender=Masc|Number=Plur|Number[psor]=Plur|POS=DET|Person=1|Poss=Yes|PronType=Prs",
      "Case=Gen|Gender=Fem|NumType=Card|Number=Sing|POS=NUM",
      "Case=Nom|Definite=Def|Degree=Sup|Gender=Masc|Number=Plur|POS=ADJ",
      "Mood=Cnd|Number=Sing|POS=AUX|Person=2|Tense=Past|VerbForm=Fin",
      "Case=Gen|Gender=Masc|Number=Sing|POS=DET|PronType=Ind",
      "Case=Dat|Gender=Masc|Number=Plur|POS=DET|Poss=Yes|PronType=Prs|Reflex=Yes",
      "Case=Gen|Definite=Def|Degree=Cmp|Gender=Fem|Number=Sing|POS=ADJ",
      "Case=Dat|Degree=Pos|Gender=Masc|Number=Plur|POS=ADJ",
      "Case=Gen|Definite=Def|Degree=Sup|Gender=Masc|Number=Sing|POS=ADJ",
      "Case=Gen|Gender=Fem|Number=Sing|POS=DET|PronType=Ind",
      "Case=Nom|Gender=Masc|Number=Plur|POS=DET|PronType=Neg",
      "Case=Loc|Definite=Def|Degree=Sup|Gender=Masc|Number=Sing|POS=ADJ",
      "Case=Dat|Gender=Masc|Number=Plur|Number[psor]=Plur|POS=DET|Person=3|Poss=Yes|PronType=Prs",
      "POS=SYM",
      "Case=Ins|Definite=Def|Degree=Cmp|Gender=Neut|Number=Sing|POS=ADJ",
      "Case=Nom|Gender=Masc|Gender[psor]=Masc,Neut|Number=Plur|Number[psor]=Sing|POS=DET|Person=3|Poss=Yes|PronType=Prs",
      "Case=Gen|Degree=Pos|Gender=Masc|Number=Plur|POS=ADJ",
      "Case=Gen|Gender=Fem|Number=Sing|Number[psor]=Plur|POS=DET|Person=3|Poss=Yes|PronType=Prs",
      "Case=Dat|Gender=Fem|Gender[psor]=Masc,Neut|Number=Sing|Number[psor]=Sing|POS=DET|Person=3|Poss=Yes|PronType=Prs",
      "Case=Gen|Definite=Def|Degree=Sup|Gender=Fem|Number=Plur|POS=ADJ",
      "Case=Dat|Gender=Fem|Number=Sing|POS=PRON|Person=3|PronType=Prs",
      "Case=Gen|Definite=Def|Degree=Pos|Gender=Fem|Number=Sing|POS=ADJ|Poss=Yes",
      "Case=Gen|Gender=Fem|Gender[psor]=Masc,Neut|Number=Plur|Number[psor]=Sing|POS=DET|Person=3|Poss=Yes|PronType=Prs",
      "Animacy=Anim|Case=Acc|Definite=Def|Degree=Pos|Gender=Masc|Number=Sing|POS=ADJ|VerbForm=Part|Voice=Pass",
      "Case=Gen|Gender=Masc|Number=Sing|POS=PRON|Person=3|PronType=Prs",
      "Case=Dat|Gender=Masc|Gender[psor]=Fem|Number=Sing|Number[psor]=Sing|POS=DET|Person=3|Poss=Yes|PronType=Prs",
      "Case=Loc|Gender=Fem|Number=Plur|POS=DET|PronType=Dem",
      "Case=Nom|Gender=Neut|Number=Plur|POS=PRON|Person=3|PronType=Prs",
      "Case=Gen|Gender=Neut|Number=Plur|POS=DET|PronType=Ind",
      "Case=Nom|Gender=Masc|Number=Sing|POS=DET|PronType=Tot",
      "Case=Gen|Gender=Fem|Number=Sing|POS=DET|PronType=Int,Rel",
      "Case=Ins|Definite=Def|Degree=Cmp|Gender=Fem|Number=Sing|POS=ADJ",
      "Case=Dat|Gender=Masc|Number=Plur|POS=PROPN",
      "Case=Acc|Degree=Pos|Gender=Neut|Number=Sing|POS=ADJ",
      "Case=Loc|Degree=Pos|Gender=Neut|Number=Sing|POS=ADJ",
      "Case=Gen|Gender=Neut|Number=Sing|POS=DET|PronType=Tot",
      "Case=Nom|Definite=Def|Degree=Pos|Gender=Masc|Number=Sing|POS=ADJ|VerbForm=Part|Voice=Pass",
      "Case=Nom|Definite=Def|Degree=Sup|Gender=Fem|Number=Sing|POS=ADJ",
      "Case=Gen|Gender=Masc|Number=Sing|Number[psor]=Plur|POS=DET|Person=3|Poss=Yes|PronType=Prs",
      "Case=Gen|Definite=Def|Degree=Pos|Gender=Masc|Number=Sing|POS=ADJ|Poss=Yes",
      "Case=Gen|Definite=Def|Degree=Sup|Gender=Neut|Number=Plur|POS=ADJ",
      "Case=Gen|Gender=Neut|Gender[psor]=Fem|Number=Sing|Number[psor]=Sing|POS=DET|Person=3|Poss=Yes|PronType=Prs",
      "Case=Ins|Degree=Pos|Gender=Fem|Number=Plur|POS=ADJ",
      "Case=Gen|Gender=Masc|Gender[psor]=Masc,Neut|Number=Plur|Number[psor]=Sing|POS=DET|Person=3|Poss=Yes|PronType=Prs",
      "Case=Gen|Degree=Pos|Gender=Masc|Number=Sing|POS=ADJ",
      "Mood=Ind|Number=Sing|POS=AUX|Person=1|Polarity=Neg|Tense=Pres|VerbForm=Fin",
      "Case=Ins|Gender=Fem|Number=Plur|POS=DET|PronType=Dem",
      "Case=Acc|Definite=Def|Degree=Sup|Gender=Masc|Number=Plur|POS=ADJ",
      "Case=Dat|Gender=Fem|NumType=Card|Number=Sing|POS=NUM",
      "Case=Gen|Gender=Neut|Number=Plur|POS=DET|Poss=Yes|PronType=Prs|Reflex=Yes",
      "Case=Acc|Gender=Neut|Gender[psor]=Fem|Number=Sing|Number[psor]=Sing|POS=DET|Person=3|Poss=Yes|PronType=Prs",
      "Case=Acc|Gender=Fem|Number=Plur|Number[psor]=Plur|POS=DET|Person=3|Poss=Yes|PronType=Prs",
      "Case=Gen|NumType=Card|Number=Plur|POS=NUM",
      "Animacy=Anim|Case=Acc|Degree=Pos|Gender=Masc|Number=Sing|POS=ADJ",
      "Case=Dat|Definite=Def|Degree=Pos|Gender=Masc|Number=Sing|POS=ADJ|VerbForm=Part|Voice=Pass",
      "Animacy=Inan|Case=Acc|Gender=Masc|Gender[psor]=Masc,Neut|Number=Sing|Number[psor]=Sing|POS=DET|Person=3|Poss=Yes|PronType=Prs",
      "Case=Acc|Gender=Masc|Gender[psor]=Masc,Neut|Number=Plur|Number[psor]=Sing|POS=DET|Person=3|Poss=Yes|PronType=Prs",
      "Case=Nom|Definite=Def|Degree=Pos|Gender=Masc|Number=Plur|POS=ADJ|Poss=Yes",
      "Case=Acc|Definite=Def|Degree=Cmp|Gender=Neut|Number=Sing|POS=ADJ",
      "Animacy=Inan|Case=Acc|Definite=Def|Degree=Sup|Gender=Masc|Number=Sing|POS=ADJ",
      "Animacy=Anim|Case=Acc|Definite=Def|Degree=Sup|Gender=Masc|Number=Sing|POS=ADJ",
      "Case=Gen|Definite=Ind|Degree=Pos|Gender=Neut|Number=Sing|POS=ADJ",
      "Animacy=Inan|Case=Acc|Gender=Masc|Gender[psor]=Fem|Number=Sing|Number[psor]=Sing|POS=DET|Person=3|Poss=Yes|PronType=Prs",
      "Case=Loc|Definite=Def|Degree=Pos|Gender=Fem|Number=Plur|POS=ADJ|VerbForm=Part|Voice=Pass",
      "Case=Gen|Gender=Masc|Number=Plur|POS=DET|PronType=Ind",
      "Animacy=Anim|Case=Acc|Gender=Masc|Number=Sing|POS=DET|PronType=Tot",
      "Case=Nom|Gender=Masc|Number=Plur|Number[psor]=Plur|POS=DET|Person=3|Poss=Yes|PronType=Prs",
      "Case=Acc|Gender=Fem|Gender[psor]=Fem|Number=Sing|Number[psor]=Sing|POS=DET|Person=3|Poss=Yes|PronType=Prs",
      "Case=Ins|Definite=Def|Degree=Pos|Gender=Fem|Number=Plur|POS=ADJ|VerbForm=Part|Voice=Pass",
      "Case=Loc|POS=PRON|PronType=Prs|Reflex=Yes",
      "Case=Loc|Definite=Def|Degree=Cmp|Gender=Masc|Number=Sing|POS=ADJ",
      "Case=Nom|Definite=Def|Degree=Cmp|Gender=Neut|Number=Sing|POS=ADJ",
      "Case=Acc|Definite=Def|Degree=Cmp|Gender=Masc|Number=Plur|POS=ADJ",
      "Case=Dat|Definite=Def|Degree=Cmp|Gender=Masc|Number=Sing|POS=ADJ",
      "Case=Loc|Definite=Def|Degree=Sup|Gender=Masc|Number=Plur|POS=ADJ",
      "Case=Loc|Gender=Masc|Number=Plur|POS=DET|Poss=Yes|PronType=Prs|Reflex=Yes",
      "Case=Nom|Gender=Masc|POS=PRON|PronType=Tot",
      "Case=Nom|Gender=Masc|NumType=Card|Number=Plur|POS=NUM",
      "Case=Acc|Gender=Fem|NumType=Mult|POS=NUM",
      "Case=Loc|Gender=Neut|Gender[psor]=Fem|Number=Sing|Number[psor]=Sing|POS=DET|Person=3|Poss=Yes|PronType=Prs",
      "Animacy=Inan|Case=Acc|Definite=Def|Degree=Pos|Gender=Masc|Number=Sing|POS=ADJ|Poss=Yes",
      "Case=Loc|Gender=Fem|Number=Plur|POS=PROPN",
      "Animacy=Inan|Case=Acc|Definite=Ind|Degree=Pos|Gender=Masc|Number=Sing|POS=ADJ|VerbForm=Part|Voice=Pass",
      "Animacy=Anim|Case=Acc|Gender=Masc|Gender[psor]=Masc,Neut|Number=Sing|Number[psor]=Sing|POS=DET|Person=3|Poss=Yes|PronType=Prs",
      "Case=Loc|Definite=Def|Degree=Cmp|Gender=Fem|Number=Sing|POS=ADJ",
      "Case=Gen|Gender=Masc|Gender[psor]=Fem|Number=Sing|Number[psor]=Sing|POS=DET|Person=3|Poss=Yes|PronType=Prs",
      "Case=Ins|Gender=Masc|Number=Sing|POS=PRON|Person=3|PronType=Prs",
      "Case=Gen|Definite=Ind|Degree=Pos|Gender=Masc|Number=Sing|POS=ADJ",
      "Case=Acc|Gender=Fem|Gender[psor]=Masc,Neut|Number=Sing|Number[psor]=Sing|POS=DET|Person=3|Poss=Yes|PronType=Prs",
      "Case=Gen|Gender=Neut|Number=Plur|Number[psor]=Plur|POS=DET|Person=3|Poss=Yes|PronType=Prs",
      "Case=Nom|Gender=Fem|Number=Sing|Number[psor]=Plur|POS=DET|Person=3|Poss=Yes|PronType=Prs",
      "Case=Acc|Number=Sing|POS=PRON|Person=1|PronType=Prs",
      "Animacy=Inan|Case=Acc|Gender=Masc|Number=Sing|POS=DET|PronType=Ind",
      "Case=Acc|Gender=Neut|Number=Plur|POS=DET|PronType=Ind",
      "Case=Loc|Gender=Masc|Number=Sing|POS=DET|PronType=Ind",
      "Case=Loc|Gender=Fem|Number=Sing|Number[psor]=Plur|POS=DET|Person=3|Poss=Yes|PronType=Prs",
      "Case=Acc|Degree=Pos|Gender=Neut|Number=Plur|POS=ADJ",
      "Animacy=Anim|Case=Acc|Gender=Masc|Number=Sing|POS=PRON|PronType=Neg",
      "Case=Nom|Gender=Fem|Number=Plur|Number[psor]=Plur|POS=DET|Person=1|Poss=Yes|PronType=Prs",
      "Case=Gen|Gender=Fem|Number=Sing|Number[psor]=Sing|POS=DET|Person=1|Poss=Yes|PronType=Prs",
      "Case=Dat|Gender=Fem|Number=Sing|Number[psor]=Sing|POS=DET|Person=1|Poss=Yes|PronType=Prs",
      "Case=Gen|POS=PRON|PronType=Prs|Reflex=Yes",
      "Case=Gen|Gender=Neut|Number=Plur|POS=DET|PronType=Dem",
      "Case=Dat|POS=PRON|PronType=Prs|Reflex=Yes",
      "Case=Gen|Gender=Fem|Number=Sing|POS=PRON|Person=3|PronType=Prs",
      "Case=Loc|Gender=Fem|Number=Sing|POS=PRON|Person=3|PronType=Prs",
      "Case=Loc|Degree=Pos|Gender=Neut|Number=Plur|POS=ADJ",
      "Case=Loc|Definite=Def|Degree=Cmp|Gender=Neut|Number=Sing|POS=ADJ",
      "Case=Nom|Definite=Def|Degree=Sup|Gender=Neut|Number=Plur|POS=ADJ",
      "Case=Dat|Gender=Masc|Number=Sing|POS=DET|PronType=Ind",
      "Case=Acc|Gender=Masc|POS=PRON|PronType=Int,Rel",
      "Case=Loc|Degree=Pos|Gender=Masc|Number=Plur|POS=ADJ",
      "Case=Ins|Definite=Def|Degree=Sup|Gender=Fem|Number=Sing|POS=ADJ",
      "Case=Dat|Definite=Def|Degree=Sup|Gender=Masc|Number=Plur|POS=ADJ",
      "Mood=Ind|Number=Sing|POS=VERB|Person=3|Tense=Past|VerbForm=Fin",
      "Case=Nom|Gender=Neut|Number=Sing|Number[psor]=Plur|POS=DET|Person=3|Poss=Yes|PronType=Prs",
      "Case=Loc|Gender=Fem|Number=Plur|Number[psor]=Sing|POS=DET|Person=2|Poss=Yes|PronType=Prs",
      "Case=Dat|Gender=Masc|Number=Plur|Number[psor]=Plur|POS=DET|Person=1|Poss=Yes|PronType=Prs",
      "Case=Ins|Gender=Fem|NumType=Mult|POS=NUM",
      "Mood=Ind|Number=Plur|POS=AUX|Person=2|Polarity=Neg|Tense=Pres|VerbForm=Fin",
      "Case=Acc|Gender=Fem|Number=Sing|Number[psor]=Sing|POS=DET|Person=1|Poss=Yes|PronType=Prs",
      "Case=Acc|Gender=Fem|Number=Sing|POS=DET|PronType=Ind",
      "POS=ADJ",
      "Case=Gen|Gender=Neut|Number=Sing|POS=DET|PronType=Int,Rel",
      "Case=Loc|Gender=Masc|Number=Plur|Number[psor]=Plur|POS=DET|Person=3|Poss=Yes|PronType=Prs",
      "Case=Acc|Definite=Def|Degree=Pos|Gender=Masc|Number=Plur|POS=ADJ|Poss=Yes",
      "Case=Loc|Number=Plur|POS=PRON|Person=3|PronType=Prs",
      "Case=Ins|NumType=Card|Number=Plur|POS=NUM",
      "Case=Nom|Gender=Masc|Gender[psor]=Fem|Number=Plur|Number[psor]=Sing|POS=DET|Person=3|Poss=Yes|PronType=Prs",
      "Case=Nom|Definite=Def|Degree=Pos|Gender=Neut|Number=Sing|POS=ADJ|Poss=Yes",
      "Case=Gen|Definite=Ind|Degree=Pos|Gender=Masc|Number=Sing|POS=ADJ|Poss=Yes",
      "Case=Ins|Gender=Fem|Number=Plur|POS=DET|PronType=Ind",
      "Case=Ins|Definite=Def|Degree=Sup|Gender=Masc|Number=Sing|POS=ADJ",
      "Case=Dat|Gender=Fem|Number=Sing|POS=DET|PronType=Int,Rel",
      "Case=Nom|Gender=Fem|Gender[psor]=Masc,Neut|Number=Plur|Number[psor]=Sing|POS=DET|Person=3|Poss=Yes|PronType=Prs",
      "Case=Nom|Gender=Masc|Number=Sing|POS=DET|PronType=Ind",
      "Case=Loc|Gender=Masc|Number=Sing|Number[psor]=Plur|POS=DET|Person=1|Poss=Yes|PronType=Prs",
      "Case=Nom|Gender=Masc|Number=Plur|POS=DET|Poss=Yes|PronType=Int,Rel",
      "Case=Acc|Gender=Neut|Number=Sing|POS=PRON|Person=3|PronType=Prs",
      "Case=Acc|Definite=Def|Degree=Pos|Gender=Neut|Number=Sing|POS=ADJ|Poss=Yes",
      "Case=Ins|Degree=Pos|Gender=Masc|Number=Plur|POS=ADJ",
      "Case=Loc|Gender=Fem|Number=Plur|POS=DET|Poss=Yes|PronType=Prs|Reflex=Yes",
      "Case=Loc|Definite=Def|Degree=Pos|Gender=Fem|Number=Plur|POS=ADJ|Poss=Yes",
      "Case=Loc|Gender=Neut|Gender[psor]=Masc,Neut|Number=Sing|Number[psor]=Sing|POS=DET|Person=3|Poss=Yes|PronType=Prs",
      "Case=Gen|Gender=Masc|NumType=Card|Number=Plur|POS=NUM",
      "Case=Ins|Gender=Masc|Number=Plur|POS=DET|PronType=Dem",
      "Case=Ins|Gender=Neut|Number=Sing|POS=PRON|Person=3|PronType=Prs",
      "Case=Acc|Gender=Masc|NumType=Mult|POS=NUM",
      "Case=Dat|Degree=Pos|Gender=Masc|Number=Sing|POS=ADJ",
      "Case=Nom|Definite=Def|Degree=Sup|Gender=Fem|Number=Plur|POS=ADJ",
      "Case=Nom|Gender=Neut|Number=Sing|Number[psor]=Plur|POS=DET|Person=1|Poss=Yes|PronType=Prs",
      "Case=Ins|Gender=Fem|Number=Sing|POS=PRON|Person=3|PronType=Prs",
      "Case=Acc|Definite=Def|Degree=Sup|Gender=Neut|Number=Plur|POS=ADJ",
      "Case=Nom|Gender=Fem|Number=Plur|POS=DET|Poss=Yes|PronType=Int,Rel",
      "Mood=Imp|Number=Plur|POS=VERB|Person=1|VerbForm=Fin",
      "Case=Ins|Gender=Fem|Number=Plur|POS=DET|Poss=Yes|PronType=Prs|Reflex=Yes",
      "Case=Nom|Gender=Fem|Number=Sing|Number[psor]=Plur|POS=DET|Person=2|Poss=Yes|PronType=Prs",
      "Case=Gen|Gender=Fem|Number=Sing|Number[psor]=Plur|POS=DET|Person=2|Poss=Yes|PronType=Prs",
      "Case=Dat|Number=Plur|POS=PRON|Person=2|PronType=Prs",
      "Case=Dat|Gender=Fem|Number=Plur|POS=DET|PronType=Int,Rel",
      "Animacy=Inan|Case=Acc|Gender=Masc|Number=Sing|POS=DET|PronType=Tot",
      "Case=Gen|Gender=Neut|POS=PRON|PronType=Int,Rel",
      "Case=Dat|Degree=Pos|Gender=Fem|Number=Plur|POS=ADJ",
      "Case=Gen|Definite=Def|Degree=Cmp|Gender=Fem|Number=Plur|POS=ADJ",
      "Case=Acc|Definite=Def|Degree=Pos|Gender=Neut|Number=Plur|POS=ADJ|Poss=Yes",
      "Case=Dat|Definite=Def|Degree=Sup|Gender=Masc|Number=Sing|POS=ADJ",
      "Case=Nom|Gender=Masc|NumType=Mult|Number=Plur|POS=NUM",
      "Case=Loc|Gender=Fem|NumType=Card|Number=Sing|POS=NUM",
      "Case=Nom|Definite=Def|Degree=Sup|Gender=Neut|Number=Sing|POS=ADJ",
      "Case=Acc|Number=Plur|POS=PRON|Person=2|PronType=Prs",
      "Case=Gen|Number=Plur|POS=PRON|Person=1|PronType=Prs",
      "Case=Ins|Gender=Neut|Gender[psor]=Fem|Number=Sing|Number[psor]=Sing|POS=DET|Person=3|Poss=Yes|PronType=Prs",
      "Case=Acc|Gender=Neut|NumType=Card|Number=Sing|POS=NUM",
      "Case=Loc|Gender=Masc|Number=Sing|POS=DET|PronType=Tot",
      "Case=Nom|Gender=Neut|POS=PRON|PronType=Ind",
      "Case=Loc|Gender=Fem|Gender[psor]=Fem|Number=Plur|Number[psor]=Sing|POS=DET|Person=3|Poss=Yes|PronType=Prs",
      "Case=Ins|Degree=Pos|Gender=Masc|Number=Sing|POS=ADJ",
      "Case=Dat|Gender=Masc|Number=Sing|Number[psor]=Plur|POS=DET|Person=1|Poss=Yes|PronType=Prs",
      "Case=Nom|Gender=Fem|Gender[psor]=Fem|Number=Plur|Number[psor]=Sing|POS=DET|Person=3|Poss=Yes|PronType=Prs",
      "Case=Loc|NumType=Card|Number=Plur|POS=NUM",
      "Case=Loc|Gender=Neut|Number=Sing|POS=DET|Poss=Yes|PronType=Prs|Reflex=Yes",
      "Case=Ins|Definite=Def|Degree=Cmp|Gender=Masc|Number=Sing|POS=ADJ",
      "Mood=Imp|Number=Sing|POS=VERB|Person=2|VerbForm=Fin",
      "Case=Ins|Gender=Fem|Gender[psor]=Fem|Number=Sing|Number[psor]=Sing|POS=DET|Person=3|Poss=Yes|PronType=Prs",
      "Case=Nom|Gender=Neut|Number=Plur|POS=DET|PronType=Ind",
      "Case=Acc|Gender=Neut|Number=Plur|POS=DET|Poss=Yes|PronType=Prs|Reflex=Yes",
      "Case=Dat|Definite=Def|Degree=Pos|Gender=Fem|Number=Plur|POS=ADJ|VerbForm=Part|Voice=Pass",
      "Case=Gen|Gender=Masc|Number=Plur|Number[psor]=Plur|POS=DET|Person=3|Poss=Yes|PronType=Prs",
      "Case=Acc|Definite=Def|Degree=Sup|Gender=Neut|Number=Sing|POS=ADJ",
      "Case=Loc|Gender=Neut|Number=Sing|POS=DET|Poss=Yes|PronType=Int,Rel",
      "Case=Loc|Gender=Neut|POS=PRON|PronType=Ind",
      "Case=Acc|Gender=Masc|Number=Plur|POS=DET|PronType=Neg",
      "Case=Loc|Gender=Neut|Number=Plur|POS=DET|PronType=Ind",
      "POS=PROPN",
      "Case=Loc|Definite=Def|Degree=Pos|Gender=Masc|Number=Sing|POS=ADJ|Poss=Yes",
      "Case=Ins|Gender=Fem|Number=Sing|Number[psor]=Plur|POS=DET|Person=3|Poss=Yes|PronType=Prs",
      "Case=Nom|Definite=Def|Degree=Cmp|Gender=Neut|Number=Plur|POS=ADJ",
      "Case=Loc|Gender=Fem|NumType=Mult|POS=NUM",
      "Case=Gen|Gender=Fem|Gender[psor]=Fem|Number=Sing|Number[psor]=Sing|POS=DET|Person=3|Poss=Yes|PronType=Prs",
      "Case=Dat|Gender=Masc|Number=Sing|POS=DET|Poss=Yes|PronType=Prs|Reflex=Yes",
      "Case=Dat|Gender=Fem|Number=Sing|POS=DET|Poss=Yes|PronType=Prs|Reflex=Yes",
      "Case=Gen|Gender=Masc|POS=PRON|PronType=Ind",
      "Case=Acc|Gender=Masc|POS=PRON|PronType=Neg",
      "Case=Acc|Gender=Neut|Gender[psor]=Masc,Neut|Number=Sing|Number[psor]=Sing|POS=DET|Person=3|Poss=Yes|PronType=Prs",
      "Animacy=Inan|Case=Acc|Gender=Masc|Number=Sing|Number[psor]=Plur|POS=DET|Person=1|Poss=Yes|PronType=Prs",
      "Case=Loc|Definite=Def|Degree=Pos|Gender=Masc|Number=Plur|POS=ADJ|VerbForm=Part|Voice=Pass",
      "Case=Acc|Gender=Neut|Gender[psor]=Fem|Number=Plur|Number[psor]=Sing|POS=DET|Person=3|Poss=Yes|PronType=Prs",
      "Case=Gen|Gender=Neut|Number=Plur|POS=PROPN",
      "Case=Nom|Gender=Fem|Number=Plur|POS=DET|Poss=Yes|PronType=Prs|Reflex=Yes",
      "Case=Loc|Gender=Fem|Number=Sing|Number[psor]=Plur|POS=DET|Person=1|Poss=Yes|PronType=Prs",
      "Case=Acc|Definite=Def|Degree=Pos|Gender=Neut|Number=Sing|POS=ADJ|VerbForm=Part|Voice=Pass",
      "Case=Acc|Gender=Fem|Number=Sing|POS=DET|PronType=Neg",
      "Case=Loc|Gender=Fem|Number=Sing|POS=DET|PronType=Tot",
      "Case=Loc|Definite=Def|Degree=Sup|Gender=Neut|Number=Plur|POS=ADJ",
      "Case=Loc|Gender=Masc|Number=Plur|POS=PROPN",
      "Case=Acc|Gender=Fem|Number=Plur|POS=DET|PronType=Tot",
      "Case=Dat|Gender=Neut|Number=Plur|POS=DET|PronType=Int,Rel",
      "Case=Ins|Number=Plur|POS=PRON|Person=1|PronType=Prs",
      "Case=Dat|Definite=Def|Degree=Cmp|Gender=Neut|Number=Sing|POS=ADJ",
      "Case=Acc|Gender=Neut|Number=Sing|POS=DET|PronType=Ind",
      "Case=Loc|Gender=Masc|Number=Sing|Number[psor]=Plur|POS=DET|Person=3|Poss=Yes|PronType=Prs",
      "Mood=Cnd|Number=Plur|POS=AUX|Person=2|Tense=Past|VerbForm=Fin",
      "Case=Dat|Gender=Masc|POS=PRON|PronType=Int,Rel",
      "Case=Ins|Gender=Masc|Number=Sing|Number[psor]=Plur|POS=DET|Person=3|Poss=Yes|PronType=Prs",
      "Case=Gen|Gender=Fem|Number=Sing|POS=DET|Poss=Yes|PronType=Tot",
      "Case=Loc|Definite=Def|Degree=Pos|Gender=Masc|Number=Plur|POS=ADJ|Poss=Yes",
      "Case=Ins|Degree=Pos|Gender=Fem|Number=Sing|POS=ADJ",
      "Case=Loc|Definite=Ind|Degree=Pos|Gender=Neut|Number=Sing|POS=ADJ",
      "Case=Dat|Gender=Masc|Number=Plur|POS=DET|PronType=Ind",
      "Case=Nom|Gender=Neut|Number=Sing|POS=DET|PronType=Ind",
      "Case=Loc|Definite=Def|Degree=Cmp|Gender=Fem|Number=Plur|POS=ADJ",
      "Case=Gen|Degree=Pos|Gender=Neut|Number=Sing|POS=ADJ",
      "Case=Dat|Definite=Def|Degree=Sup|Gender=Neut|Number=Sing|POS=ADJ",
      "Case=Nom|Gender=Fem|Number=Sing|POS=DET|PronType=Ind",
      "Case=Nom|Definite=Def|Degree=Pos|Gender=Neut|Number=Plur|POS=ADJ|Poss=Yes",
      "Case=Ins|Definite=Ind|Degree=Pos|Gender=Fem|Number=Sing|POS=ADJ",
      "Case=Acc|Gender=Fem|Number=Sing|Number[psor]=Plur|POS=DET|Person=1|Poss=Yes|PronType=Prs",
      "POS=INTJ",
      "Case=Nom|Gender=Masc|Number=Sing|Number[psor]=Plur|POS=DET|Person=2|Poss=Yes|PronType=Prs",
      "Case=Gen|Gender=Masc|Number=Plur|Number[psor]=Plur|POS=DET|Person=1|Poss=Yes|PronType=Prs",
      "POS=PART|Polarity=Pos",
      "Case=Acc|Gender=Neut|POS=PRON|PronType=Tot",
      "Mood=Ind|Number=Sing|POS=VERB|Person=2|Tense=Pres|VerbForm=Fin",
      "Case=Dat|Number=Sing|POS=PRON|Person=2|PronType=Prs",
      "Animacy=Anim|Case=Acc|Gender=Masc|Number=Sing|POS=DET|PronType=Dem",
      "Case=Ins|Gender=Masc|Number=Sing|Number[psor]=Plur|POS=DET|Person=1|Poss=Yes|PronType=Prs",
      "Case=Nom|Gender=Fem|Number=Sing|POS=DET|PronType=Neg",
      "Case=Loc|Gender=Masc|Gender[psor]=Fem|Number=Sing|Number[psor]=Sing|POS=DET|Person=3|Poss=Yes|PronType=Prs",
      "Case=Gen|Gender=Masc|Number=Sing|Number[psor]=Sing|POS=DET|Person=1|Poss=Yes|PronType=Prs",
      "Case=Gen|Gender=Masc|Number=Sing|Number[psor]=Plur|POS=DET|Person=1|Poss=Yes|PronType=Prs",
      "Case=Nom|Gender=Neut|Number=Plur|Number[psor]=Plur|POS=DET|Person=2|Poss=Yes|PronType=Prs",
      "Case=Dat|Definite=Def|Degree=Cmp|Gender=Fem|Number=Plur|POS=ADJ",
      "Case=Loc|Gender=Neut|Number=Sing|Number[psor]=Plur|POS=DET|Person=1|Poss=Yes|PronType=Prs",
      "Case=Acc|Gender=Fem|Gender[psor]=Masc,Neut|Number=Plur|Number[psor]=Sing|POS=DET|Person=3|Poss=Yes|PronType=Prs",
      "Animacy=Anim|Case=Acc|Definite=Ind|Degree=Pos|Gender=Masc|Number=Sing|POS=ADJ",
      "Case=Gen|Gender=Masc|Number=Plur|POS=DET|PronType=Tot",
      "Case=Dat|Definite=Def|Degree=Cmp|Gender=Neut|Number=Plur|POS=ADJ",
      "Case=Nom|Gender=Neut|Gender[psor]=Masc,Neut|Number=Plur|Number[psor]=Sing|POS=DET|Person=3|Poss=Yes|PronType=Prs",
      "Case=Nom|Gender=Neut|Gender[psor]=Fem|Number=Sing|Number[psor]=Sing|POS=DET|Person=3|Poss=Yes|PronType=Prs",
      "Animacy=Inan|Case=Acc|Gender=Masc|Number=Sing|POS=DET|PronType=Neg",
      "Case=Ins|Gender=Masc|POS=PRON|PronType=Int,Rel",
      "Case=Ins|Gender=Masc|Gender[psor]=Fem|Number=Sing|Number[psor]=Sing|POS=DET|Person=3|Poss=Yes|PronType=Prs",
      "Case=Gen|Gender=Masc|POS=PRON|PronType=Int,Rel",
      "Case=Ins|Gender=Neut|Number=Sing|POS=DET|Poss=Yes|PronType=Prs|Reflex=Yes",
      "Case=Acc|Gender=Masc|Number=Plur|Number[psor]=Plur|POS=DET|Person=1|Poss=Yes|PronType=Prs",
      "Case=Loc|Gender=Masc|Number=Plur|POS=DET|Poss=Yes|PronType=Int,Rel",
      "Case=Loc|Gender=Masc|NumType=Card|Number=Plur|POS=NUM",
      "Case=Nom|Gender=Neut|NumType=Mult|POS=NUM",
      "Case=Dat|Gender=Neut|Number=Plur|POS=DET|PronType=Ind",
      "Case=Acc|Number=Sing|POS=PRON|Person=2|PronType=Prs",
      "Case=Gen|Gender=Neut|POS=PRON|PronType=Ind",
      "Case=Gen|Gender=Neut|Number=Sing|POS=DET|PronType=Ind",
      "Case=Acc|Gender=Neut|Number=Sing|POS=DET|Poss=Yes|PronType=Ind",
      "Case=Ins|Gender=Neut|Number=Plur|POS=DET|PronType=Tot",
      "Case=Nom|Gender=Neut|Gender[psor]=Masc,Neut|Number=Sing|Number[psor]=Sing|POS=DET|Person=3|Poss=Yes|PronType=Prs",
      "Mood=Ind|Number=Sing|POS=AUX|Person=2|Tense=Pres|VerbForm=Fin",
      "Case=Voc|Gender=Neut|Number=Sing|POS=NOUN",
      "Case=Gen|Number=Sing|POS=PRON|Person=1|PronType=Prs",
      "Animacy=Anim|Case=Acc|Definite=Def|Degree=Pos|Gender=Masc|Number=Sing|POS=ADJ|Poss=Yes",
      "Case=Voc|Gender=Fem|Number=Sing|POS=NOUN",
      "Case=Acc|Gender=Fem|Gender[psor]=Fem|Number=Plur|Number[psor]=Sing|POS=DET|Person=3|Poss=Yes|PronType=Prs",
      "Case=Ins|Gender=Neut|Gender[psor]=Masc,Neut|Number=Sing|Number[psor]=Sing|POS=DET|Person=3|Poss=Yes|PronType=Prs",
      "Case=Ins|Gender=Masc|Gender[psor]=Fem|Number=Plur|Number[psor]=Sing|POS=DET|Person=3|Poss=Yes|PronType=Prs",
      "Case=Loc|Gender=Fem|Number=Plur|Number[psor]=Sing|POS=DET|Person=1|Poss=Yes|PronType=Prs",
      "Case=Ins|Gender=Masc|Number=Plur|Number[psor]=Sing|POS=DET|Person=1|Poss=Yes|PronType=Prs",
      "Case=Nom|Gender=Fem|Number=Plur|Number[psor]=Plur|POS=DET|Person=3|Poss=Yes|PronType=Prs",
      "Case=Nom|Gender=Neut|Number=Sing|POS=DET|PronType=Neg",
      "Case=Voc|Gender=Fem|Number=Plur|POS=NOUN",
      "Case=Acc|Gender=Fem|Number=Plur|Number[psor]=Plur|POS=DET|Person=1|Poss=Yes|PronType=Prs",
      "Case=Ins|Gender=Masc|Number=Plur|Number[psor]=Plur|POS=DET|Person=1|Poss=Yes|PronType=Prs",
      "Case=Ins|Gender=Neut|Number=Sing|POS=DET|PronType=Tot",
      "Case=Loc|Gender=Masc|Number=Sing|Number[psor]=Plur|POS=DET|Person=2|Poss=Yes|PronType=Prs",
      "Case=Ins|Gender=Fem|Gender[psor]=Masc,Neut|Number=Sing|Number[psor]=Sing|POS=DET|Person=3|Poss=Yes|PronType=Prs",
      "Case=Ins|Gender=Neut|Number=Sing|POS=DET|Poss=Yes|PronType=Int,Rel",
      "Case=Ins|Gender=Masc|Number=Plur|POS=DET|PronType=Ind",
      "Case=Gen|Gender=Fem|Number=Plur|POS=DET|PronType=Ind",
      "Case=Ins|Gender=Fem|Number=Sing|Number[psor]=Plur|POS=DET|Person=1|Poss=Yes|PronType=Prs",
      "Case=Acc|Definite=Def|Degree=Sup|Gender=Fem|Number=Plur|POS=ADJ",
      "Case=Acc|Gender=Fem|Number=Plur|POS=PROPN",
      "Case=Gen|Definite=Ind|Degree=Pos|Gender=Neut|Number=Sing|POS=ADJ|Poss=Yes",
      "Case=Loc|Gender=Fem|Number=Sing|POS=DET|Poss=Yes|PronType=Int,Rel",
      "Case=Gen|Gender=Neut|POS=PRON|PronType=Neg",
      "Case=Nom|Gender=Fem|Number=Plur|POS=DET|PronType=Neg",
      "Case=Dat|Definite=Ind|Degree=Pos|Gender=Masc|Number=Sing|POS=ADJ|Poss=Yes",
      "Case=Dat|Gender=Neut|Number=Plur|POS=DET|Poss=Yes|PronType=Prs|Reflex=Yes",
      "Case=Acc|Gender=Masc|Number=Plur|Number[psor]=Plur|POS=DET|Person=3|Poss=Yes|PronType=Prs",
      "Case=Loc|Gender=Masc|Number=Sing|POS=DET|Poss=Yes|PronType=Int,Rel",
      "Case=Loc|Definite=Ind|Degree=Pos|Gender=Masc|Number=Sing|POS=ADJ|Poss=Yes",
      "Case=Loc|Gender=Fem|Number=Plur|Number[psor]=Plur|POS=DET|Person=1|Poss=Yes|PronType=Prs",
      "Case=Dat|Definite=Def|Degree=Sup|Gender=Fem|Number=Sing|POS=ADJ",
      "Case=Acc|Definite=Def|Degree=Pos|Gender=Neut|Number=Plur|POS=ADJ|VerbForm=Part|Voice=Pass",
      "Case=Dat|Gender=Fem|Number=Sing|POS=DET|PronType=Ind",
      "POS=ADV",
      "Case=Loc|Definite=Def|Degree=Pos|Gender=Fem|Number=Sing|POS=ADJ|Poss=Yes",
      "Case=Dat|Gender=Neut|POS=PRON|PronType=Int,Rel",
      "Case=Acc|Definite=Def|Degree=Cmp|Gender=Masc|Number=Sing|POS=ADJ",
      "Case=Gen|Gender=Fem|Number=Sing|POS=DET|PronType=Neg",
      "Case=Loc|Number=Sing|POS=PRON|Person=2|PronType=Prs",
      "Case=Nom|Number=Sing|POS=PRON|Person=2|PronType=Prs",
      "Case=Ins|Definite=Def|Degree=Pos|Gender=Fem|Number=Plur|POS=ADJ|Poss=Yes",
      "Case=Voc|Definite=Def|Degree=Pos|Gender=Masc|Number=Sing|POS=ADJ",
      "Case=Nom|Gender=Fem|Number=Plur|Number[psor]=Sing|POS=DET|Person=2|Poss=Yes|PronType=Prs",
      "Animacy=Anim|Case=Acc|Gender=Masc|Number=Sing|Number[psor]=Sing|POS=DET|Person=1|Poss=Yes|PronType=Prs",
      "Case=Dat|Gender=Neut|Number=Sing|POS=DET|PronType=Tot",
      "Case=Acc|Definite=Def|Degree=Pos|Gender=Masc|Number=Sing|POS=ADJ",
      "Animacy=Anim|Case=Acc|Gender=Masc|Number=Sing|Number[psor]=Plur|POS=DET|Person=1|Poss=Yes|PronType=Prs",
      "Case=Nom|Gender=Fem|Number=Plur|Number[psor]=Sing|POS=DET|Person=1|Poss=Yes|PronType=Prs",
      "Mood=Ind|Number=Sing|POS=AUX|Person=3|Tense=Imp|VerbForm=Fin",
      "Case=Gen|Definite=Ind|Degree=Pos|Gender=Masc|Number=Sing|POS=ADJ|VerbForm=Part|Voice=Pass",
      "Mood=Ind|Number=Sing|POS=AUX|Person=2|Polarity=Neg|Tense=Pres|VerbForm=Fin",
      "Case=Dat|Gender=Masc|Gender[psor]=Masc,Neut|Number=Sing|Number[psor]=Sing|POS=DET|Person=3|Poss=Yes|PronType=Prs",
      "Case=Dat|Degree=Pos|Gender=Neut|Number=Sing|POS=ADJ",
      "Case=Loc|Definite=Def|Degree=Sup|Gender=Fem|Number=Plur|POS=ADJ",
      "Case=Ins|Gender=Masc|Number=Sing|POS=DET|PronType=Tot",
      "Case=Loc|Gender=Masc|NumType=Mult|POS=NUM",
      "Case=Nom|Gender=Masc|Number=Plur|Number[psor]=Sing|POS=DET|Person=2|Poss=Yes|PronType=Prs",
      "Case=Voc|Gender=Masc|Number=Sing|Number[psor]=Sing|POS=DET|Person=1|Poss=Yes|PronType=Prs",
      "Case=Voc|Gender=Masc|Number=Sing|POS=PROPN",
      "Case=Acc|Gender=Fem|Number=Plur|Number[psor]=Plur|POS=DET|Person=2|Poss=Yes|PronType=Prs",
      "Case=Loc|Gender=Fem|Number=Plur|Number[psor]=Plur|POS=DET|Person=2|Poss=Yes|PronType=Prs",
      "Case=Nom|Gender=Neut|Number=Plur|POS=PROPN",
      "Animacy=Inan|Case=Acc|Gender=Masc|Number=Sing|Number[psor]=Plur|POS=DET|Person=2|Poss=Yes|PronType=Prs",
      "Case=Loc|Gender=Neut|Number=Sing|POS=DET|PronType=Ind",
      "Case=Voc|Definite=Def|Degree=Pos|Gender=Fem|Number=Sing|POS=ADJ",
      "Case=Voc|Gender=Fem|Number=Sing|Number[psor]=Sing|POS=DET|Person=1|Poss=Yes|PronType=Prs",
      "Case=Dat|Definite=Def|Degree=Pos|Gender=Neut|Number=Plur|POS=ADJ|VerbForm=Part|Voice=Pass",
      "Case=Gen|Number=Sing|POS=PRON|Person=2|PronType=Prs",
      "Case=Ins|Gender=Masc|Number=Sing|Number[psor]=Plur|POS=DET|Person=2|Poss=Yes|PronType=Prs",
      "Case=Nom|Gender=Masc|NumType=Mult|POS=NUM",
      "Case=Nom|Degree=Pos|Gender=Neut|Number=Plur|POS=ADJ",
      "Case=Nom|Gender=Neut|Number=Sing|Number[psor]=Sing|POS=DET|Person=1|Poss=Yes|PronType=Prs",
      "Case=Acc|Definite=Ind|Degree=Pos|Gender=Masc|Number=Sing|POS=ADJ",
      "Case=Ins|Gender=Neut|Number=Sing|Number[psor]=Plur|POS=DET|Person=2|Poss=Yes|PronType=Prs",
      "Case=Gen|Gender=Masc|Number=Plur|Number[psor]=Plur|POS=DET|Person=2|Poss=Yes|PronType=Prs",
      "Case=Gen|Gender=Fem|Number=Plur|POS=DET|PronType=Tot",
      "Case=Ins|Definite=Def|Degree=Sup|Gender=Neut|Number=Sing|POS=ADJ",
      "Animacy=Anim|Case=Acc|Definite=Ind|Degree=Sup|Gender=Masc|Number=Sing|POS=ADJ",
      "Case=Loc|Definite=Ind|Degree=Pos|Gender=Masc|Number=Sing|POS=ADJ",
      "Case=Nom|Gender=Masc|Number=Sing|POS=DET|Poss=Yes|PronType=Ind",
      "Case=Voc|Gender=Masc|Number=Plur|POS=NOUN",
      "Case=Ins|Gender=Neut|Number=Sing|POS=DET|PronType=Ind",
      "Case=Ins|Number=Sing|POS=PRON|Person=1|PronType=Prs",
      "Case=Gen|Gender=Masc|Number=Plur|POS=DET|PronType=Neg",
      "Case=Acc|Gender=Masc|Number=Plur|Number[psor]=Sing|POS=DET|Person=1|Poss=Yes|PronType=Prs",
      "Case=Ins|Gender=Fem|Number=Sing|POS=DET|PronType=Tot",
      "Animacy=Anim|Case=Acc|Definite=Ind|Degree=Pos|Gender=Masc|Number=Sing|POS=ADJ|VerbForm=Part|Voice=Pass",
      "Case=Dat|Gender=Fem|NumType=Card|Number=Plur|POS=NUM",
      "Case=Dat|Definite=Def|Degree=Sup|Gender=Fem|Number=Plur|POS=ADJ",
      "Case=Acc|Gender=Masc|Number=Plur|Number[psor]=Plur|POS=DET|Person=2|Poss=Yes|PronType=Prs",
      "Case=Ins|Gender=Neut|Number=Plur|POS=DET|Poss=Yes|PronType=Prs|Reflex=Yes",
      "Case=Dat|Gender=Masc|Number=Sing|Number[psor]=Plur|POS=DET|Person=2|Poss=Yes|PronType=Prs",
      "Case=Dat|Gender=Neut|POS=PRON|PronType=Ind",
      "Case=Gen|Definite=Def|Degree=Cmp|Gender=Neut|Number=Plur|POS=ADJ",
      "Case=Dat|Gender=Masc|Number=Sing|POS=DET|PronType=Tot",
      "Animacy=Inan|Case=Acc|Gender=Masc|Number=Sing|POS=DET|Poss=Yes|PronType=Int,Rel",
      "Animacy=Anim|Case=Acc|Definite=Ind|Degree=Cmp|Gender=Masc|Number=Sing|POS=ADJ",
      "Mood=Imp|Number=Plur|POS=AUX|Person=2|VerbForm=Fin",
      "Case=Gen|Gender=Fem|Number=Plur|Number[psor]=Sing|POS=DET|Person=1|Poss=Yes|PronType=Prs",
      "Case=Acc|Gender=Neut|Number=Sing|Number[psor]=Plur|POS=DET|Person=1|Poss=Yes|PronType=Prs",
      "Case=Acc|Definite=Def|Degree=Cmp|Gender=Neut|Number=Plur|POS=ADJ",
      "Case=Acc|Gender=Neut|Number=Sing|POS=DET|PronType=Neg",
      "Case=Loc|Gender=Neut|POS=PRON|PronType=Tot",
      "Case=Acc|Gender=Fem|Number=Sing|POS=DET|Poss=Yes|PronType=Neg",
      "Case=Loc|Number=Sing|POS=PRON|Person=1|PronType=Prs",
      "Case=Nom|Gender=Masc|Number=Sing|Number[psor]=Sing|POS=DET|Person=2|Poss=Yes|PronType=Prs",
      "Case=Gen|Gender=Neut|Number=Sing|Number[psor]=Plur|POS=DET|Person=2|Poss=Yes|PronType=Prs",
      "Case=Gen|Definite=Def|Degree=Sup|Gender=Neut|Number=Sing|POS=ADJ",
      "Case=Loc|Definite=Ind|Degree=Pos|Gender=Neut|Number=Sing|POS=ADJ|Poss=Yes",
      "Case=Loc|Number=Plur|POS=PRON|Person=2|PronType=Prs",
      "Case=Gen|Gender=Neut|Number=Sing|Number[psor]=Sing|POS=DET|Person=1|Poss=Yes|PronType=Prs"
    ],
    "parser": [
      "ROOT",
      "acl",
      "advcl",
      "advmod",
      "advmod:emph",
      "amod",
      "appos",
      "aux",
      "aux:pass",
      "case",
      "cc",
      "ccomp",
      "compound",
      "conj",
      "cop",
      "csubj",
      "csubj:pass",
      "dep",
      "det",
      "discourse",
      "expl:pv",
      "fixed",
      "flat",
      "flat:foreign",
      "goeswith",
      "iobj",
      "mark",
      "nmod",
      "nsubj",
      "nsubj:pass",
      "nummod",
      "obj",
      "obl",
      "orphan",
      "parataxis",
      "punct",
      "xcomp"
    ],
    "attribute_ruler": [],
    "ner": [
      "DERIV_PER",
      "LOC",
      "MISC",
      "ORG",
      "PER"
    ]
  },
  "pipeline": [
    "tok2vec",
    "tagger",
    "morphologizer",
    "parser",
    "lemmatizer",
    "attribute_ruler",
    "ner"
  ],
  "components": [
    "tok2vec",
    "tagger",
    "morphologizer",
    "parser",
    "lemmatizer",
    "senter",
    "attribute_ruler",
    "ner"
  ],
  "disabled": [
    "senter"
  ],
  "performance": {
    "token_acc": 0.9994249569,
    "token_p": 0.9727969349,
    "token_r": 0.9870598689,
    "token_f": 0.9798765024,
    "tag_acc": 0.9010995113,
    "pos_acc": 0.9664962774,
    "morph_acc": 0.9082224876,
    "morph_micro_p": 0.9482693597,
    "morph_micro_r": 0.9431512701,
    "morph_micro_f": 0.9457033903,
    "morph_per_feat": {
      "Case": {
        "p": 0.9151417465,
        "r": 0.912891327,
        "f": 0.9140151515
      },
      "Gender": {
        "p": 0.9411377114,
        "r": 0.9390751698,
        "f": 0.9401053093
      },
      "Number": {
        "p": 0.9582948884,
        "r": 0.9555616892,
        "f": 0.9569263371
      },
      "Mood": {
        "p": 0.976945245,
        "r": 0.97582038,
        "f": 0.9763824885
      },
      "Person": {
        "p": 0.9779147406,
        "r": 0.9714285714,
        "f": 0.9746608651
      },
      "Tense": {
        "p": 0.9789296249,
        "r": 0.9801687764,
        "f": 0.9795488088
      },
      "VerbForm": {
        "p": 0.9686639118,
        "r": 0.9656711294,
        "f": 0.9671652054
      },
      "Definite": {
        "p": 0.9547073791,
        "r": 0.9365951073,
        "f": 0.9455645161
      },
      "Degree": {
        "p": 0.9628024558,
        "r": 0.9548710602,
        "f": 0.9588203561
      },
      "PronType": {
        "p": 0.9832073887,
        "r": 0.9742096506,
        "f": 0.9786878395
      },
      "Reflex": {
        "p": 0.9900990099,
        "r": 1.0,
        "f": 0.9950248756
      },
      "Animacy": {
        "p": 0.8333333333,
        "r": 0.7326732673,
        "f": 0.779768177
      },
      "Polarity": {
        "p": 0.992481203,
        "r": 0.992481203,
        "f": 0.992481203
      },
      "Voice": {
        "p": 0.9459459459,
        "r": 0.9375,
        "f": 0.9417040359
      },
      "Poss": {
        "p": 0.9508196721,
        "r": 0.8446601942,
        "f": 0.8946015424
      },
      "NumType": {
        "p": 0.9530864198,
        "r": 0.965,
        "f": 0.9590062112
      },
      "Gender[psor]": {
        "p": 0.9666666667,
        "r": 0.9666666667,
        "f": 0.9666666667
      },
      "Number[psor]": {
        "p": 0.9871794872,
        "r": 0.9166666667,
        "f": 0.950617284
      }
    },
    "sents_p": 0.9423076923,
    "sents_r": 0.9400479616,
    "sents_f": 0.9411764706,
    "dep_uas": 0.8468673822,
    "dep_las": 0.7749240891,
    "dep_las_per_type": {
      "discourse": {
        "p": 0.5617283951,
        "r": 0.5055555556,
        "f": 0.5321637427
      },
      "case": {
        "p": 0.9401805869,
        "r": 0.9439093484,
        "f": 0.9420412779
      },
      "obl": {
        "p": 0.7178349601,
        "r": 0.7191111111,
        "f": 0.7184724689
      },
      "nsubj": {
        "p": 0.771123872,
        "r": 0.7755775578,
        "f": 0.7733443028
      },
      "root": {
        "p": 0.8689903846,
        "r": 0.8669064748,
        "f": 0.8679471789
      },
      "mark": {
        "p": 0.8403361345,
        "r": 0.8547008547,
        "f": 0.8474576271
      },
      "cop": {
        "p": 0.6308139535,
        "r": 0.6910828025,
        "f": 0.6595744681
      },
      "amod": {
        "p": 0.8869720405,
        "r": 0.893349311,
        "f": 0.8901492537
      },
      "expl:pv": {
        "p": 0.7233009709,
        "r": 0.8465909091,
        "f": 0.780104712
      },
      "acl": {
        "p": 0.6479750779,
        "r": 0.5994236311,
        "f": 0.622754491
      },
      "ccomp": {
        "p": 0.7692307692,
        "r": 0.8333333333,
        "f": 0.8
      },
      "cc": {
        "p": 0.8035190616,
        "r": 0.8340943683,
        "f": 0.8185212845
      },
      "advmod": {
        "p": 0.7285513361,
        "r": 0.7410586552,
        "f": 0.734751773
      },
      "conj": {
        "p": 0.5658362989,
        "r": 0.5910780669,
        "f": 0.5781818182
      },
      "advcl": {
        "p": 0.4339622642,
        "r": 0.4156626506,
        "f": 0.4246153846
      },
      "obj": {
        "p": 0.7556109726,
        "r": 0.7283653846,
        "f": 0.7417380661
      },
      "aux": {
        "p": 0.9164179104,
        "r": 0.8924418605,
        "f": 0.9042709867
      },
      "parataxis": {
        "p": 0.5329949239,
        "r": 0.5,
        "f": 0.515970516
      },
      "nmod": {
        "p": 0.755,
        "r": 0.7901162791,
        "f": 0.7721590909
      },
      "det": {
        "p": 0.8699690402,
        "r": 0.8289085546,
        "f": 0.8489425982
      },
      "advmod:emph": {
        "p": 0.0,
        "r": 0.0,
        "f": 0.0
      },
      "nsubj:pass": {
        "p": 0.3684210526,
        "r": 0.35,
        "f": 0.358974359
      },
      "appos": {
        "p": 0.6097560976,
        "r": 0.572519084,
        "f": 0.5905511811
      },
      "nummod": {
        "p": 0.8063380282,
        "r": 0.8035087719,
        "f": 0.8049209139
      },
      "aux:pass": {
        "p": 0.6022727273,
        "r": 0.630952381,
        "f": 0.6162790698
      },
      "flat": {
        "p": 0.7336244541,
        "r": 0.8115942029,
        "f": 0.7706422018
      },
      "compound": {
        "p": 0.479338843,
        "r": 0.3052631579,
        "f": 0.3729903537
      },
      "iobj": {
        "p": 0.425,
        "r": 0.2786885246,
        "f": 0.3366336634
      },
      "xcomp": {
        "p": 0.8076923077,
        "r": 0.8171206226,
        "f": 0.8123791103
      },
      "csubj": {
        "p": 0.5384615385,
        "r": 0.5185185185,
        "f": 0.5283018868
      },
      "goeswith": {
        "p": 0.0,
        "r": 0.0,
        "f": 0.0
      },
      "fixed": {
        "p": 0.5098039216,
        "r": 0.4905660377,
        "f": 0.5
      },
      "dep": {
        "p": 0.0,
        "r": 0.0,
        "f": 0.0
      },
      "csubj:pass": {
        "p": 1.0,
        "r": 0.25,
        "f": 0.4
      },
      "orphan": {
        "p": 0.3,
        "r": 0.1578947368,
        "f": 0.2068965517
      },
      "expl": {
        "p": 0.0,
        "r": 0.0,
        "f": 0.0
      },
      "flat:foreign": {
        "p": 0.6666666667,
        "r": 0.4,
        "f": 0.5
      },
      "list": {
        "p": 0.0,
        "r": 0.0,
        "f": 0.0
      },
      "vocative": {
        "p": 0.0,
        "r": 0.0,
        "f": 0.0
      }
    },
    "lemma_acc": 0.9187698249,
    "ents_p": 0.763016158,
    "ents_r": 0.7589285714,
    "ents_f": 0.7609668756,
    "ents_per_type": {
      "LOC": {
        "p": 0.8368421053,
        "r": 0.848,
        "f": 0.842384106
      },
      "DERIV_PER": {
        "p": 0.6153846154,
        "r": 0.4705882353,
        "f": 0.5333333333
      },
      "ORG": {
        "p": 0.6861111111,
        "r": 0.715942029,
        "f": 0.7007092199
      },
      "PER": {
        "p": 0.8184931507,
        "r": 0.8445229682,
        "f": 0.8313043478
      },
      "MISC": {
        "p": 0.5507246377,
        "r": 0.38,
        "f": 0.449704142
      }
    },
    "speed": 8900.8287549458
  },
  "sources": [
    {
      "name": "Training corpus hr500k 1.0",
      "url": "http://hdl.handle.net/11356/1183",
      "license": "CC BY-SA 4.0",
      "author": "Ljube\u0161i\u0107, Nikola ; Agi\u0107, \u017deljko ; Klubi\u010dka, Filip ; Batanovi\u0107, Vuk and Erjavec, Toma\u017e"
    }
  ],
  "requirements": [],
  "size": "12 MB",
  "checksum": "19854a1521cd87aa81f7fb2501cf2161c70d5790e80db1d85415cd10e2126eff",
  "checksum_whl": "507189b82da89ae8314d0bd7cc27cda45690aed0163cfdc41347cec52e084b3c"
}