{
  "lang": "it",
  "name": "core_news_md",
  "version": "3.2.0",
  "description": "Italian pipeline optimized for CPU. Components: tok2vec, morphologizer, tagger, parser, senter, ner, attribute_ruler, lemmatizer.",
  "author": "Explosion",
  "email": "contact@explosion.ai",
  "url": "https://explosion.ai",
  "license": "CC BY-NC-SA 3.0",
  "spacy_version": ">=3.2.0,<3.3.0",
  "spacy_git_version": "bb26550e2",
  "vectors": {
    "width": 300,
    "vectors": 20000,
    "keys": 500000,
    "name": "it_vectors"
  },
  "labels": {
    "tok2vec": [],
    "morphologizer": [
      "POS=PROPN",
      "POS=PUNCT",
      "Gender=Masc|POS=NOUN",
      "Definite=Def|Gender=Fem|Number=Sing|POS=ADP|PronType=Art",
      "Gender=Fem|Number=Sing|POS=NOUN",
      "Gender=Masc|Number=Sing|POS=ADJ",
      "Gender=Masc|Number=Sing|POS=NOUN",
      "Definite=Ind|Gender=Fem|Number=Sing|POS=DET|PronType=Art",
      "Mood=Ind|Number=Sing|POS=AUX|Person=3|Tense=Pres|VerbForm=Fin",
      "Gender=Masc|Number=Sing|POS=AUX|Tense=Past|VerbForm=Part",
      "POS=AUX|VerbForm=Inf",
      "Gender=Fem|Number=Sing|POS=VERB|Tense=Past|VerbForm=Part",
      "POS=ADP",
      "Gender=Fem|Number=Sing|POS=ADJ",
      "POS=PRON|PronType=Rel",
      "Mood=Ind|Number=Sing|POS=VERB|Person=3|Tense=Pres|VerbForm=Fin",
      "Definite=Def|Gender=Masc|Number=Plur|POS=DET|PronType=Art",
      "Gender=Masc|Number=Plur|POS=NOUN",
      "Definite=Def|Gender=Fem|Number=Sing|POS=DET|PronType=Art",
      "Gender=Masc|Number=Sing|POS=PRON|PronType=Ind",
      "Definite=Def|Gender=Masc|Number=Plur|POS=ADP|PronType=Art",
      "Number=Plur|POS=ADJ",
      "Mood=Ind|Number=Plur|POS=VERB|Person=3|Tense=Pres|VerbForm=Fin",
      "Definite=Def|Number=Sing|POS=DET|PronType=Art",
      "Mood=Ind|Number=Plur|POS=AUX|Person=3|Tense=Pres|VerbForm=Fin",
      "Gender=Masc|Number=Sing|POS=VERB|Tense=Past|VerbForm=Part",
      "POS=VERB|VerbForm=Inf",
      "Definite=Ind|Gender=Masc|Number=Sing|POS=DET|PronType=Art",
      "Number=Sing|POS=ADJ",
      "POS=CCONJ",
      "NumType=Card|POS=NUM",
      "Definite=Def|Gender=Masc|Number=Sing|POS=ADP|PronType=Art",
      "Definite=Def|Gender=Fem|Number=Plur|POS=ADP|PronType=Art",
      "Gender=Fem|Number=Plur|POS=NOUN",
      "Clitic=Yes|POS=PRON|Person=3|PronType=Prs",
      "Gender=Fem|Number=Plur|POS=ADJ",
      "Gender=Fem|Number=Plur|POS=DET|Poss=Yes|PronType=Prs",
      "Gender=Masc|Number=Plur|POS=ADJ",
      "Definite=Def|Number=Sing|POS=ADP|PronType=Art",
      "Definite=Def|Gender=Masc|Number=Sing|POS=DET|PronType=Art",
      "Gender=Masc|NumType=Ord|Number=Sing|POS=ADJ",
      "POS=ADV",
      "POS=NOUN",
      "Number=Sing|POS=NOUN",
      "POS=VERB|VerbForm=Ger",
      "Gender=Masc|Number=Sing|POS=DET|Poss=Yes|PronType=Prs",
      "POS=INTJ",
      "Clitic=Yes|Number=Sing|POS=PRON|Person=2|PronType=Prs",
      "Mood=Ind|Number=Sing|POS=AUX|Person=1|Tense=Pres|VerbForm=Fin",
      "Gender=Fem|Number=Sing|POS=AUX|Tense=Past|VerbForm=Part",
      "Definite=Def|Gender=Fem|Number=Plur|POS=DET|PronType=Art",
      "Mood=Ind|Number=Sing|POS=VERB|Person=3|Tense=Imp|VerbForm=Fin",
      "Gender=Fem|POS=NOUN",
      "Gender=Fem|Number=Plur|POS=VERB|Tense=Past|VerbForm=Part",
      "Gender=Fem|Number=Sing|POS=DET|PronType=Tot",
      "Mood=Cnd|Number=Sing|POS=AUX|Person=3|Tense=Pres|VerbForm=Fin",
      "Mood=Cnd|Number=Plur|POS=AUX|Person=3|Tense=Pres|VerbForm=Fin",
      "Gender=Masc|Number=Plur|POS=PRON|PronType=Ind",
      "Number=Plur|POS=PRON|Person=3|PronType=Prs",
      "Mood=Ind|Number=Plur|POS=AUX|Person=3|Tense=Imp|VerbForm=Fin",
      "Gender=Masc|Number=Plur|POS=VERB|Tense=Past|VerbForm=Part",
      "Number=Plur|POS=NOUN",
      "POS=SCONJ",
      "Number=Sing|POS=DET|PronType=Ind",
      "POS=ADV|PronType=Neg",
      "Clitic=Yes|POS=VERB|PronType=Prs|VerbForm=Inf",
      "Gender=Fem|Number=Plur|POS=AUX|Tense=Past|VerbForm=Part",
      "Gender=Fem|Number=Plur|POS=DET|PronType=Ind",
      "Gender=Fem|Number=Sing|POS=PRON|PronType=Ind",
      "POS=ADJ",
      "Number=Sing|POS=PRON|PronType=Rel",
      "Gender=Fem|NumType=Ord|Number=Sing|POS=ADJ",
      "Number=Sing|POS=PRON|PronType=Ind",
      "Gender=Masc|Number=Sing|POS=PRON|Person=3|PronType=Prs",
      "Gender=Masc|Number=Plur|POS=AUX|Tense=Past|VerbForm=Part",
      "Clitic=Yes|POS=VERB|Person=3|PronType=Prs|VerbForm=Ger",
      "Mood=Ind|Number=Sing|POS=AUX|Person=3|Tense=Imp|VerbForm=Fin",
      "Mood=Ind|Number=Plur|POS=VERB|Person=3|Tense=Imp|VerbForm=Fin",
      "POS=DET|Poss=Yes|PronType=Prs",
      "Gender=Masc|Number=Plur|POS=DET|Poss=Yes|PronType=Prs",
      "Mood=Sub|Number=Sing|POS=AUX|Person=3|Tense=Pres|VerbForm=Fin",
      "Gender=Masc|Number=Plur|POS=DET|PronType=Ind",
      "Gender=Masc|Number=Sing|POS=PRON|PronType=Dem",
      "Mood=Ind|Number=Sing|POS=VERB|Person=3|Tense=Past|VerbForm=Fin",
      "Clitic=Yes|Gender=Masc|Number=Plur|POS=VERB|Person=3|PronType=Prs|VerbForm=Ger",
      "Gender=Fem|Number=Sing|POS=DET|Poss=Yes|PronType=Prs",
      "Gender=Masc|Number=Sing|POS=DET|PronType=Dem",
      "Clitic=Yes|Gender=Masc|Number=Sing|POS=VERB|Person=3|PronType=Prs|VerbForm=Inf",
      "Clitic=Yes|POS=PRON|PronType=Prs",
      "Gender=Masc|Number=Plur|POS=DET|PronType=Tot",
      "Clitic=Yes|Gender=Masc|Number=Plur|POS=PRON|Person=3|PronType=Prs",
      "Clitic=Yes|Number=Sing|POS=PRON|Person=1|PronType=Prs",
      "Degree=Cmp|Number=Plur|POS=ADJ",
      "Clitic=Yes|Gender=Masc|Number=Plur|POS=VERB|Person=3|PronType=Prs|VerbForm=Inf",
      "Number=Sing|POS=PRON|Person=3|PronType=Prs",
      "Degree=Cmp|Number=Sing|POS=ADJ",
      "Gender=Masc|Number=Plur|POS=DET|PronType=Dem",
      "Degree=Abs|POS=ADV",
      "Clitic=Yes|Gender=Fem|Number=Sing|POS=VERB|Person=3|PronType=Prs|VerbForm=Inf",
      "Mood=Cnd|Number=Plur|POS=VERB|Person=3|Tense=Pres|VerbForm=Fin",
      "Clitic=Yes|Gender=Masc|Number=Sing|POS=AUX|Person=3|PronType=Prs|VerbForm=Inf",
      "Gender=Fem|Number=Sing|POS=DET|PronType=Dem",
      "POS=DET|PronType=Exc",
      "Number=Plur|POS=PRON|Person=1|PronType=Prs",
      "Mood=Ind|Number=Plur|POS=AUX|Person=1|Tense=Pres|VerbForm=Fin",
      "Clitic=Yes|Number=Plur|POS=PRON|Person=1|PronType=Prs",
      "Mood=Ind|Number=Plur|POS=VERB|Person=1|Tense=Pres|VerbForm=Fin",
      "Mood=Ind|Number=Plur|POS=VERB|Person=3|Tense=Past|VerbForm=Fin",
      "Mood=Ind|Number=Sing|POS=VERB|Person=1|Tense=Past|VerbForm=Fin",
      "Number=Sing|POS=DET|PronType=Dem",
      "Mood=Ind|Number=Sing|POS=AUX|Person=3|Tense=Past|VerbForm=Fin",
      "Mood=Ind|Number=Sing|POS=VERB|Person=3|Tense=Fut|VerbForm=Fin",
      "Gender=Fem|NumType=Ord|Number=Plur|POS=ADJ",
      "Mood=Sub|Number=Sing|POS=VERB|Person=3|Tense=Imp|VerbForm=Fin",
      "Mood=Ind|Number=Plur|POS=AUX|Person=3|Tense=Past|VerbForm=Fin",
      "Number=Sing|POS=DET|PronType=Int",
      "POS=PRON|PronType=Int",
      "Clitic=Yes|Gender=Masc|Number=Sing|POS=PRON|Person=3|PronType=Prs",
      "Mood=Ind|Number=Plur|POS=VERB|Person=1|Tense=Past|VerbForm=Fin",
      "Mood=Sub|Number=Plur|POS=VERB|Person=3|Tense=Pres|VerbForm=Fin",
      "Gender=Fem|Number=Plur|POS=PRON|PronType=Ind",
      "Number=Sing|POS=ADP",
      "Mood=Ind|Number=Sing|POS=AUX|Person=3|Tense=Fut|VerbForm=Fin",
      "Foreign=Yes|POS=X",
      "Mood=Sub|Number=Sing|POS=VERB|Person=3|Tense=Pres|VerbForm=Fin",
      "Clitic=Yes|POS=VERB|Person=3|PronType=Prs|VerbForm=Inf",
      "Clitic=Yes|POS=AUX|Person=3|PronType=Prs|VerbForm=Inf",
      "Clitic=Yes|Gender=Masc|Mood=Imp|Number=Plur,Sing|POS=VERB|Person=1,3|PronType=Prs|Tense=Pres|VerbForm=Fin",
      "Mood=Sub|Number=Sing|POS=AUX|Person=3|Tense=Imp|VerbForm=Fin",
      "Gender=Fem|Number=Sing|POS=PRON|Poss=Yes|PronType=Prs",
      "Number=Plur|POS=VERB|Tense=Pres|VerbForm=Part",
      "POS=INTJ|Polarity=Neg",
      "Mood=Ind|Number=Sing|POS=AUX|Person=1|Tense=Imp|VerbForm=Fin",
      "Number=Plur|POS=PRON|PronType=Rel",
      "Mood=Sub|Number=Plur|POS=VERB|Person=3|Tense=Imp|VerbForm=Fin",
      "Gender=Fem|Number=Sing|POS=DET|PronType=Ind",
      "Gender=Fem|Number=Sing|POS=PRON|PronType=Dem",
      "Mood=Sub|Number=Plur|POS=AUX|Person=3|Tense=Pres|VerbForm=Fin",
      "Gender=Fem|Number=Plur|POS=DET|PronType=Dem",
      "Gender=Masc|Number=Plur|POS=PRON|PronType=Rel",
      "Clitic=Yes|Number=Plur|POS=VERB|Person=1|PronType=Prs|VerbForm=Ger",
      "POS=INTJ|Polarity=Pos",
      "Gender=Fem|Number=Sing|POS=PRON|Person=3|PronType=Prs",
      "Gender=Fem|Number=Sing|POS=DET|PronType=Int",
      "POS=DET|PronType=Int",
      "Gender=Masc|NumType=Ord|Number=Plur|POS=ADJ",
      "Gender=Fem|Number=Plur|POS=DET|PronType=Int",
      "Mood=Cnd|Number=Plur|POS=AUX|Person=1|Tense=Pres|VerbForm=Fin",
      "POS=PRON|Person=3|PronType=Prs",
      "Degree=Abs|Gender=Masc|Number=Plur|POS=ADJ",
      "Gender=Masc|Number=Sing|POS=DET|PronType=Ind",
      "Number=Sing|POS=PRON|Person=1|PronType=Prs",
      "Gender=Masc|Number=Plur|POS=PRON|PronType=Dem",
      "Clitic=Yes|Number=Sing|POS=PRON|Person=3|PronType=Prs",
      "Clitic=Yes|Gender=Fem|POS=VERB|Person=3|PronType=Prs|VerbForm=Inf",
      "Clitic=Yes|Gender=Fem|POS=PRON|Person=3|PronType=Prs",
      "Mood=Ind|Number=Plur|POS=VERB|Person=1|Tense=Fut|VerbForm=Fin",
      "Degree=Abs|Gender=Fem|Number=Sing|POS=ADJ",
      "Gender=Masc|Number=Sing|POS=DET|PronType=Tot",
      "Clitic=Yes|POS=AUX|PronType=Prs|VerbForm=Inf",
      "Gender=Fem|Number=Plur|POS=DET|PronType=Tot",
      "Mood=Ind|Number=Sing|POS=VERB|Person=1|Tense=Pres|VerbForm=Fin",
      "Gender=Fem|Number=Plur|POS=PRON|PronType=Dem",
      "Degree=Abs|Gender=Masc|Number=Sing|POS=ADJ",
      "NumType=Ord|POS=ADJ",
      "POS=DET|PronType=Rel",
      "Gender=Masc|Number=Sing|POS=PRON|PronType=Rel",
      "Gender=Masc|Number=Plur|POS=PRON|Poss=Yes|PronType=Prs",
      "Mood=Ind|Number=Plur|POS=VERB|Person=2|Tense=Pres|VerbForm=Fin",
      "Mood=Imp|Number=Plur|POS=VERB|Person=2|Tense=Pres|VerbForm=Fin",
      "Clitic=Yes|Gender=Fem|Number=Sing|POS=PRON|Person=3|PronType=Prs",
      "Number=Sing|POS=PRON|Person=2|PronType=Prs",
      "Mood=Cnd|Number=Sing|POS=VERB|Person=3|Tense=Pres|VerbForm=Fin",
      "Mood=Ind|Number=Sing|POS=VERB|Person=2|Tense=Pres|VerbForm=Fin",
      "Mood=Ind|Number=Sing|POS=VERB|Person=1|Tense=Fut|VerbForm=Fin",
      "Mood=Ind|Number=Sing|POS=AUX|Person=2|Tense=Pres|VerbForm=Fin",
      "Mood=Ind|Number=Plur|POS=AUX|Person=2|Tense=Pres|VerbForm=Fin",
      "Clitic=Yes|Number=Plur|POS=PRON|Person=2|PronType=Prs",
      "Clitic=Yes|Number=Sing|POS=VERB|Person=1|PronType=Prs|VerbForm=Inf",
      "Mood=Imp|Number=Sing|POS=VERB|Person=2|Tense=Pres|VerbForm=Fin",
      "Mood=Ind|Number=Sing|POS=AUX|Person=1|Tense=Fut|VerbForm=Fin",
      "Mood=Ind|Number=Plur|POS=VERB|Person=2|Tense=Fut|VerbForm=Fin",
      "Mood=Ind|Number=Plur|POS=VERB|Person=3|Tense=Fut|VerbForm=Fin",
      "Mood=Cnd|Number=Sing|POS=VERB|Person=1|Tense=Pres|VerbForm=Fin",
      "Clitic=Yes|POS=VERB|PronType=Prs|VerbForm=Ger",
      "Mood=Ind|Number=Sing|POS=VERB|Person=1|Tense=Imp|VerbForm=Fin",
      "Mood=Ind|Number=Plur|POS=AUX|Person=1|Tense=Imp|VerbForm=Fin",
      "Mood=Cnd|Number=Sing|POS=AUX|Person=1|Tense=Pres|VerbForm=Fin",
      "Clitic=Yes|Gender=Masc|Number=Plur|POS=VERB|Person=3|PronType=Prs|Tense=Past|VerbForm=Part",
      "Number=Sing|POS=PRON|PronType=Int",
      "Mood=Ind|Number=Sing|POS=AUX|Person=2|Tense=Imp|VerbForm=Fin",
      "Mood=Ind|Number=Plur|POS=VERB|Person=1|Tense=Imp|VerbForm=Fin",
      "Number=Plur|POS=PRON|Person=2|PronType=Prs",
      "Clitic=Yes|Number=Plur|POS=VERB|Person=2|PronType=Prs|VerbForm=Inf",
      "Clitic=Yes|Number=Plur|POS=VERB|Person=1|PronType=Prs|VerbForm=Inf",
      "Mood=Sub|Number=Plur|POS=AUX|Person=3|Tense=Imp|VerbForm=Fin",
      "Mood=Ind|Number=Plur|POS=AUX|Person=2|Tense=Fut|VerbForm=Fin",
      "Mood=Ind|Number=Plur|POS=AUX|Person=3|Tense=Fut|VerbForm=Fin",
      "Definite=Def|POS=DET|PronType=Art",
      "Mood=Sub|Number=Sing|POS=VERB|Person=2|Tense=Pres|VerbForm=Fin",
      "POS=SYM",
      "Clitic=Yes|Mood=Imp|Number=Sing|POS=VERB|Person=2|PronType=Prs|Tense=Pres|VerbForm=Fin",
      "Clitic=Yes|Gender=Masc|Mood=Imp|Number=Sing|POS=VERB|Person=2,3|PronType=Prs|Tense=Pres|VerbForm=Fin",
      "Mood=Ind|Number=Sing|POS=VERB|Person=2|Tense=Fut|VerbForm=Fin",
      "Clitic=Yes|Gender=Fem|POS=VERB|Person=3|PronType=Prs|VerbForm=Ger",
      "Degree=Abs|Gender=Fem|Number=Plur|POS=ADJ",
      "Number=Sing|POS=PRON|PronType=Dem",
      "POS=AUX|VerbForm=Ger",
      "Gender=Masc|Number=Sing|POS=PRON|Poss=Yes|PronType=Prs",
      "Clitic=Yes|Gender=Masc|Number=Sing|POS=PRON|Person=3|PronType=Prs|VerbForm=Inf",
      "POS=PRON|PronType=Ind",
      "Clitic=Yes|Mood=Imp|Number=Plur|POS=VERB|Person=1|PronType=Prs|Tense=Pres|VerbForm=Fin",
      "POS=X",
      "Gender=Masc|POS=ADJ",
      "Clitic=Yes|Gender=Fem|Number=Sing|POS=AUX|Person=3|PronType=Prs|VerbForm=Inf",
      "Gender=Fem|Number=Plur|POS=PRON|Person=3|PronType=Prs",
      "Gender=Masc|Number=Plur|POS=PRON|Person=3|PronType=Prs",
      "Mood=Cnd|Number=Sing|POS=VERB|Person=2|Tense=Pres|VerbForm=Fin",
      "Clitic=Yes|Number=Sing|POS=VERB|Person=2|PronType=Prs|VerbForm=Inf",
      "Clitic=Yes|Gender=Fem|Number=Sing|POS=VERB|Person=3|PronType=Prs|Tense=Past|VerbForm=Part",
      "Mood=Sub|Number=Plur|POS=VERB|Person=2|Tense=Imp|VerbForm=Fin",
      "POS=PART",
      "Number=Sing|POS=VERB|Tense=Pres|VerbForm=Part",
      "NumType=Ord|Number=Sing|POS=ADJ",
      "Number=Plur|POS=DET|PronType=Int",
      "Clitic=Yes|Mood=Sub|Number=Plur|POS=VERB|Person=1|PronType=Prs|Tense=Pres|VerbForm=Fin",
      "Number=Plur|POS=DET|PronType=Rel",
      "Mood=Sub|Number=Sing|POS=VERB|Person=1|Tense=Imp|VerbForm=Fin",
      "Clitic=Yes|Gender=Fem|Number=Sing|POS=VERB|Person=3|PronType=Prs|VerbForm=Ger",
      "Clitic=Yes|Gender=Masc|Number=Sing|POS=VERB|Person=3|PronType=Prs|VerbForm=Ger",
      "Clitic=Yes|Number=Sing|POS=VERB|Person=1|PronType=Prs|VerbForm=Ger",
      "Clitic=Yes|Number=Sing|POS=AUX|Person=1|PronType=Prs|VerbForm=Ger",
      "Clitic=Yes|Gender=Masc|Number=Plur|POS=AUX|Person=3|PronType=Prs|VerbForm=Inf",
      "Clitic=Yes|Mood=Imp|Number=Plur,Sing|POS=VERB|Person=1,2|PronType=Prs|Tense=Pres|VerbForm=Fin",
      "Mood=Imp|Number=Plur|POS=AUX|Person=2|Tense=Pres|VerbForm=Fin",
      "NumType=Range|POS=NUM",
      "Number=Plur|POS=PRON|PronType=Dem",
      "POS=VERB|Tense=Past|VerbForm=Part",
      "Clitic=Yes|POS=ADV|PronType=Prs",
      "Clitic=Yes|Mood=Ind|Number=Plur|POS=VERB|Person=1|PronType=Prs|Tense=Pres|VerbForm=Fin",
      "Gender=Masc|POS=PRON|PronType=Rel",
      "Clitic=Yes|Gender=Masc|Mood=Imp|Number=Plur,Sing|POS=VERB|Person=2,3|PronType=Prs|Tense=Pres|VerbForm=Fin",
      "Clitic=Yes|Number=Sing|POS=AUX|Person=2|PronType=Prs|VerbForm=Inf",
      "Clitic=Yes|Number=Sing|POS=VERB|Person=2|PronType=Prs|VerbForm=Ger",
      "Mood=Imp|Number=Sing|POS=AUX|Person=2|Tense=Pres|VerbForm=Fin",
      "Clitic=Yes|Gender=Fem|Mood=Imp|Number=Sing|POS=VERB|Person=2,3|PronType=Prs|Tense=Pres|VerbForm=Fin",
      "Mood=Sub|Number=Plur|POS=AUX|Person=1|Tense=Imp|VerbForm=Fin",
      "Mood=Ind|Number=Sing|POS=AUX|Person=1|Tense=Past|VerbForm=Fin",
      "Clitic=Yes|Gender=Masc|Number=Sing|POS=VERB|Person=3|PronType=Prs|Tense=Past|VerbForm=Part",
      "Clitic=Yes|Gender=Masc|Number=Plur,Sing|POS=VERB|Person=3|PronType=Prs|VerbForm=Inf",
      "Definite=Ind|POS=DET|PronType=Art",
      "Clitic=Yes|Gender=Fem,Masc|Number=Sing|POS=VERB|Person=3|PronType=Prs|Tense=Past|VerbForm=Part",
      "Definite=Ind|Gender=Masc|Number=Plur|POS=DET|PronType=Art",
      "Definite=Def|Number=Plur|POS=ADP|PronType=Art",
      "Clitic=Yes|Gender=Fem|Number=Plur|POS=VERB|Person=3|PronType=Prs|VerbForm=Inf",
      "POS=DET|PronType=Ind",
      "Number=Plur|POS=DET|PronType=Dem",
      "Clitic=Yes|Gender=Fem|Number=Plur|POS=PRON|Person=3|PronType=Prs",
      "Number=Plur|POS=DET|PronType=Tot",
      "Clitic=Yes|POS=AUX|Person=3|PronType=Prs|VerbForm=Ger",
      "Number=Plur|POS=PRON|PronType=Ind",
      "Clitic=Yes|Gender=Fem,Masc|Number=Plur,Sing|POS=VERB|Person=3|PronType=Prs|Tense=Past|VerbForm=Part",
      "Clitic=Yes|Number=Plur|POS=VERB|PronType=Prs|VerbForm=Inf",
      "Number=Plur|POS=PRON|Poss=Yes|PronType=Prs",
      "Number=Sing|POS=PRON|Poss=Yes|PronType=Prs",
      "Number=Plur|POS=ADP",
      "Clitic=Yes|Gender=Masc|Number=Sing|POS=ADV|Person=3|PronType=Prs",
      "Clitic=Yes|Mood=Imp|Number=Plur|POS=VERB|Person=1,2|PronType=Prs|Tense=Pres|VerbForm=Fin",
      "Clitic=Yes|Gender=Fem|Number=Plur|POS=VERB|Person=3|PronType=Prs|Tense=Past|VerbForm=Part",
      "Mood=Sub|Number=Sing|POS=AUX|Person=1|Tense=Imp|VerbForm=Fin",
      "Mood=Cnd|Number=Plur|POS=AUX|Person=2|Tense=Pres|VerbForm=Fin",
      "Mood=Cnd|Number=Plur|POS=VERB|Person=2|Tense=Pres|VerbForm=Fin",
      "Clitic=Yes|Gender=Fem|Number=Plur|POS=ADV|Person=3|PronType=Prs",
      "POS=DET|PronType=Tot",
      "POS=PRON|PronType=Dem",
      "Clitic=Yes|Gender=Masc|Mood=Imp|Number=Plur|POS=VERB|Person=2,3|PronType=Prs|Tense=Pres|VerbForm=Fin",
      "Definite=Ind|Number=Sing|POS=DET|PronType=Art",
      "NumType=Ord|POS=NUM",
      "Clitic=Yes|Gender=Fem|Number=Plur|POS=VERB|Person=3|PronType=Prs|VerbForm=Ger",
      "Gender=Masc|POS=DET|PronType=Dem",
      "Clitic=Yes|Gender=Masc|Number=Plur,Sing|POS=VERB|Person=3|PronType=Prs|Tense=Past|VerbForm=Part",
      "Gender=Masc|Number=Sing|POS=NOUN|Tense=Past|VerbForm=Part",
      "Gender=Masc|Number=Plur|POS=DET|PronType=Int",
      "Gender=Masc|Number=Plur|POS=PRON|PronType=Int",
      "Gender=Fem|Number=Plur|POS=PRON|PronType=Int",
      "Mood=Imp|Number=Sing|POS=VERB|Person=3|Tense=Pres|VerbForm=Fin",
      "Gender=Masc|Number=Sing|POS=DET|PronType=Int",
      "Gender=Fem|Number=Sing|POS=PRON|PronType=Int",
      "Number=Plur|POS=PRON|PronType=Int",
      "Mood=Cnd|Number=Sing|POS=AUX|Person=2|Tense=Pres|VerbForm=Fin",
      "Gender=Masc|Number=Sing|POS=PRON|PronType=Int",
      "Clitic=Yes|Number=Plur|POS=PRON|PronType=Prs",
      "Foreign=Yes|Number=Sing|POS=X",
      "Mood=Ind|Number=Plur|POS=AUX|Person=1|Tense=Fut|VerbForm=Fin",
      "POS=PRON|PronType=Prs",
      "Mood=Sub|Number=Plur|POS=AUX|Person=2|Tense=Pres|VerbForm=Fin",
      "Clitic=Yes|Mood=Ind|Number=Sing|POS=VERB|Person=3|PronType=Prs|Tense=Pres|VerbForm=Fin",
      "Mood=Ind|POS=VERB|Person=3|Tense=Pres|VerbForm=Fin",
      "Mood=Cnd|Number=Plur|POS=VERB|Person=1|Tense=Pres|VerbForm=Fin",
      "Mood=Sub|Number=Plur|POS=VERB|Person=1|Tense=Pres|VerbForm=Fin",
      "Mood=Ind|Number=Plur|POS=AUX|Person=2|Tense=Imp|VerbForm=Fin",
      "POS=SCONJ|PronType=Rel",
      "Mood=Sub|Number=Plur|POS=VERB|Person=1|Tense=Imp|VerbForm=Fin",
      "POS=PRON|Person=3|PronType=Rel",
      "Clitic=Yes|Number=Plur|POS=VERB|Person=2|PronType=Prs|VerbForm=Ger",
      "Mood=Sub|Number=Sing|POS=VERB|Person=3|VerbForm=Fin",
      "Clitic=Yes|Mood=Ind|Number=Sing|POS=VERB|Person=1,3|PronType=Prs|Tense=Past|VerbForm=Fin",
      "Mood=Ind|POS=VERB|Tense=Pres|VerbForm=Fin",
      "Degree=Cmp|POS=ADJ",
      "Mood=Ind|Number=Sing|POS=AUX|Person=2|Tense=Fut|VerbForm=Fin",
      "Definite=Def|Number=Plur|POS=DET|PronType=Art",
      "Number=Sing|POS=DET|Poss=Yes|PronType=Prs",
      "Gender=Masc|Number=Sing|POS=ADP",
      "Gender=Fem|POS=ADJ",
      "Mood=Sub|Number=Plur|POS=VERB|Person=2|Tense=Pres|VerbForm=Fin",
      "Clitic=Yes|Gender=Fem|Mood=Imp|Number=Plur|POS=VERB|Person=2,3|PronType=Prs|Tense=Pres|VerbForm=Fin",
      "Clitic=Yes|Number=Plur|POS=PRON|Person=3|PronType=Prs",
      "Gender=Masc|POS=DET|Poss=Yes|PronType=Prs",
      "Gender=Fem|Number=Plur|POS=PROPN",
      "Definite=Ind|Gender=Fem|Number=Plur|POS=DET|PronType=Art",
      "Number=Sing|POS=DET|PronType=Art",
      "Gender=Fem|Number=Sing|POS=ADJ|Poss=Yes|PronType=Prs",
      "Foreign=Yes|POS=NOUN",
      "Clitic=Yes|Gender=Fem|Mood=Imp|Number=Plur|POS=VERB|Person=1,3|PronType=Prs|Tense=Pres|VerbForm=Fin",
      "Clitic=Yes|Gender=Masc|Mood=Imp|Number=Plur|POS=VERB|Person=1,3|PronType=Prs|Tense=Pres|VerbForm=Fin",
      "Gender=Masc|Number=Plur|POS=DET",
      "Clitic=Yes|Gender=Fem|Mood=Imp|Number=Plur,Sing|POS=VERB|Person=1,3|PronType=Prs|Tense=Pres|VerbForm=Fin",
      "Mood=Sub|Number=Plur|POS=AUX|Person=1|Tense=Pres|VerbForm=Fin",
      "Gender=Fem|Number=Plur|POS=VERB|Tense=Past|VerbForm=Fin",
      "Gender=Fem|Number=Plur|POS=DET",
      "Number=Sing|POS=X",
      "Foreign=Yes|Gender=Masc|POS=X",
      "Clitic=Yes|Gender=Fem|Number=Plur|POS=PRON|PronType=Prs",
      "Clitic=Yes|Gender=Masc|Number=Sing|POS=PRON|PronType=Prs",
      "Clitic=Yes|Definite=Def|Gender=Fem|Number=Plur|POS=PRON|PronType=Art",
      "Gender=Masc|Number=Plur|POS=VERB|Tense=Past|VerbForm=Fin",
      "Definite=Def|Gender=Fem|POS=DET",
      "Definite=Def|POS=DET",
      "Foreign=Yes|POS=PROPN",
      "NumType=Card|POS=PROPN",
      "Gender=Fem|Number=Sing|POS=DET",
      "Degree=Abs|Gender=Masc|Number=Sing|POS=ADV",
      "Gender=Masc|Number=Plur|POS=NOUN|Tense=Past|VerbForm=Part",
      "Mood=Imp|Number=Plur|POS=VERB|Person=2",
      "Clitic=Yes|Number=Plur|POS=AUX|Person=1|PronType=Prs|VerbForm=Inf",
      "Gender=Masc|Number=Sing|POS=DET",
      "Number=Sing|POS=DET",
      "Gender=Masc|Number=Sing|POS=PRON",
      "POS=DET"
    ],
    "tagger": [
      "A",
      "AP",
      "B",
      "BN",
      "B_PC",
      "CC",
      "CS",
      "DD",
      "DE",
      "DI",
      "DQ",
      "DR",
      "E",
      "E_RD",
      "FB",
      "FC",
      "FF",
      "FS",
      "I",
      "N",
      "NO",
      "PART",
      "PC",
      "PC_PC",
      "PD",
      "PE",
      "PI",
      "PP",
      "PQ",
      "PR",
      "RD",
      "RI",
      "S",
      "SP",
      "SW",
      "SYM",
      "T",
      "V",
      "VA",
      "VA_PC",
      "VM",
      "VM_PC",
      "VM_PC_PC",
      "V_B",
      "V_PC",
      "V_PC_PC",
      "X"
    ],
    "parser": [
      "ROOT",
      "acl",
      "acl:relcl",
      "advcl",
      "advmod",
      "amod",
      "appos",
      "aux",
      "aux:pass",
      "case",
      "cc",
      "ccomp",
      "compound",
      "conj",
      "cop",
      "csubj",
      "dep",
      "det",
      "det:poss",
      "det:predet",
      "discourse",
      "expl",
      "expl:impers",
      "expl:pass",
      "fixed",
      "flat",
      "flat:foreign",
      "flat:name",
      "iobj",
      "mark",
      "nmod",
      "nsubj",
      "nsubj:pass",
      "nummod",
      "obj",
      "obl",
      "obl:agent",
      "parataxis",
      "punct",
      "vocative",
      "xcomp"
    ],
    "senter": [
      "I",
      "S"
    ],
    "attribute_ruler": [],
    "lemmatizer": [],
    "ner": [
      "LOC",
      "MISC",
      "ORG",
      "PER"
    ]
  },
  "pipeline": [
    "tok2vec",
    "morphologizer",
    "tagger",
    "parser",
    "attribute_ruler",
    "lemmatizer",
    "ner"
  ],
  "components": [
    "tok2vec",
    "morphologizer",
    "tagger",
    "parser",
    "senter",
    "attribute_ruler",
    "lemmatizer",
    "ner"
  ],
  "disabled": [
    "senter"
  ],
  "performance": {
    "tag_acc": 0.9707455175,
    "sents_p": 0.9685314685,
    "sents_r": 0.9822695035,
    "sents_f": 0.9753521127,
    "ents_p": 0.8753707462,
    "ents_r": 0.8744493392,
    "ents_f": 0.8749098001,
    "ents_per_type": {
      "ORG": {
        "p": 0.0,
        "r": 0.0,
        "f": 0.0
      },
      "LOC": {
        "p": 0.0,
        "r": 0.0,
        "f": 0.0
      },
      "PER": {
        "p": 0.0,
        "r": 0.0,
        "f": 0.0
      },
      "MISC": {
        "p": 0.0,
        "r": 0.0,
        "f": 0.0
      }
    },
    "speed": 9476.0962556217,
    "token_acc": 0.9996405141,
    "token_p": 0.9980235379,
    "token_r": 0.9978442468,
    "token_f": 0.9979338843,
    "pos_acc": 0.9746101649,
    "morph_acc": 0.9720449438,
    "morph_micro_p": 0.9863999603,
    "morph_micro_r": 0.980704698,
    "morph_micro_f": 0.9835440845,
    "morph_per_feat": {
      "Gender": {
        "p": 0.9903510573,
        "r": 0.9848917926,
        "f": 0.9876138806
      },
      "Number": {
        "p": 0.9924095607,
        "r": 0.9866730893,
        "f": 0.9895330113
      },
      "NumType": {
        "p": 0.9847328244,
        "r": 0.9520295203,
        "f": 0.9681050657
      },
      "Definite": {
        "p": 0.9964454976,
        "r": 0.9976275208,
        "f": 0.9970361589
      },
      "PronType": {
        "p": 0.9916839917,
        "r": 0.9863523573,
        "f": 0.989010989
      },
      "Mood": {
        "p": 0.9588377724,
        "r": 0.9507803121,
        "f": 0.9547920434
      },
      "Person": {
        "p": 0.972575906,
        "r": 0.9612778316,
        "f": 0.9668938656
      },
      "Tense": {
        "p": 0.9607173356,
        "r": 0.9574468085,
        "f": 0.9590792839
      },
      "VerbForm": {
        "p": 0.9735927728,
        "r": 0.9708939709,
        "f": 0.972241499
      },
      "Degree": {
        "p": 0.8235294118,
        "r": 0.8235294118,
        "f": 0.8235294118
      },
      "Clitic": {
        "p": 1.0,
        "r": 0.9786096257,
        "f": 0.9891891892
      },
      "Poss": {
        "p": 0.9852941176,
        "r": 1.0,
        "f": 0.9925925926
      },
      "Polarity": {
        "p": 1.0,
        "r": 0.6666666667,
        "f": 0.8
      },
      "Foreign": {
        "p": 1.0,
        "r": 0.4,
        "f": 0.5714285714
      }
    },
    "dep_uas": 0.9097643791,
    "dep_las": 0.8749871386,
    "dep_las_per_type": {
      "root": {
        "p": 0.8898601399,
        "r": 0.9024822695,
        "f": 0.8961267606
      },
      "flat:name": {
        "p": 0.9230769231,
        "r": 0.9113924051,
        "f": 0.9171974522
      },
      "case": {
        "p": 0.9811435523,
        "r": 0.9817407182,
        "f": 0.9814420444
      },
      "nmod": {
        "p": 0.8126888218,
        "r": 0.8251533742,
        "f": 0.8188736682
      },
      "nummod": {
        "p": 0.8895027624,
        "r": 0.875,
        "f": 0.8821917808
      },
      "det": {
        "p": 0.976146789,
        "r": 0.9779411765,
        "f": 0.9770431589
      },
      "nsubj": {
        "p": 0.8474903475,
        "r": 0.8474903475,
        "f": 0.8474903475
      },
      "aux": {
        "p": 0.9311926606,
        "r": 0.935483871,
        "f": 0.9333333333
      },
      "advmod": {
        "p": 0.8159090909,
        "r": 0.8233944954,
        "f": 0.8196347032
      },
      "obj": {
        "p": 0.8684210526,
        "r": 0.9075,
        "f": 0.8875305623
      },
      "cc": {
        "p": 0.9242902208,
        "r": 0.8987730061,
        "f": 0.9113530327
      },
      "conj": {
        "p": 0.670984456,
        "r": 0.7,
        "f": 0.6851851852
      },
      "det:predet": {
        "p": 0.9473684211,
        "r": 1.0,
        "f": 0.972972973
      },
      "amod": {
        "p": 0.9081325301,
        "r": 0.904047976,
        "f": 0.9060856499
      },
      "mark": {
        "p": 0.9262295082,
        "r": 0.9338842975,
        "f": 0.9300411523
      },
      "cop": {
        "p": 0.828358209,
        "r": 0.880952381,
        "f": 0.8538461538
      },
      "xcomp": {
        "p": 0.7578947368,
        "r": 0.75,
        "f": 0.7539267016
      },
      "obl": {
        "p": 0.8242612753,
        "r": 0.7748538012,
        "f": 0.7987942728
      },
      "acl:relcl": {
        "p": 0.7923076923,
        "r": 0.7518248175,
        "f": 0.7715355805
      },
      "acl": {
        "p": 0.6363636364,
        "r": 0.6086956522,
        "f": 0.6222222222
      },
      "ccomp": {
        "p": 0.7,
        "r": 0.6774193548,
        "f": 0.6885245902
      },
      "expl": {
        "p": 0.9178082192,
        "r": 0.858974359,
        "f": 0.8874172185
      },
      "nsubj:pass": {
        "p": 0.8289473684,
        "r": 0.7777777778,
        "f": 0.8025477707
      },
      "aux:pass": {
        "p": 0.8658536585,
        "r": 0.8987341772,
        "f": 0.8819875776
      },
      "parataxis": {
        "p": 0.5,
        "r": 0.1290322581,
        "f": 0.2051282051
      },
      "advcl": {
        "p": 0.5961538462,
        "r": 0.6549295775,
        "f": 0.6241610738
      },
      "det:poss": {
        "p": 0.9855072464,
        "r": 1.0,
        "f": 0.9927007299
      },
      "flat": {
        "p": 1.0,
        "r": 1.0,
        "f": 1.0
      },
      "appos": {
        "p": 0.5,
        "r": 0.4615384615,
        "f": 0.48
      },
      "obl:agent": {
        "p": 0.9487179487,
        "r": 0.880952381,
        "f": 0.9135802469
      },
      "dep": {
        "p": 0.0,
        "r": 0.0,
        "f": 0.0
      },
      "iobj": {
        "p": 0.8260869565,
        "r": 0.95,
        "f": 0.8837209302
      },
      "expl:impers": {
        "p": 0.5333333333,
        "r": 1.0,
        "f": 0.6956521739
      },
      "csubj": {
        "p": 0.75,
        "r": 0.4615384615,
        "f": 0.5714285714
      },
      "compound": {
        "p": 0.64,
        "r": 0.6153846154,
        "f": 0.6274509804
      },
      "discourse": {
        "p": 0.0,
        "r": 0.0,
        "f": 0.0
      },
      "fixed": {
        "p": 0.8461538462,
        "r": 0.7857142857,
        "f": 0.8148148148
      },
      "expl:pass": {
        "p": 0.5384615385,
        "r": 0.6363636364,
        "f": 0.5833333333
      },
      "flat:foreign": {
        "p": 0.5,
        "r": 0.3333333333,
        "f": 0.4
      },
      "orphan": {
        "p": 0.0,
        "r": 0.0,
        "f": 0.0
      },
      "vocative": {
        "p": 0.5,
        "r": 0.3333333333,
        "f": 0.4
      }
    },
    "lemma_acc": 0.8659237958
  },
  "sources": [
    {
      "name": "UD Italian ISDT v2.8",
      "url": "https://github.com/UniversalDependencies/UD_Italian-ISDT",
      "license": "CC BY-NC-SA 3.0",
      "author": "Bosco, Cristina; Lenci, Alessandro; Montemagni, Simonetta; Simi, Maria"
    },
    {
      "name": "WikiNER",
      "url": "https://figshare.com/articles/Learning_multilingual_named_entity_recognition_from_Wikipedia/5462500",
      "license": "CC BY 4.0",
      "author": "Joel Nothman, Nicky Ringland, Will Radford, Tara Murphy, James R Curran"
    },
    {
      "name": "Lemmatization Lists",
      "url": "https://github.com/michmech/lemmatization-lists/",
      "license": "ODbL",
      "author": "Michal M\u011bchura"
    },
    {
      "name": "Explosion fastText Vectors (cbow, OSCAR Common Crawl + Wikipedia)",
      "url": "https://spacy.io",
      "license": "CC0",
      "author": "Explosion"
    }
  ],
  "requirements": [],
  "size": "48 MB",
  "checksum": "520ef8313e93d263a3ff925f12f23115851ce0df287934a550778da658ea121b",
  "checksum_whl": "5f5ebe629f3664af129cbf53192f820c0f1a6de0e7274cb671e91d10be2f2d60"
}