{
  "lang": "it",
  "name": "core_news_sm",
  "license": "CC BY-NC-SA 3.0",
  "author": "Explosion",
  "url": "https://explosion.ai",
  "email": "contact@explosion.ai",
  "description": "Italian multi-task CNN trained on UD Italian ISDT and WikiNER. Assigns context-specific token vectors, POS tags, dependency parses and named entities.",
  "notes": "Because the model is trained on Wikipedia, it may perform inconsistently on many genres, such as social media text. The NER accuracy refers to the \"silver standard\" annotations in the WikiNER corpus. Accuracy on these annotations tends to be higher than correct human annotations.",
  "sources": [
    {
      "name": "UD Italian ISDT v2.5",
      "url": "https://github.com/UniversalDependencies/UD_Italian-ISDT",
      "license": "CC BY-NC-SA 3.0",
      "author": "Bosco, Cristina; Lenci, Alessandro; Montemagni, Simonetta; Simi, Maria"
    },
    {
      "name": "WikiNER",
      "url": "https://figshare.com/articles/Learning_multilingual_named_entity_recognition_from_Wikipedia/5462500",
      "license": "CC BY 4.0"
    },
    {
      "name": "OSCAR (Common Crawl)",
      "url": "https://oscar-corpus.com/",
      "license": "CC0"
    },
    {
      "name": "Wikipedia",
      "url": "https://dumps.wikimedia.org/",
      "license": "CC BY-SA 3.0"
    }
  ],
  "pipeline": [
    "tagger",
    "parser",
    "ner"
  ],
  "version": "2.3.0",
  "spacy_version": ">=2.3.0,<2.4.0",
  "parent_package": "spacy",
  "accuracy": {
    "las": 86.0009260688,
    "uas": 89.8492565725,
    "token_acc": 99.8023537867,
    "las_per_type": {
      "root": {
        "p": 87.9370629371,
        "r": 89.1843971631,
        "f": 88.5563380282
      },
      "det": {
        "p": 96.7153284672,
        "r": 97.4264705882,
        "f": 97.0695970696
      },
      "obj": {
        "p": 80.831408776,
        "r": 87.5,
        "f": 84.0336134454
      },
      "amod": {
        "p": 88.7022900763,
        "r": 87.1064467766,
        "f": 87.8971255673
      },
      "cc": {
        "p": 90.8227848101,
        "r": 88.036809816,
        "f": 89.4080996885
      },
      "cop": {
        "p": 80.1470588235,
        "r": 86.5079365079,
        "f": 83.2061068702
      },
      "conj": {
        "p": 67.0822942643,
        "r": 72.7027027027,
        "f": 69.7795071336
      },
      "advmod": {
        "p": 80.6378132118,
        "r": 81.1926605505,
        "f": 80.9142857143
      },
      "case": {
        "p": 97.395517868,
        "r": 97.8697504565,
        "f": 97.6320582878
      },
      "fixed": {
        "p": 95.652173913,
        "r": 78.5714285714,
        "f": 86.2745098039
      },
      "nmod": {
        "p": 81.1912225705,
        "r": 79.4478527607,
        "f": 80.3100775194
      },
      "nsubj": {
        "p": 85.3360488798,
        "r": 80.888030888,
        "f": 83.0525272547
      },
      "mark": {
        "p": 89.7540983607,
        "r": 90.4958677686,
        "f": 90.1234567901
      },
      "xcomp": {
        "p": 74.4444444444,
        "r": 69.7916666667,
        "f": 72.0430107527
      },
      "obl": {
        "p": 79.3846153846,
        "r": 75.4385964912,
        "f": 77.3613193403
      },
      "appos": {
        "p": 37.2093023256,
        "r": 41.0256410256,
        "f": 39.0243902439
      },
      "acl": {
        "p": 63.8888888889,
        "r": 60.0,
        "f": 61.8834080717
      },
      "ccomp": {
        "p": 69.0909090909,
        "r": 61.2903225806,
        "f": 64.9572649573
      },
      "det:poss": {
        "p": 94.3661971831,
        "r": 98.5294117647,
        "f": 96.4028776978
      },
      "advcl": {
        "p": 60.1351351351,
        "r": 62.676056338,
        "f": 61.3793103448
      },
      "expl": {
        "p": 87.3417721519,
        "r": 88.4615384615,
        "f": 87.898089172
      },
      "nsubj:pass": {
        "p": 79.2682926829,
        "r": 80.2469135802,
        "f": 79.754601227
      },
      "aux:pass": {
        "p": 85.5421686747,
        "r": 89.8734177215,
        "f": 87.6543209877
      },
      "parataxis": {
        "p": 58.3333333333,
        "r": 22.5806451613,
        "f": 32.5581395349
      },
      "orphan": {
        "p": 0.0,
        "r": 0.0,
        "f": 0.0
      },
      "expl:pass": {
        "p": 58.3333333333,
        "r": 63.6363636364,
        "f": 60.8695652174
      },
      "acl:relcl": {
        "p": 75.1879699248,
        "r": 72.9927007299,
        "f": 74.0740740741
      },
      "compound": {
        "p": 59.2592592593,
        "r": 61.5384615385,
        "f": 60.3773584906
      },
      "nummod": {
        "p": 92.0903954802,
        "r": 88.5869565217,
        "f": 90.3047091413
      },
      "aux": {
        "p": 93.9534883721,
        "r": 93.0875576037,
        "f": 93.5185185185
      },
      "obl:agent": {
        "p": 82.6086956522,
        "r": 90.4761904762,
        "f": 86.3636363636
      },
      "iobj": {
        "p": 62.962962963,
        "r": 85.0,
        "f": 72.3404255319
      },
      "flat:name": {
        "p": 90.8496732026,
        "r": 87.9746835443,
        "f": 89.3890675241
      },
      "flat:foreign": {
        "p": 0.0,
        "r": 0.0,
        "f": 0.0
      },
      "dep": {
        "p": 0.0,
        "r": 0.0,
        "f": 0.0
      },
      "flat": {
        "p": 93.3333333333,
        "r": 100.0,
        "f": 96.5517241379
      },
      "det:predet": {
        "p": 94.7368421053,
        "r": 100.0,
        "f": 97.2972972973
      },
      "expl:impers": {
        "p": 80.0,
        "r": 50.0,
        "f": 61.5384615385
      },
      "vocative": {
        "p": 33.3333333333,
        "r": 33.3333333333,
        "f": 33.3333333333
      },
      "csubj": {
        "p": 58.3333333333,
        "r": 53.8461538462,
        "f": 56.0
      },
      "discourse": {
        "p": 0.0,
        "r": 0.0,
        "f": 0.0
      }
    },
    "tags_acc": 95.7108173725,
    "ents_f": 86.5683024845,
    "ents_p": 86.8493849444,
    "ents_r": 86.2890335659,
    "ents_per_type": {
      "MISC": {
        "p": 77.956182473,
        "r": 71.3794998626,
        "f": 74.5230239564
      },
      "PER": {
        "p": 90.441547216,
        "r": 89.2395167022,
        "f": 89.8365112868
      },
      "LOC": {
        "p": 87.9809885932,
        "r": 90.6345475911,
        "f": 89.2880571098
      },
      "ORG": {
        "p": 81.9107662464,
        "r": 76.356238698,
        "f": 79.0360318203
      }
    }
  },
  "speed": {
    "cpu": 7616.7796728168,
    "gpu": null,
    "nwords": 687510
  },
  "labels": {
    "tagger": [
      "A",
      "AP__Gender=Fem|Number=Plur|Poss=Yes|PronType=Prs",
      "AP__Gender=Fem|Number=Sing|Poss=Yes|PronType=Prs",
      "AP__Gender=Masc|Number=Plur|Poss=Yes|PronType=Prs",
      "AP__Gender=Masc|Number=Sing|Poss=Yes|PronType=Prs",
      "AP__Gender=Masc|Poss=Yes|PronType=Prs",
      "AP__Number=Sing|Poss=Yes|PronType=Prs",
      "AP__Poss=Yes|PronType=Prs",
      "A__Degree=Abs|Gender=Fem|Number=Plur",
      "A__Degree=Abs|Gender=Fem|Number=Sing",
      "A__Degree=Abs|Gender=Masc|Number=Plur",
      "A__Degree=Abs|Gender=Masc|Number=Sing",
      "A__Degree=Cmp",
      "A__Degree=Cmp|Number=Plur",
      "A__Degree=Cmp|Number=Sing",
      "A__Gender=Fem",
      "A__Gender=Fem|Number=Plur",
      "A__Gender=Fem|Number=Plur|Tense=Past|VerbForm=Part",
      "A__Gender=Fem|Number=Sing",
      "A__Gender=Fem|Number=Sing|Poss=Yes|PronType=Prs",
      "A__Gender=Masc",
      "A__Gender=Masc|Number=Plur",
      "A__Gender=Masc|Number=Sing",
      "A__Number=Plur",
      "A__Number=Sing",
      "B",
      "BN__PronType=Neg",
      "B_PC__Clitic=Yes|Gender=Fem|Number=Plur|Person=3|PronType=Prs",
      "B_PC__Clitic=Yes|Gender=Masc|Number=Sing|Person=3|PronType=Prs",
      "B_PC__Clitic=Yes|PronType=Prs",
      "B__Degree=Abs",
      "B__Degree=Abs|Gender=Masc|Number=Sing",
      "CC",
      "CS",
      "CS__PronType=Rel",
      "DD__Gender=Fem|Number=Plur|PronType=Dem",
      "DD__Gender=Fem|Number=Sing|PronType=Dem",
      "DD__Gender=Masc|Number=Plur|PronType=Dem",
      "DD__Gender=Masc|Number=Sing|PronType=Dem",
      "DD__Gender=Masc|PronType=Dem",
      "DD__Number=Plur|PronType=Dem",
      "DD__Number=Sing|PronType=Dem",
      "DE__PronType=Exc",
      "DI__Definite=Def|Gender=Fem|Number=Plur|PronType=Art",
      "DI__Gender=Fem|Number=Plur",
      "DI__Gender=Fem|Number=Plur|PronType=Ind",
      "DI__Gender=Fem|Number=Sing|PronType=Ind",
      "DI__Gender=Masc|Number=Plur",
      "DI__Gender=Masc|Number=Plur|PronType=Ind",
      "DI__Gender=Masc|Number=Sing|PronType=Ind",
      "DI__Number=Sing|PronType=Art",
      "DI__Number=Sing|PronType=Ind",
      "DI__PronType=Ind",
      "DQ",
      "DQ__Gender=Fem|Number=Plur|PronType=Int",
      "DQ__Gender=Fem|Number=Sing|PronType=Int",
      "DQ__Gender=Masc|Number=Plur|PronType=Int",
      "DQ__Gender=Masc|Number=Sing|PronType=Int",
      "DQ__Number=Plur|PronType=Int",
      "DQ__Number=Sing|PronType=Int",
      "DQ__PronType=Int",
      "DR__Number=Plur|PronType=Rel",
      "DR__PronType=Rel",
      "E",
      "E_RD__Definite=Def|Gender=Fem|Number=Plur|PronType=Art",
      "E_RD__Definite=Def|Gender=Fem|Number=Sing|PronType=Art",
      "E_RD__Definite=Def|Gender=Masc|Number=Plur|PronType=Art",
      "E_RD__Definite=Def|Gender=Masc|Number=Sing|PronType=Art",
      "E_RD__Definite=Def|Number=Plur|PronType=Art",
      "E_RD__Definite=Def|Number=Sing|PronType=Art",
      "E__Gender=Masc|Number=Sing",
      "FB",
      "FC",
      "FF",
      "FS",
      "I",
      "I__Polarity=Neg",
      "I__Polarity=Pos",
      "N",
      "NO",
      "NO__Gender=Fem|Number=Plur|NumType=Ord",
      "NO__Gender=Fem|Number=Sing|NumType=Ord",
      "NO__Gender=Masc|Number=Plur",
      "NO__Gender=Masc|Number=Plur|NumType=Ord",
      "NO__Gender=Masc|Number=Sing|NumType=Ord",
      "NO__NumType=Ord",
      "NO__Number=Sing|NumType=Ord",
      "N__Gender=Masc|Number=Sing",
      "N__NumType=Card",
      "N__NumType=Ord",
      "N__NumType=Range",
      "PART",
      "PC_PC__Clitic=Yes|Gender=Fem|Number=Sing|Person=3|PronType=Prs",
      "PC_PC__Clitic=Yes|Gender=Masc|Number=Plur|Person=3|PronType=Prs",
      "PC_PC__Clitic=Yes|Gender=Masc|Number=Sing|Person=3|PronType=Prs",
      "PC_PC__Clitic=Yes|Person=3|PronType=Prs",
      "PC__Clitic=Yes|Definite=Def|Gender=Fem|Number=Plur|PronType=Art",
      "PC__Clitic=Yes|Gender=Fem|Number=Plur|Person=3|PronType=Prs",
      "PC__Clitic=Yes|Gender=Fem|Number=Plur|PronType=Prs",
      "PC__Clitic=Yes|Gender=Fem|Number=Sing|Person=3|PronType=Prs",
      "PC__Clitic=Yes|Gender=Fem|Person=3|PronType=Prs",
      "PC__Clitic=Yes|Gender=Masc|Number=Plur|Person=3|PronType=Prs",
      "PC__Clitic=Yes|Gender=Masc|Number=Sing|Person=3|PronType=Prs",
      "PC__Clitic=Yes|Gender=Masc|Number=Sing|PronType=Prs",
      "PC__Clitic=Yes|Number=Plur|Person=1|PronType=Prs",
      "PC__Clitic=Yes|Number=Plur|Person=2|PronType=Prs",
      "PC__Clitic=Yes|Number=Plur|Person=3|PronType=Prs",
      "PC__Clitic=Yes|Number=Plur|PronType=Prs",
      "PC__Clitic=Yes|Number=Sing|Person=1|PronType=Prs",
      "PC__Clitic=Yes|Number=Sing|Person=2|PronType=Prs",
      "PC__Clitic=Yes|Number=Sing|Person=3|PronType=Prs",
      "PC__Clitic=Yes|Person=3|PronType=Prs",
      "PC__Clitic=Yes|PronType=Prs",
      "PD__Gender=Fem|Number=Plur|PronType=Dem",
      "PD__Gender=Fem|Number=Sing|PronType=Dem",
      "PD__Gender=Masc|Number=Plur|PronType=Dem",
      "PD__Gender=Masc|Number=Sing|PronType=Dem",
      "PD__Number=Plur|PronType=Dem",
      "PD__Number=Sing|PronType=Dem",
      "PD__PronType=Dem",
      "PE__Gender=Fem|Number=Plur|Person=3|PronType=Prs",
      "PE__Gender=Fem|Number=Sing|Person=3|PronType=Prs",
      "PE__Gender=Masc|Number=Plur|Person=3|PronType=Prs",
      "PE__Gender=Masc|Number=Sing|Person=3|PronType=Prs",
      "PE__Number=Plur|Person=1|PronType=Prs",
      "PE__Number=Plur|Person=2|PronType=Prs",
      "PE__Number=Plur|Person=3|PronType=Prs",
      "PE__Number=Sing|Person=1|PronType=Prs",
      "PE__Number=Sing|Person=2|PronType=Prs",
      "PE__Number=Sing|Person=3|PronType=Prs",
      "PE__Person=3|PronType=Prs",
      "PE__PronType=Prs",
      "PI__Gender=Fem|Number=Plur|PronType=Ind",
      "PI__Gender=Fem|Number=Sing|PronType=Ind",
      "PI__Gender=Masc|Number=Plur|PronType=Ind",
      "PI__Gender=Masc|Number=Sing",
      "PI__Gender=Masc|Number=Sing|PronType=Ind",
      "PI__Number=Plur|PronType=Ind",
      "PI__Number=Sing|PronType=Ind",
      "PI__PronType=Ind",
      "PP__Gender=Fem|Number=Sing|Poss=Yes|PronType=Prs",
      "PP__Gender=Masc|Number=Plur|Poss=Yes|PronType=Prs",
      "PP__Gender=Masc|Number=Sing|Poss=Yes|PronType=Prs",
      "PP__Number=Plur|Poss=Yes|PronType=Prs",
      "PP__Number=Sing|Poss=Yes|PronType=Prs",
      "PQ__Gender=Fem|Number=Plur|PronType=Int",
      "PQ__Gender=Fem|Number=Sing|PronType=Int",
      "PQ__Gender=Masc|Number=Plur|PronType=Int",
      "PQ__Gender=Masc|Number=Plur|PronType=Rel",
      "PQ__Gender=Masc|Number=Sing|PronType=Int",
      "PQ__Number=Plur|PronType=Int",
      "PQ__Number=Sing|PronType=Int",
      "PQ__PronType=Int",
      "PR__Gender=Masc|Number=Plur|PronType=Rel",
      "PR__Gender=Masc|Number=Sing|PronType=Rel",
      "PR__Gender=Masc|PronType=Rel",
      "PR__Number=Plur|PronType=Rel",
      "PR__Number=Sing|PronType=Rel",
      "PR__Person=3|PronType=Rel",
      "PR__PronType=Rel",
      "RD__Definite=Def",
      "RD__Definite=Def|Gender=Fem",
      "RD__Definite=Def|Gender=Fem|Number=Plur|PronType=Art",
      "RD__Definite=Def|Gender=Fem|Number=Sing|PronType=Art",
      "RD__Definite=Def|Gender=Masc|Number=Plur|PronType=Art",
      "RD__Definite=Def|Gender=Masc|Number=Sing|PronType=Art",
      "RD__Definite=Def|Number=Plur|PronType=Art",
      "RD__Definite=Def|Number=Sing|PronType=Art",
      "RD__Definite=Def|PronType=Art",
      "RD__Gender=Fem|Number=Sing",
      "RD__Gender=Masc|Number=Sing",
      "RD__Number=Sing",
      "RD__Number=Sing|PronType=Art",
      "RI__Definite=Ind|Gender=Fem|Number=Plur|PronType=Art",
      "RI__Definite=Ind|Gender=Fem|Number=Sing|PronType=Art",
      "RI__Definite=Ind|Gender=Masc|Number=Plur|PronType=Art",
      "RI__Definite=Ind|Gender=Masc|Number=Sing|PronType=Art",
      "RI__Definite=Ind|Number=Sing|PronType=Art",
      "RI__Definite=Ind|PronType=Art",
      "S",
      "SP",
      "SP__Gender=Fem|Number=Plur",
      "SP__NumType=Card",
      "SW__Foreign=Yes",
      "SW__Foreign=Yes|Gender=Masc",
      "SW__Foreign=Yes|Number=Sing",
      "SYM",
      "S__Gender=Fem",
      "S__Gender=Fem|Number=Plur",
      "S__Gender=Fem|Number=Sing",
      "S__Gender=Masc",
      "S__Gender=Masc|Number=Plur",
      "S__Gender=Masc|Number=Plur|Tense=Past|VerbForm=Part",
      "S__Gender=Masc|Number=Sing",
      "S__Gender=Masc|Number=Sing|Tense=Past|VerbForm=Part",
      "S__Number=Plur",
      "S__Number=Sing",
      "Sw",
      "T__Gender=Fem|Number=Plur|PronType=Tot",
      "T__Gender=Fem|Number=Sing",
      "T__Gender=Fem|Number=Sing|PronType=Tot",
      "T__Gender=Masc|Number=Plur|PronType=Tot",
      "T__Gender=Masc|Number=Sing|PronType=Tot",
      "T__Number=Plur|PronType=Tot",
      "T__PronType=Tot",
      "VA_PC__Clitic=Yes|Gender=Fem|Number=Sing|Person=3|PronType=Prs|VerbForm=Inf",
      "VA_PC__Clitic=Yes|Gender=Masc|Number=Plur|Person=3|PronType=Prs|VerbForm=Inf",
      "VA_PC__Clitic=Yes|Gender=Masc|Number=Sing|Person=3|PronType=Prs|VerbForm=Inf",
      "VA_PC__Clitic=Yes|Number=Sing|Person=1|PronType=Prs|VerbForm=Ger",
      "VA_PC__Clitic=Yes|Number=Sing|Person=2|PronType=Prs|VerbForm=Inf",
      "VA_PC__Clitic=Yes|Person=3|PronType=Prs|VerbForm=Inf",
      "VA_PC__Clitic=Yes|PronType=Prs|VerbForm=Inf",
      "VA__Gender=Fem|Number=Plur|Tense=Past|VerbForm=Part",
      "VA__Gender=Fem|Number=Sing|Tense=Past|VerbForm=Part",
      "VA__Gender=Masc|Number=Plur|Tense=Past|VerbForm=Part",
      "VA__Gender=Masc|Number=Sing|Tense=Past|VerbForm=Part",
      "VA__Mood=Cnd|Number=Plur|Person=1|Tense=Pres|VerbForm=Fin",
      "VA__Mood=Cnd|Number=Plur|Person=3|Tense=Pres|VerbForm=Fin",
      "VA__Mood=Cnd|Number=Sing|Person=1|Tense=Pres|VerbForm=Fin",
      "VA__Mood=Cnd|Number=Sing|Person=3|Tense=Pres|VerbForm=Fin",
      "VA__Mood=Ind|Number=Plur|Person=1|Tense=Fut|VerbForm=Fin",
      "VA__Mood=Ind|Number=Plur|Person=1|Tense=Imp|VerbForm=Fin",
      "VA__Mood=Ind|Number=Plur|Person=1|Tense=Pres|VerbForm=Fin",
      "VA__Mood=Ind|Number=Plur|Person=2|Tense=Fut|VerbForm=Fin",
      "VA__Mood=Ind|Number=Plur|Person=2|Tense=Imp|VerbForm=Fin",
      "VA__Mood=Ind|Number=Plur|Person=2|Tense=Pres|VerbForm=Fin",
      "VA__Mood=Ind|Number=Plur|Person=3|Tense=Fut|VerbForm=Fin",
      "VA__Mood=Ind|Number=Plur|Person=3|Tense=Imp|VerbForm=Fin",
      "VA__Mood=Ind|Number=Plur|Person=3|Tense=Past|VerbForm=Fin",
      "VA__Mood=Ind|Number=Plur|Person=3|Tense=Pres|VerbForm=Fin",
      "VA__Mood=Ind|Number=Sing|Person=1|Tense=Fut|VerbForm=Fin",
      "VA__Mood=Ind|Number=Sing|Person=1|Tense=Imp|VerbForm=Fin",
      "VA__Mood=Ind|Number=Sing|Person=1|Tense=Past|VerbForm=Fin",
      "VA__Mood=Ind|Number=Sing|Person=1|Tense=Pres|VerbForm=Fin",
      "VA__Mood=Ind|Number=Sing|Person=2|Tense=Fut|VerbForm=Fin",
      "VA__Mood=Ind|Number=Sing|Person=2|Tense=Pres|VerbForm=Fin",
      "VA__Mood=Ind|Number=Sing|Person=3|Tense=Fut|VerbForm=Fin",
      "VA__Mood=Ind|Number=Sing|Person=3|Tense=Imp|VerbForm=Fin",
      "VA__Mood=Ind|Number=Sing|Person=3|Tense=Past|VerbForm=Fin",
      "VA__Mood=Ind|Number=Sing|Person=3|Tense=Pres|VerbForm=Fin",
      "VA__Mood=Sub|Number=Plur|Person=2|Tense=Pres|VerbForm=Fin",
      "VA__Mood=Sub|Number=Plur|Person=3|Tense=Imp|VerbForm=Fin",
      "VA__Mood=Sub|Number=Plur|Person=3|Tense=Pres|VerbForm=Fin",
      "VA__Mood=Sub|Number=Sing|Person=1|Tense=Imp|VerbForm=Fin",
      "VA__Mood=Sub|Number=Sing|Person=3|Tense=Imp|VerbForm=Fin",
      "VA__Mood=Sub|Number=Sing|Person=3|Tense=Pres|VerbForm=Fin",
      "VA__VerbForm=Ger",
      "VA__VerbForm=Inf",
      "VM_PC_PC__Clitic=Yes|Person=3|PronType=Prs|VerbForm=Inf",
      "VM_PC__Clitic=Yes|Gender=Masc|Number=Plur|Person=3|PronType=Prs|VerbForm=Inf",
      "VM_PC__Clitic=Yes|Gender=Masc|Number=Sing|Person=3|PronType=Prs|VerbForm=Inf",
      "VM_PC__Clitic=Yes|Number=Plur|Person=1|PronType=Prs|VerbForm=Inf",
      "VM_PC__Clitic=Yes|Number=Sing|Person=2|PronType=Prs|VerbForm=Inf",
      "VM_PC__Clitic=Yes|Person=3|PronType=Prs|VerbForm=Ger",
      "VM_PC__Clitic=Yes|Person=3|PronType=Prs|VerbForm=Inf",
      "VM_PC__Clitic=Yes|PronType=Prs|VerbForm=Inf",
      "VM__Gender=Fem|Number=Sing|Tense=Past|VerbForm=Part",
      "VM__Gender=Masc|Number=Sing|Tense=Past|VerbForm=Part",
      "VM__Mood=Cnd|Number=Plur|Person=1|Tense=Pres|VerbForm=Fin",
      "VM__Mood=Cnd|Number=Plur|Person=2|Tense=Pres|VerbForm=Fin",
      "VM__Mood=Cnd|Number=Plur|Person=3|Tense=Pres|VerbForm=Fin",
      "VM__Mood=Cnd|Number=Sing|Person=1|Tense=Pres|VerbForm=Fin",
      "VM__Mood=Cnd|Number=Sing|Person=2|Tense=Pres|VerbForm=Fin",
      "VM__Mood=Cnd|Number=Sing|Person=3|Tense=Pres|VerbForm=Fin",
      "VM__Mood=Imp|Number=Plur|Person=2|Tense=Pres|VerbForm=Fin",
      "VM__Mood=Imp|Number=Sing|Person=2|Tense=Pres|VerbForm=Fin",
      "VM__Mood=Ind|Number=Plur|Person=1|Tense=Fut|VerbForm=Fin",
      "VM__Mood=Ind|Number=Plur|Person=1|Tense=Imp|VerbForm=Fin",
      "VM__Mood=Ind|Number=Plur|Person=1|Tense=Pres|VerbForm=Fin",
      "VM__Mood=Ind|Number=Plur|Person=2|Tense=Fut|VerbForm=Fin",
      "VM__Mood=Ind|Number=Plur|Person=2|Tense=Pres|VerbForm=Fin",
      "VM__Mood=Ind|Number=Plur|Person=3|Tense=Fut|VerbForm=Fin",
      "VM__Mood=Ind|Number=Plur|Person=3|Tense=Imp|VerbForm=Fin",
      "VM__Mood=Ind|Number=Plur|Person=3|Tense=Past|VerbForm=Fin",
      "VM__Mood=Ind|Number=Plur|Person=3|Tense=Pres|VerbForm=Fin",
      "VM__Mood=Ind|Number=Sing|Person=1|Tense=Imp|VerbForm=Fin",
      "VM__Mood=Ind|Number=Sing|Person=1|Tense=Pres|VerbForm=Fin",
      "VM__Mood=Ind|Number=Sing|Person=2|Tense=Fut|VerbForm=Fin",
      "VM__Mood=Ind|Number=Sing|Person=2|Tense=Imp|VerbForm=Fin",
      "VM__Mood=Ind|Number=Sing|Person=2|Tense=Pres|VerbForm=Fin",
      "VM__Mood=Ind|Number=Sing|Person=3|Tense=Fut|VerbForm=Fin",
      "VM__Mood=Ind|Number=Sing|Person=3|Tense=Imp|VerbForm=Fin",
      "VM__Mood=Ind|Number=Sing|Person=3|Tense=Past|VerbForm=Fin",
      "VM__Mood=Ind|Number=Sing|Person=3|Tense=Pres|VerbForm=Fin",
      "VM__Mood=Sub|Number=Plur|Person=1|Tense=Imp|VerbForm=Fin",
      "VM__Mood=Sub|Number=Plur|Person=1|Tense=Pres|VerbForm=Fin",
      "VM__Mood=Sub|Number=Plur|Person=3|Tense=Imp|VerbForm=Fin",
      "VM__Mood=Sub|Number=Plur|Person=3|Tense=Pres|VerbForm=Fin",
      "VM__Mood=Sub|Number=Sing|Person=3|Tense=Imp|VerbForm=Fin",
      "VM__Mood=Sub|Number=Sing|Person=3|Tense=Pres|VerbForm=Fin",
      "VM__VerbForm=Ger",
      "VM__VerbForm=Inf",
      "V_B__Gender=Masc|Number=Sing|Tense=Past|VerbForm=Part",
      "V_B__VerbForm=Ger",
      "V_B__VerbForm=Inf",
      "V_PC_PC__Clitic=Yes|Gender=Fem|Number=Sing|Person=3|PronType=Prs|VerbForm=Inf",
      "V_PC_PC__Clitic=Yes|Gender=Masc|Number=Plur,Sing|Person=3|PronType=Prs|VerbForm=Inf",
      "V_PC_PC__Clitic=Yes|Gender=Masc|Number=Sing|Person=3|PronType=Prs|VerbForm=Ger",
      "V_PC_PC__Clitic=Yes|Gender=Masc|Number=Sing|Person=3|PronType=Prs|VerbForm=Inf",
      "V_PC_PC__Clitic=Yes|Mood=Imp|Number=Plur,Sing|Person=1,2|PronType=Prs|Tense=Pres|VerbForm=Fin",
      "V_PC_PC__Clitic=Yes|Number=Sing|Person=1|PronType=Prs|VerbForm=Inf",
      "V_PC_PC__Clitic=Yes|Person=3|PronType=Prs|VerbForm=Inf",
      "V_PC__Clitic=Yes|Gender=Fem,Masc|Number=Plur,Sing|Person=3|PronType=Prs|Tense=Past|VerbForm=Part",
      "V_PC__Clitic=Yes|Gender=Fem,Masc|Number=Sing|Person=3|PronType=Prs|Tense=Past|VerbForm=Part",
      "V_PC__Clitic=Yes|Gender=Fem|Mood=Imp|Number=Plur,Sing|Person=1,3|PronType=Prs|Tense=Pres|VerbForm=Fin",
      "V_PC__Clitic=Yes|Gender=Fem|Mood=Imp|Number=Plur|Person=1,3|PronType=Prs|Tense=Pres|VerbForm=Fin",
      "V_PC__Clitic=Yes|Gender=Fem|Mood=Imp|Number=Plur|Person=2,3|PronType=Prs|Tense=Pres|VerbForm=Fin",
      "V_PC__Clitic=Yes|Gender=Fem|Mood=Imp|Number=Sing|Person=2,3|PronType=Prs|Tense=Pres|VerbForm=Fin",
      "V_PC__Clitic=Yes|Gender=Fem|Number=Plur|Person=3|PronType=Prs|Tense=Past|VerbForm=Part",
      "V_PC__Clitic=Yes|Gender=Fem|Number=Plur|Person=3|PronType=Prs|VerbForm=Ger",
      "V_PC__Clitic=Yes|Gender=Fem|Number=Plur|Person=3|PronType=Prs|VerbForm=Inf",
      "V_PC__Clitic=Yes|Gender=Fem|Number=Sing|Person=3|PronType=Prs|Tense=Past|VerbForm=Part",
      "V_PC__Clitic=Yes|Gender=Fem|Number=Sing|Person=3|PronType=Prs|VerbForm=Ger",
      "V_PC__Clitic=Yes|Gender=Fem|Number=Sing|Person=3|PronType=Prs|VerbForm=Inf",
      "V_PC__Clitic=Yes|Gender=Fem|Person=3|PronType=Prs|VerbForm=Ger",
      "V_PC__Clitic=Yes|Gender=Fem|Person=3|PronType=Prs|VerbForm=Inf",
      "V_PC__Clitic=Yes|Gender=Masc|Mood=Imp|Number=Plur,Sing|Person=1,3|PronType=Prs|Tense=Pres|VerbForm=Fin",
      "V_PC__Clitic=Yes|Gender=Masc|Mood=Imp|Number=Plur,Sing|Person=2,3|PronType=Prs|Tense=Pres|VerbForm=Fin",
      "V_PC__Clitic=Yes|Gender=Masc|Mood=Imp|Number=Plur|Person=1,3|PronType=Prs|Tense=Pres|VerbForm=Fin",
      "V_PC__Clitic=Yes|Gender=Masc|Mood=Imp|Number=Plur|Person=2,3|PronType=Prs|Tense=Pres|VerbForm=Fin",
      "V_PC__Clitic=Yes|Gender=Masc|Mood=Imp|Number=Sing|Person=2,3|PronType=Prs|Tense=Pres|VerbForm=Fin",
      "V_PC__Clitic=Yes|Gender=Masc|Number=Plur,Sing|Person=3|PronType=Prs|Tense=Past|VerbForm=Part",
      "V_PC__Clitic=Yes|Gender=Masc|Number=Plur|Person=3|PronType=Prs|Tense=Past|VerbForm=Part",
      "V_PC__Clitic=Yes|Gender=Masc|Number=Plur|Person=3|PronType=Prs|VerbForm=Ger",
      "V_PC__Clitic=Yes|Gender=Masc|Number=Plur|Person=3|PronType=Prs|VerbForm=Inf",
      "V_PC__Clitic=Yes|Gender=Masc|Number=Sing|Person=3|PronType=Prs|Tense=Past|VerbForm=Part",
      "V_PC__Clitic=Yes|Gender=Masc|Number=Sing|Person=3|PronType=Prs|VerbForm=Ger",
      "V_PC__Clitic=Yes|Gender=Masc|Number=Sing|Person=3|PronType=Prs|VerbForm=Inf",
      "V_PC__Clitic=Yes|Mood=Imp|Number=Plur,Sing|Person=1,2|PronType=Prs|Tense=Pres|VerbForm=Fin",
      "V_PC__Clitic=Yes|Mood=Imp|Number=Plur|Person=1,2|PronType=Prs|Tense=Pres|VerbForm=Fin",
      "V_PC__Clitic=Yes|Mood=Imp|Number=Plur|Person=1|PronType=Prs|Tense=Pres|VerbForm=Fin",
      "V_PC__Clitic=Yes|Mood=Imp|Number=Sing|Person=2|PronType=Prs|Tense=Pres|VerbForm=Fin",
      "V_PC__Clitic=Yes|Mood=Ind|Number=Plur|Person=1|PronType=Prs|Tense=Pres|VerbForm=Fin",
      "V_PC__Clitic=Yes|Mood=Ind|Number=Sing|Person=1,3|PronType=Prs|Tense=Past|VerbForm=Fin",
      "V_PC__Clitic=Yes|Mood=Ind|Number=Sing|Person=3|PronType=Prs|Tense=Pres|VerbForm=Fin",
      "V_PC__Clitic=Yes|Mood=Sub|Number=Plur|Person=1|PronType=Prs|Tense=Pres|VerbForm=Fin",
      "V_PC__Clitic=Yes|Number=Plur|Person=1|PronType=Prs|VerbForm=Ger",
      "V_PC__Clitic=Yes|Number=Plur|Person=1|PronType=Prs|VerbForm=Inf",
      "V_PC__Clitic=Yes|Number=Plur|Person=2|PronType=Prs|VerbForm=Ger",
      "V_PC__Clitic=Yes|Number=Plur|Person=2|PronType=Prs|VerbForm=Inf",
      "V_PC__Clitic=Yes|Number=Plur|PronType=Prs|VerbForm=Inf",
      "V_PC__Clitic=Yes|Number=Sing|Person=1|PronType=Prs|VerbForm=Ger",
      "V_PC__Clitic=Yes|Number=Sing|Person=1|PronType=Prs|VerbForm=Inf",
      "V_PC__Clitic=Yes|Number=Sing|Person=2|PronType=Prs|VerbForm=Ger",
      "V_PC__Clitic=Yes|Number=Sing|Person=2|PronType=Prs|VerbForm=Inf",
      "V_PC__Clitic=Yes|Person=3|PronType=Prs|VerbForm=Ger",
      "V_PC__Clitic=Yes|Person=3|PronType=Prs|VerbForm=Inf",
      "V_PC__Clitic=Yes|PronType=Prs|VerbForm=Ger",
      "V_PC__Clitic=Yes|PronType=Prs|VerbForm=Inf",
      "V__Gender=Fem|Number=Plur|Tense=Past|VerbForm=Fin",
      "V__Gender=Fem|Number=Plur|Tense=Past|VerbForm=Part",
      "V__Gender=Fem|Number=Sing|Tense=Past|VerbForm=Part",
      "V__Gender=Masc|Number=Plur|Tense=Past|VerbForm=Fin",
      "V__Gender=Masc|Number=Plur|Tense=Past|VerbForm=Part",
      "V__Gender=Masc|Number=Sing|Tense=Past|VerbForm=Part",
      "V__Mood=Cnd|Number=Plur|Person=1|Tense=Pres|VerbForm=Fin",
      "V__Mood=Cnd|Number=Plur|Person=2|Tense=Pres|VerbForm=Fin",
      "V__Mood=Cnd|Number=Plur|Person=3|Tense=Pres|VerbForm=Fin",
      "V__Mood=Cnd|Number=Sing|Person=1|Tense=Pres|VerbForm=Fin",
      "V__Mood=Cnd|Number=Sing|Person=2|Tense=Pres|VerbForm=Fin",
      "V__Mood=Cnd|Number=Sing|Person=3|Tense=Pres|VerbForm=Fin",
      "V__Mood=Imp|Number=Plur|Person=2",
      "V__Mood=Imp|Number=Plur|Person=2|Tense=Pres|VerbForm=Fin",
      "V__Mood=Imp|Number=Sing|Person=2|Tense=Pres|VerbForm=Fin",
      "V__Mood=Imp|Number=Sing|Person=3|Tense=Pres|VerbForm=Fin",
      "V__Mood=Ind|Number=Plur|Person=1|Tense=Fut|VerbForm=Fin",
      "V__Mood=Ind|Number=Plur|Person=1|Tense=Imp|VerbForm=Fin",
      "V__Mood=Ind|Number=Plur|Person=1|Tense=Past|VerbForm=Fin",
      "V__Mood=Ind|Number=Plur|Person=1|Tense=Pres|VerbForm=Fin",
      "V__Mood=Ind|Number=Plur|Person=2|Tense=Fut|VerbForm=Fin",
      "V__Mood=Ind|Number=Plur|Person=2|Tense=Pres|VerbForm=Fin",
      "V__Mood=Ind|Number=Plur|Person=3|Tense=Fut|VerbForm=Fin",
      "V__Mood=Ind|Number=Plur|Person=3|Tense=Imp|VerbForm=Fin",
      "V__Mood=Ind|Number=Plur|Person=3|Tense=Past|VerbForm=Fin",
      "V__Mood=Ind|Number=Plur|Person=3|Tense=Pres|VerbForm=Fin",
      "V__Mood=Ind|Number=Sing|Person=1|Tense=Fut|VerbForm=Fin",
      "V__Mood=Ind|Number=Sing|Person=1|Tense=Imp|VerbForm=Fin",
      "V__Mood=Ind|Number=Sing|Person=1|Tense=Past|VerbForm=Fin",
      "V__Mood=Ind|Number=Sing|Person=1|Tense=Pres|VerbForm=Fin",
      "V__Mood=Ind|Number=Sing|Person=2|Tense=Fut|VerbForm=Fin",
      "V__Mood=Ind|Number=Sing|Person=2|Tense=Pres|VerbForm=Fin",
      "V__Mood=Ind|Number=Sing|Person=3|Tense=Fut|VerbForm=Fin",
      "V__Mood=Ind|Number=Sing|Person=3|Tense=Imp|VerbForm=Fin",
      "V__Mood=Ind|Number=Sing|Person=3|Tense=Past|VerbForm=Fin",
      "V__Mood=Ind|Number=Sing|Person=3|Tense=Pres|VerbForm=Fin",
      "V__Mood=Ind|Person=3|Tense=Pres|VerbForm=Fin",
      "V__Mood=Ind|Tense=Pres|VerbForm=Fin",
      "V__Mood=Sub|Number=Plur|Person=1|Tense=Imp|VerbForm=Fin",
      "V__Mood=Sub|Number=Plur|Person=1|Tense=Pres|VerbForm=Fin",
      "V__Mood=Sub|Number=Plur|Person=2|Tense=Imp|VerbForm=Fin",
      "V__Mood=Sub|Number=Plur|Person=2|Tense=Pres|VerbForm=Fin",
      "V__Mood=Sub|Number=Plur|Person=3|Tense=Imp|VerbForm=Fin",
      "V__Mood=Sub|Number=Plur|Person=3|Tense=Pres|VerbForm=Fin",
      "V__Mood=Sub|Number=Sing|Person=1|Tense=Imp|VerbForm=Fin",
      "V__Mood=Sub|Number=Sing|Person=2|Tense=Pres|VerbForm=Fin",
      "V__Mood=Sub|Number=Sing|Person=3|Tense=Imp|VerbForm=Fin",
      "V__Mood=Sub|Number=Sing|Person=3|Tense=Pres|VerbForm=Fin",
      "V__Mood=Sub|Number=Sing|Person=3|VerbForm=Fin",
      "V__Number=Plur|Tense=Pres|VerbForm=Part",
      "V__Number=Sing|Tense=Pres|VerbForm=Part",
      "V__Tense=Past|VerbForm=Part",
      "V__VerbForm=Ger",
      "V__VerbForm=Inf",
      "X",
      "_SP"
    ],
    "parser": [
      "ROOT",
      "acl",
      "acl:relcl",
      "advcl",
      "advmod",
      "amod",
      "appos",
      "aux",
      "aux:pass",
      "case",
      "cc",
      "ccomp",
      "compound",
      "conj",
      "cop",
      "csubj",
      "dep",
      "det",
      "det:poss",
      "det:predet",
      "discourse",
      "expl",
      "expl:impers",
      "expl:pass",
      "fixed",
      "flat",
      "flat:foreign",
      "flat:name",
      "iobj",
      "mark",
      "nmod",
      "nsubj",
      "nsubj:pass",
      "nummod",
      "obj",
      "obl",
      "obl:agent",
      "parataxis",
      "punct",
      "vocative",
      "xcomp"
    ],
    "ner": [
      "LOC",
      "MISC",
      "ORG",
      "PER"
    ]
  },
  "size": "13 MB",
  "checksum": "bae53c2b6cb27766583e1b9b06d149c17893c05ab887b63d3b12448a14e67eb0"
}