{
  "lang": "it",
  "name": "core_news_lg",
  "version": "3.4.0",
  "description": "Italian pipeline optimized for CPU. Components: tok2vec, morphologizer, tagger, parser, lemmatizer (trainable_lemmatizer), senter, ner.",
  "author": "Explosion",
  "email": "contact@explosion.ai",
  "url": "https://explosion.ai",
  "license": "CC BY-NC-SA 3.0",
  "spacy_version": ">=3.4.0,<3.5.0",
  "spacy_git_version": "dd038b536",
  "vectors": {
    "width": 300,
    "vectors": 500000,
    "keys": 500000,
    "name": "it_vectors"
  },
  "labels": {
    "tok2vec": [],
    "morphologizer": [
      "POS=PROPN",
      "POS=PUNCT",
      "Gender=Masc|POS=NOUN",
      "Definite=Def|Gender=Fem|Number=Sing|POS=ADP|PronType=Art",
      "Gender=Fem|Number=Sing|POS=NOUN",
      "Gender=Masc|Number=Sing|POS=ADJ",
      "Gender=Masc|Number=Sing|POS=NOUN",
      "Definite=Ind|Gender=Fem|Number=Sing|POS=DET|PronType=Art",
      "Mood=Ind|Number=Sing|POS=AUX|Person=3|Tense=Pres|VerbForm=Fin",
      "Gender=Masc|Number=Sing|POS=AUX|Tense=Past|VerbForm=Part",
      "POS=AUX|VerbForm=Inf",
      "Gender=Fem|Number=Sing|POS=VERB|Tense=Past|VerbForm=Part",
      "POS=ADP",
      "Gender=Fem|Number=Sing|POS=ADJ",
      "POS=PRON|PronType=Rel",
      "Mood=Ind|Number=Sing|POS=VERB|Person=3|Tense=Pres|VerbForm=Fin",
      "Definite=Def|Gender=Masc|Number=Plur|POS=DET|PronType=Art",
      "Gender=Masc|Number=Plur|POS=NOUN",
      "Definite=Def|Gender=Fem|Number=Sing|POS=DET|PronType=Art",
      "Gender=Masc|Number=Sing|POS=PRON|PronType=Ind",
      "Definite=Def|Gender=Masc|Number=Plur|POS=ADP|PronType=Art",
      "Number=Plur|POS=ADJ",
      "Mood=Ind|Number=Plur|POS=VERB|Person=3|Tense=Pres|VerbForm=Fin",
      "Definite=Def|Number=Sing|POS=DET|PronType=Art",
      "Mood=Ind|Number=Plur|POS=AUX|Person=3|Tense=Pres|VerbForm=Fin",
      "Gender=Masc|Number=Sing|POS=VERB|Tense=Past|VerbForm=Part",
      "POS=VERB|VerbForm=Inf",
      "Definite=Ind|Gender=Masc|Number=Sing|POS=DET|PronType=Art",
      "Number=Sing|POS=ADJ",
      "POS=CCONJ",
      "NumType=Card|POS=NUM",
      "Definite=Def|Gender=Masc|Number=Sing|POS=ADP|PronType=Art",
      "Definite=Def|Gender=Fem|Number=Plur|POS=ADP|PronType=Art",
      "Gender=Fem|Number=Plur|POS=NOUN",
      "Clitic=Yes|POS=PRON|Person=3|PronType=Prs",
      "Gender=Fem|Number=Plur|POS=ADJ",
      "Gender=Fem|Number=Plur|POS=DET|Poss=Yes|PronType=Prs",
      "Gender=Masc|Number=Plur|POS=ADJ",
      "POS=SPACE",
      "Definite=Def|Number=Sing|POS=ADP|PronType=Art",
      "Definite=Def|Gender=Masc|Number=Sing|POS=DET|PronType=Art",
      "Gender=Masc|NumType=Ord|Number=Sing|POS=ADJ",
      "POS=ADV",
      "POS=NOUN",
      "Number=Sing|POS=NOUN",
      "POS=VERB|VerbForm=Ger",
      "Gender=Masc|Number=Sing|POS=DET|Poss=Yes|PronType=Prs",
      "POS=INTJ",
      "Clitic=Yes|Number=Sing|POS=PRON|Person=2|PronType=Prs",
      "Mood=Ind|Number=Sing|POS=AUX|Person=1|Tense=Pres|VerbForm=Fin",
      "Gender=Fem|Number=Sing|POS=AUX|Tense=Past|VerbForm=Part",
      "Definite=Def|Gender=Fem|Number=Plur|POS=DET|PronType=Art",
      "Mood=Ind|Number=Sing|POS=VERB|Person=3|Tense=Imp|VerbForm=Fin",
      "Gender=Fem|POS=NOUN",
      "Gender=Fem|Number=Plur|POS=VERB|Tense=Past|VerbForm=Part",
      "Gender=Fem|Number=Sing|POS=DET|PronType=Tot",
      "Mood=Cnd|Number=Sing|POS=AUX|Person=3|Tense=Pres|VerbForm=Fin",
      "Mood=Cnd|Number=Plur|POS=AUX|Person=3|Tense=Pres|VerbForm=Fin",
      "Gender=Masc|Number=Plur|POS=PRON|PronType=Ind",
      "Number=Plur|POS=PRON|Person=3|PronType=Prs",
      "Mood=Ind|Number=Plur|POS=AUX|Person=3|Tense=Imp|VerbForm=Fin",
      "Gender=Masc|Number=Plur|POS=VERB|Tense=Past|VerbForm=Part",
      "Number=Plur|POS=NOUN",
      "POS=SCONJ",
      "Number=Sing|POS=DET|PronType=Ind",
      "POS=ADV|PronType=Neg",
      "Clitic=Yes|POS=VERB|PronType=Prs|VerbForm=Inf",
      "Gender=Fem|Number=Plur|POS=AUX|Tense=Past|VerbForm=Part",
      "Gender=Fem|Number=Plur|POS=DET|PronType=Ind",
      "Gender=Fem|Number=Sing|POS=PRON|PronType=Ind",
      "POS=ADJ",
      "Number=Sing|POS=PRON|PronType=Rel",
      "Gender=Fem|NumType=Ord|Number=Sing|POS=ADJ",
      "Number=Sing|POS=PRON|PronType=Ind",
      "Gender=Masc|Number=Sing|POS=PRON|Person=3|PronType=Prs",
      "Gender=Masc|Number=Plur|POS=AUX|Tense=Past|VerbForm=Part",
      "Clitic=Yes|POS=VERB|Person=3|PronType=Prs|VerbForm=Ger",
      "Mood=Ind|Number=Sing|POS=AUX|Person=3|Tense=Imp|VerbForm=Fin",
      "Mood=Ind|Number=Plur|POS=VERB|Person=3|Tense=Imp|VerbForm=Fin",
      "POS=DET|Poss=Yes|PronType=Prs",
      "Gender=Masc|Number=Plur|POS=DET|Poss=Yes|PronType=Prs",
      "Mood=Sub|Number=Sing|POS=AUX|Person=3|Tense=Pres|VerbForm=Fin",
      "Gender=Masc|Number=Plur|POS=DET|PronType=Ind",
      "Gender=Masc|Number=Sing|POS=PRON|PronType=Dem",
      "Mood=Ind|Number=Sing|POS=VERB|Person=3|Tense=Past|VerbForm=Fin",
      "Clitic=Yes|Gender=Masc|Number=Plur|POS=VERB|Person=3|PronType=Prs|VerbForm=Ger",
      "Gender=Fem|Number=Sing|POS=DET|Poss=Yes|PronType=Prs",
      "Gender=Masc|Number=Sing|POS=DET|PronType=Dem",
      "Clitic=Yes|Gender=Masc|Number=Sing|POS=VERB|Person=3|PronType=Prs|VerbForm=Inf",
      "Clitic=Yes|POS=PRON|PronType=Prs",
      "Gender=Masc|Number=Plur|POS=DET|PronType=Tot",
      "Clitic=Yes|Gender=Masc|Number=Plur|POS=PRON|Person=3|PronType=Prs",
      "Clitic=Yes|Number=Sing|POS=PRON|Person=1|PronType=Prs",
      "Degree=Cmp|Number=Plur|POS=ADJ",
      "Clitic=Yes|Gender=Masc|Number=Plur|POS=VERB|Person=3|PronType=Prs|VerbForm=Inf",
      "Number=Sing|POS=PRON|Person=3|PronType=Prs",
      "Degree=Cmp|Number=Sing|POS=ADJ",
      "Gender=Masc|Number=Plur|POS=DET|PronType=Dem",
      "Degree=Abs|POS=ADV",
      "Clitic=Yes|Gender=Fem|Number=Sing|POS=VERB|Person=3|PronType=Prs|VerbForm=Inf",
      "Mood=Cnd|Number=Plur|POS=VERB|Person=3|Tense=Pres|VerbForm=Fin",
      "Clitic=Yes|Gender=Masc|Number=Sing|POS=AUX|Person=3|PronType=Prs|VerbForm=Inf",
      "Gender=Fem|Number=Sing|POS=DET|PronType=Dem",
      "POS=DET|PronType=Exc",
      "Number=Plur|POS=PRON|Person=1|PronType=Prs",
      "Mood=Ind|Number=Plur|POS=AUX|Person=1|Tense=Pres|VerbForm=Fin",
      "Clitic=Yes|Number=Plur|POS=PRON|Person=1|PronType=Prs",
      "Mood=Ind|Number=Plur|POS=VERB|Person=1|Tense=Pres|VerbForm=Fin",
      "Mood=Ind|Number=Plur|POS=VERB|Person=3|Tense=Past|VerbForm=Fin",
      "Mood=Ind|Number=Sing|POS=VERB|Person=1|Tense=Past|VerbForm=Fin",
      "Number=Sing|POS=DET|PronType=Dem",
      "Mood=Ind|Number=Sing|POS=AUX|Person=3|Tense=Past|VerbForm=Fin",
      "Mood=Ind|Number=Sing|POS=VERB|Person=3|Tense=Fut|VerbForm=Fin",
      "Gender=Fem|NumType=Ord|Number=Plur|POS=ADJ",
      "Mood=Sub|Number=Sing|POS=VERB|Person=3|Tense=Imp|VerbForm=Fin",
      "Mood=Ind|Number=Plur|POS=AUX|Person=3|Tense=Past|VerbForm=Fin",
      "Number=Sing|POS=DET|PronType=Int",
      "POS=PRON|PronType=Int",
      "Clitic=Yes|Gender=Masc|Number=Sing|POS=PRON|Person=3|PronType=Prs",
      "Mood=Ind|Number=Plur|POS=VERB|Person=1|Tense=Past|VerbForm=Fin",
      "Mood=Sub|Number=Plur|POS=VERB|Person=3|Tense=Pres|VerbForm=Fin",
      "Gender=Fem|Number=Plur|POS=PRON|PronType=Ind",
      "Number=Sing|POS=ADP",
      "Mood=Ind|Number=Sing|POS=AUX|Person=3|Tense=Fut|VerbForm=Fin",
      "Foreign=Yes|POS=X",
      "Mood=Sub|Number=Sing|POS=VERB|Person=3|Tense=Pres|VerbForm=Fin",
      "Clitic=Yes|POS=VERB|Person=3|PronType=Prs|VerbForm=Inf",
      "Clitic=Yes|POS=AUX|Person=3|PronType=Prs|VerbForm=Inf",
      "Clitic=Yes|Gender=Masc|Mood=Imp|Number=Plur,Sing|POS=VERB|Person=1,3|PronType=Prs|Tense=Pres|VerbForm=Fin",
      "Mood=Sub|Number=Sing|POS=AUX|Person=3|Tense=Imp|VerbForm=Fin",
      "Gender=Fem|Number=Sing|POS=PRON|Poss=Yes|PronType=Prs",
      "Number=Plur|POS=VERB|Tense=Pres|VerbForm=Part",
      "POS=INTJ|Polarity=Neg",
      "Mood=Ind|Number=Sing|POS=AUX|Person=1|Tense=Imp|VerbForm=Fin",
      "Number=Plur|POS=PRON|PronType=Rel",
      "Mood=Sub|Number=Plur|POS=VERB|Person=3|Tense=Imp|VerbForm=Fin",
      "Gender=Fem|Number=Sing|POS=DET|PronType=Ind",
      "Gender=Fem|Number=Sing|POS=PRON|PronType=Dem",
      "Mood=Sub|Number=Plur|POS=AUX|Person=3|Tense=Pres|VerbForm=Fin",
      "Gender=Fem|Number=Plur|POS=DET|PronType=Dem",
      "Gender=Masc|Number=Plur|POS=PRON|PronType=Rel",
      "Clitic=Yes|Number=Plur|POS=VERB|Person=1|PronType=Prs|VerbForm=Ger",
      "POS=INTJ|Polarity=Pos",
      "Gender=Fem|Number=Sing|POS=PRON|Person=3|PronType=Prs",
      "Gender=Fem|Number=Sing|POS=DET|PronType=Int",
      "POS=DET|PronType=Int",
      "Gender=Masc|NumType=Ord|Number=Plur|POS=ADJ",
      "Gender=Fem|Number=Plur|POS=DET|PronType=Int",
      "Mood=Cnd|Number=Plur|POS=AUX|Person=1|Tense=Pres|VerbForm=Fin",
      "POS=PRON|Person=3|PronType=Prs",
      "Degree=Abs|Gender=Masc|Number=Plur|POS=ADJ",
      "Gender=Masc|Number=Sing|POS=DET|PronType=Ind",
      "Number=Sing|POS=PRON|Person=1|PronType=Prs",
      "Gender=Masc|Number=Plur|POS=PRON|PronType=Dem",
      "Clitic=Yes|Number=Sing|POS=PRON|Person=3|PronType=Prs",
      "Clitic=Yes|Gender=Fem|POS=VERB|Person=3|PronType=Prs|VerbForm=Inf",
      "Clitic=Yes|Gender=Fem|POS=PRON|Person=3|PronType=Prs",
      "Mood=Ind|Number=Plur|POS=VERB|Person=1|Tense=Fut|VerbForm=Fin",
      "Degree=Abs|Gender=Fem|Number=Sing|POS=ADJ",
      "Gender=Masc|Number=Sing|POS=DET|PronType=Tot",
      "Clitic=Yes|POS=AUX|PronType=Prs|VerbForm=Inf",
      "Gender=Fem|Number=Plur|POS=DET|PronType=Tot",
      "Mood=Ind|Number=Sing|POS=VERB|Person=1|Tense=Pres|VerbForm=Fin",
      "Gender=Fem|Number=Plur|POS=PRON|PronType=Dem",
      "Degree=Abs|Gender=Masc|Number=Sing|POS=ADJ",
      "NumType=Ord|POS=ADJ",
      "POS=DET|PronType=Rel",
      "Gender=Masc|Number=Sing|POS=PRON|PronType=Rel",
      "Gender=Masc|Number=Plur|POS=PRON|Poss=Yes|PronType=Prs",
      "Mood=Ind|Number=Plur|POS=VERB|Person=2|Tense=Pres|VerbForm=Fin",
      "Mood=Imp|Number=Plur|POS=VERB|Person=2|Tense=Pres|VerbForm=Fin",
      "Clitic=Yes|Gender=Fem|Number=Sing|POS=PRON|Person=3|PronType=Prs",
      "Number=Sing|POS=PRON|Person=2|PronType=Prs",
      "Mood=Cnd|Number=Sing|POS=VERB|Person=3|Tense=Pres|VerbForm=Fin",
      "Mood=Ind|Number=Sing|POS=VERB|Person=2|Tense=Pres|VerbForm=Fin",
      "Mood=Ind|Number=Sing|POS=VERB|Person=1|Tense=Fut|VerbForm=Fin",
      "Mood=Ind|Number=Sing|POS=AUX|Person=2|Tense=Pres|VerbForm=Fin",
      "Mood=Ind|Number=Plur|POS=AUX|Person=2|Tense=Pres|VerbForm=Fin",
      "Clitic=Yes|Number=Plur|POS=PRON|Person=2|PronType=Prs",
      "Clitic=Yes|Number=Sing|POS=VERB|Person=1|PronType=Prs|VerbForm=Inf",
      "Mood=Imp|Number=Sing|POS=VERB|Person=2|Tense=Pres|VerbForm=Fin",
      "Mood=Ind|Number=Sing|POS=AUX|Person=1|Tense=Fut|VerbForm=Fin",
      "Mood=Ind|Number=Plur|POS=VERB|Person=2|Tense=Fut|VerbForm=Fin",
      "Mood=Ind|Number=Plur|POS=VERB|Person=3|Tense=Fut|VerbForm=Fin",
      "Mood=Cnd|Number=Sing|POS=VERB|Person=1|Tense=Pres|VerbForm=Fin",
      "Clitic=Yes|POS=VERB|PronType=Prs|VerbForm=Ger",
      "Mood=Ind|Number=Sing|POS=VERB|Person=1|Tense=Imp|VerbForm=Fin",
      "Mood=Ind|Number=Plur|POS=AUX|Person=1|Tense=Imp|VerbForm=Fin",
      "Mood=Cnd|Number=Sing|POS=AUX|Person=1|Tense=Pres|VerbForm=Fin",
      "Clitic=Yes|Gender=Masc|Number=Plur|POS=VERB|Person=3|PronType=Prs|Tense=Past|VerbForm=Part",
      "Number=Sing|POS=PRON|PronType=Int",
      "Mood=Ind|Number=Sing|POS=AUX|Person=2|Tense=Imp|VerbForm=Fin",
      "Mood=Ind|Number=Plur|POS=VERB|Person=1|Tense=Imp|VerbForm=Fin",
      "Number=Plur|POS=PRON|Person=2|PronType=Prs",
      "Clitic=Yes|Number=Plur|POS=VERB|Person=2|PronType=Prs|VerbForm=Inf",
      "Clitic=Yes|Number=Plur|POS=VERB|Person=1|PronType=Prs|VerbForm=Inf",
      "Mood=Sub|Number=Plur|POS=AUX|Person=3|Tense=Imp|VerbForm=Fin",
      "Mood=Ind|Number=Plur|POS=AUX|Person=2|Tense=Fut|VerbForm=Fin",
      "Mood=Ind|Number=Plur|POS=AUX|Person=3|Tense=Fut|VerbForm=Fin",
      "Definite=Def|POS=DET|PronType=Art",
      "Mood=Sub|Number=Sing|POS=VERB|Person=2|Tense=Pres|VerbForm=Fin",
      "POS=SYM",
      "Clitic=Yes|Mood=Imp|Number=Sing|POS=VERB|Person=2|PronType=Prs|Tense=Pres|VerbForm=Fin",
      "Clitic=Yes|Gender=Masc|Mood=Imp|Number=Sing|POS=VERB|Person=2,3|PronType=Prs|Tense=Pres|VerbForm=Fin",
      "Mood=Ind|Number=Sing|POS=VERB|Person=2|Tense=Fut|VerbForm=Fin",
      "Clitic=Yes|Gender=Fem|POS=VERB|Person=3|PronType=Prs|VerbForm=Ger",
      "Degree=Abs|Gender=Fem|Number=Plur|POS=ADJ",
      "Number=Sing|POS=PRON|PronType=Dem",
      "POS=AUX|VerbForm=Ger",
      "Gender=Masc|Number=Sing|POS=PRON|Poss=Yes|PronType=Prs",
      "Clitic=Yes|Gender=Masc|Number=Sing|POS=PRON|Person=3|PronType=Prs|VerbForm=Inf",
      "POS=PRON|PronType=Ind",
      "Clitic=Yes|Mood=Imp|Number=Plur|POS=VERB|Person=1|PronType=Prs|Tense=Pres|VerbForm=Fin",
      "POS=X",
      "Gender=Masc|POS=ADJ",
      "Clitic=Yes|Gender=Fem|Number=Sing|POS=AUX|Person=3|PronType=Prs|VerbForm=Inf",
      "Gender=Fem|Number=Plur|POS=PRON|Person=3|PronType=Prs",
      "Gender=Masc|Number=Plur|POS=PRON|Person=3|PronType=Prs",
      "Mood=Cnd|Number=Sing|POS=VERB|Person=2|Tense=Pres|VerbForm=Fin",
      "Clitic=Yes|Number=Sing|POS=VERB|Person=2|PronType=Prs|VerbForm=Inf",
      "Clitic=Yes|Gender=Fem|Number=Sing|POS=VERB|Person=3|PronType=Prs|Tense=Past|VerbForm=Part",
      "Mood=Sub|Number=Plur|POS=VERB|Person=2|Tense=Imp|VerbForm=Fin",
      "POS=PART",
      "Number=Sing|POS=VERB|Tense=Pres|VerbForm=Part",
      "NumType=Ord|Number=Sing|POS=ADJ",
      "Number=Plur|POS=DET|PronType=Int",
      "Clitic=Yes|Mood=Sub|Number=Plur|POS=VERB|Person=1|PronType=Prs|Tense=Pres|VerbForm=Fin",
      "Number=Plur|POS=DET|PronType=Rel",
      "Mood=Sub|Number=Sing|POS=VERB|Person=1|Tense=Imp|VerbForm=Fin",
      "Clitic=Yes|Gender=Fem|Number=Sing|POS=VERB|Person=3|PronType=Prs|VerbForm=Ger",
      "Clitic=Yes|Gender=Masc|Number=Sing|POS=VERB|Person=3|PronType=Prs|VerbForm=Ger",
      "Clitic=Yes|Number=Sing|POS=VERB|Person=1|PronType=Prs|VerbForm=Ger",
      "Clitic=Yes|Number=Sing|POS=AUX|Person=1|PronType=Prs|VerbForm=Ger",
      "Clitic=Yes|Gender=Masc|Number=Plur|POS=AUX|Person=3|PronType=Prs|VerbForm=Inf",
      "Clitic=Yes|Mood=Imp|Number=Plur,Sing|POS=VERB|Person=1,2|PronType=Prs|Tense=Pres|VerbForm=Fin",
      "Mood=Imp|Number=Plur|POS=AUX|Person=2|Tense=Pres|VerbForm=Fin",
      "NumType=Range|POS=NUM",
      "Number=Plur|POS=PRON|PronType=Dem",
      "POS=VERB|Tense=Past|VerbForm=Part",
      "Clitic=Yes|POS=ADV|PronType=Prs",
      "Clitic=Yes|Mood=Ind|Number=Plur|POS=VERB|Person=1|PronType=Prs|Tense=Pres|VerbForm=Fin",
      "Gender=Masc|POS=PRON|PronType=Rel",
      "Clitic=Yes|Gender=Masc|Mood=Imp|Number=Plur,Sing|POS=VERB|Person=2,3|PronType=Prs|Tense=Pres|VerbForm=Fin",
      "Clitic=Yes|Number=Sing|POS=AUX|Person=2|PronType=Prs|VerbForm=Inf",
      "Clitic=Yes|Number=Sing|POS=VERB|Person=2|PronType=Prs|VerbForm=Ger",
      "Mood=Imp|Number=Sing|POS=AUX|Person=2|Tense=Pres|VerbForm=Fin",
      "Clitic=Yes|Gender=Fem|Mood=Imp|Number=Sing|POS=VERB|Person=2,3|PronType=Prs|Tense=Pres|VerbForm=Fin",
      "Mood=Sub|Number=Plur|POS=AUX|Person=1|Tense=Imp|VerbForm=Fin",
      "Mood=Ind|Number=Sing|POS=AUX|Person=1|Tense=Past|VerbForm=Fin",
      "Clitic=Yes|Gender=Masc|Number=Sing|POS=VERB|Person=3|PronType=Prs|Tense=Past|VerbForm=Part",
      "Clitic=Yes|Gender=Masc|Number=Plur,Sing|POS=VERB|Person=3|PronType=Prs|VerbForm=Inf",
      "Definite=Ind|POS=DET|PronType=Art",
      "Clitic=Yes|Gender=Fem,Masc|Number=Sing|POS=VERB|Person=3|PronType=Prs|Tense=Past|VerbForm=Part",
      "Definite=Ind|Gender=Masc|Number=Plur|POS=DET|PronType=Art",
      "Definite=Def|Number=Plur|POS=ADP|PronType=Art",
      "Clitic=Yes|Gender=Fem|Number=Plur|POS=VERB|Person=3|PronType=Prs|VerbForm=Inf",
      "POS=DET|PronType=Ind",
      "Number=Plur|POS=DET|PronType=Dem",
      "Clitic=Yes|Gender=Fem|Number=Plur|POS=PRON|Person=3|PronType=Prs",
      "Number=Plur|POS=DET|PronType=Tot",
      "Clitic=Yes|POS=AUX|Person=3|PronType=Prs|VerbForm=Ger",
      "Number=Plur|POS=PRON|PronType=Ind",
      "Clitic=Yes|Gender=Fem,Masc|Number=Plur,Sing|POS=VERB|Person=3|PronType=Prs|Tense=Past|VerbForm=Part",
      "Clitic=Yes|Number=Plur|POS=VERB|PronType=Prs|VerbForm=Inf",
      "Number=Plur|POS=PRON|Poss=Yes|PronType=Prs",
      "Number=Sing|POS=PRON|Poss=Yes|PronType=Prs",
      "Number=Plur|POS=ADP",
      "Clitic=Yes|Gender=Masc|Number=Sing|POS=ADV|Person=3|PronType=Prs",
      "Clitic=Yes|Mood=Imp|Number=Plur|POS=VERB|Person=1,2|PronType=Prs|Tense=Pres|VerbForm=Fin",
      "Clitic=Yes|Gender=Fem|Number=Plur|POS=VERB|Person=3|PronType=Prs|Tense=Past|VerbForm=Part",
      "Mood=Sub|Number=Sing|POS=AUX|Person=1|Tense=Imp|VerbForm=Fin",
      "Mood=Cnd|Number=Plur|POS=AUX|Person=2|Tense=Pres|VerbForm=Fin",
      "Mood=Cnd|Number=Plur|POS=VERB|Person=2|Tense=Pres|VerbForm=Fin",
      "Clitic=Yes|Gender=Fem|Number=Plur|POS=ADV|Person=3|PronType=Prs",
      "POS=DET|PronType=Tot",
      "POS=PRON|PronType=Dem",
      "Clitic=Yes|Gender=Masc|Mood=Imp|Number=Plur|POS=VERB|Person=2,3|PronType=Prs|Tense=Pres|VerbForm=Fin",
      "Definite=Ind|Number=Sing|POS=DET|PronType=Art",
      "NumType=Ord|POS=NUM",
      "Clitic=Yes|Gender=Fem|Number=Plur|POS=VERB|Person=3|PronType=Prs|VerbForm=Ger",
      "Gender=Masc|POS=DET|PronType=Dem",
      "Clitic=Yes|Gender=Masc|Number=Plur,Sing|POS=VERB|Person=3|PronType=Prs|Tense=Past|VerbForm=Part",
      "Gender=Masc|Number=Sing|POS=NOUN|Tense=Past|VerbForm=Part",
      "Gender=Masc|Number=Plur|POS=DET|PronType=Int",
      "Gender=Masc|Number=Plur|POS=PRON|PronType=Int",
      "Gender=Fem|Number=Plur|POS=PRON|PronType=Int",
      "Mood=Imp|Number=Sing|POS=VERB|Person=3|Tense=Pres|VerbForm=Fin",
      "Gender=Masc|Number=Sing|POS=DET|PronType=Int",
      "Gender=Fem|Number=Sing|POS=PRON|PronType=Int",
      "Number=Plur|POS=PRON|PronType=Int",
      "Mood=Cnd|Number=Sing|POS=AUX|Person=2|Tense=Pres|VerbForm=Fin",
      "Gender=Masc|Number=Sing|POS=PRON|PronType=Int",
      "Clitic=Yes|Number=Plur|POS=PRON|PronType=Prs",
      "Foreign=Yes|Number=Sing|POS=X",
      "Mood=Ind|Number=Plur|POS=AUX|Person=1|Tense=Fut|VerbForm=Fin",
      "POS=PRON|PronType=Prs",
      "Mood=Sub|Number=Plur|POS=AUX|Person=2|Tense=Pres|VerbForm=Fin",
      "Clitic=Yes|Mood=Ind|Number=Sing|POS=VERB|Person=3|PronType=Prs|Tense=Pres|VerbForm=Fin",
      "Mood=Ind|POS=VERB|Person=3|Tense=Pres|VerbForm=Fin",
      "Mood=Cnd|Number=Plur|POS=VERB|Person=1|Tense=Pres|VerbForm=Fin",
      "Mood=Sub|Number=Plur|POS=VERB|Person=1|Tense=Pres|VerbForm=Fin",
      "Mood=Ind|Number=Plur|POS=AUX|Person=2|Tense=Imp|VerbForm=Fin",
      "POS=SCONJ|PronType=Rel",
      "Mood=Sub|Number=Plur|POS=VERB|Person=1|Tense=Imp|VerbForm=Fin",
      "POS=PRON|Person=3|PronType=Rel",
      "Clitic=Yes|Number=Plur|POS=VERB|Person=2|PronType=Prs|VerbForm=Ger",
      "Mood=Sub|Number=Sing|POS=VERB|Person=3|VerbForm=Fin",
      "Clitic=Yes|Mood=Ind|Number=Sing|POS=VERB|Person=1,3|PronType=Prs|Tense=Past|VerbForm=Fin",
      "Mood=Ind|POS=VERB|Tense=Pres|VerbForm=Fin",
      "Degree=Cmp|POS=ADJ",
      "Mood=Ind|Number=Sing|POS=AUX|Person=2|Tense=Fut|VerbForm=Fin",
      "Definite=Def|Number=Plur|POS=DET|PronType=Art",
      "Number=Sing|POS=DET|Poss=Yes|PronType=Prs",
      "Gender=Masc|Number=Sing|POS=ADP",
      "Gender=Fem|POS=ADJ",
      "Mood=Sub|Number=Plur|POS=VERB|Person=2|Tense=Pres|VerbForm=Fin",
      "Clitic=Yes|Gender=Fem|Mood=Imp|Number=Plur|POS=VERB|Person=2,3|PronType=Prs|Tense=Pres|VerbForm=Fin",
      "Clitic=Yes|Number=Plur|POS=PRON|Person=3|PronType=Prs",
      "Gender=Masc|POS=DET|Poss=Yes|PronType=Prs",
      "Gender=Fem|Number=Plur|POS=PROPN",
      "Definite=Ind|Gender=Fem|Number=Plur|POS=DET|PronType=Art",
      "Number=Sing|POS=DET|PronType=Art",
      "Gender=Fem|Number=Sing|POS=ADJ|Poss=Yes|PronType=Prs",
      "Foreign=Yes|POS=NOUN",
      "Clitic=Yes|Gender=Fem|Mood=Imp|Number=Plur|POS=VERB|Person=1,3|PronType=Prs|Tense=Pres|VerbForm=Fin",
      "Clitic=Yes|Gender=Masc|Mood=Imp|Number=Plur|POS=VERB|Person=1,3|PronType=Prs|Tense=Pres|VerbForm=Fin",
      "Gender=Masc|Number=Plur|POS=DET",
      "Clitic=Yes|Gender=Fem|Mood=Imp|Number=Plur,Sing|POS=VERB|Person=1,3|PronType=Prs|Tense=Pres|VerbForm=Fin",
      "Mood=Sub|Number=Plur|POS=AUX|Person=1|Tense=Pres|VerbForm=Fin",
      "Gender=Fem|Number=Plur|POS=VERB|Tense=Past|VerbForm=Fin",
      "Gender=Fem|Number=Plur|POS=DET",
      "Number=Sing|POS=X",
      "Foreign=Yes|Gender=Masc|POS=X",
      "Clitic=Yes|Gender=Fem|Number=Plur|POS=PRON|PronType=Prs",
      "Clitic=Yes|Gender=Masc|Number=Sing|POS=PRON|PronType=Prs",
      "Clitic=Yes|Definite=Def|Gender=Fem|Number=Plur|POS=PRON|PronType=Art",
      "Gender=Masc|Number=Plur|POS=VERB|Tense=Past|VerbForm=Fin",
      "Definite=Def|Gender=Fem|POS=DET",
      "Definite=Def|POS=DET",
      "Foreign=Yes|POS=PROPN",
      "NumType=Card|POS=PROPN",
      "Gender=Fem|Number=Sing|POS=DET",
      "Degree=Abs|Gender=Masc|Number=Sing|POS=ADV",
      "Gender=Masc|Number=Plur|POS=NOUN|Tense=Past|VerbForm=Part",
      "Mood=Imp|Number=Plur|POS=VERB|Person=2",
      "Clitic=Yes|Number=Plur|POS=AUX|Person=1|PronType=Prs|VerbForm=Inf",
      "Gender=Masc|Number=Sing|POS=DET",
      "Number=Sing|POS=DET",
      "Gender=Masc|Number=Sing|POS=PRON",
      "POS=DET"
    ],
    "tagger": [
      "A",
      "AP",
      "B",
      "BN",
      "B_PC",
      "CC",
      "CS",
      "DD",
      "DE",
      "DI",
      "DQ",
      "DR",
      "E",
      "E_RD",
      "FB",
      "FC",
      "FF",
      "FS",
      "I",
      "N",
      "NO",
      "PART",
      "PC",
      "PC_PC",
      "PD",
      "PE",
      "PI",
      "PP",
      "PQ",
      "PR",
      "RD",
      "RI",
      "S",
      "SP",
      "SW",
      "SYM",
      "T",
      "V",
      "VA",
      "VA_PC",
      "VM",
      "VM_PC",
      "VM_PC_PC",
      "V_B",
      "V_PC",
      "V_PC_PC",
      "X",
      "_SP"
    ],
    "parser": [
      "ROOT",
      "acl",
      "acl:relcl",
      "advcl",
      "advmod",
      "amod",
      "appos",
      "aux",
      "aux:pass",
      "case",
      "cc",
      "ccomp",
      "compound",
      "conj",
      "cop",
      "csubj",
      "dep",
      "det",
      "det:poss",
      "det:predet",
      "discourse",
      "expl",
      "expl:impers",
      "expl:pass",
      "fixed",
      "flat",
      "flat:foreign",
      "flat:name",
      "iobj",
      "mark",
      "nmod",
      "nsubj",
      "nsubj:pass",
      "nummod",
      "obj",
      "obl",
      "obl:agent",
      "parataxis",
      "punct",
      "vocative",
      "xcomp"
    ],
    "attribute_ruler": [],
    "ner": [
      "LOC",
      "MISC",
      "ORG",
      "PER"
    ]
  },
  "pipeline": [
    "tok2vec",
    "morphologizer",
    "tagger",
    "parser",
    "lemmatizer",
    "attribute_ruler",
    "ner"
  ],
  "components": [
    "tok2vec",
    "morphologizer",
    "tagger",
    "parser",
    "lemmatizer",
    "senter",
    "attribute_ruler",
    "ner"
  ],
  "disabled": [
    "senter"
  ],
  "performance": {
    "token_acc": 0.9996405141,
    "token_p": 0.9980235379,
    "token_r": 0.9978442468,
    "token_f": 0.9979338843,
    "pos_acc": 0.9737114097,
    "morph_acc": 0.9739325843,
    "morph_micro_p": 0.9892574725,
    "morph_micro_r": 0.9815929728,
    "morph_micro_f": 0.9854103193,
    "morph_per_feat": {
      "Gender": {
        "p": 0.9911740558,
        "r": 0.9859126174,
        "f": 0.9885363357
      },
      "Number": {
        "p": 0.9943365696,
        "r": 0.9866730893,
        "f": 0.9904900064
      },
      "NumType": {
        "p": 0.9849056604,
        "r": 0.963099631,
        "f": 0.973880597
      },
      "Definite": {
        "p": 0.9946808511,
        "r": 0.9982206406,
        "f": 0.9964476021
      },
      "PronType": {
        "p": 0.9896308586,
        "r": 0.9867659222,
        "f": 0.9881963139
      },
      "Mood": {
        "p": 0.9755799756,
        "r": 0.9591836735,
        "f": 0.9673123487
      },
      "Person": {
        "p": 0.9792079208,
        "r": 0.9574056147,
        "f": 0.9681840431
      },
      "Tense": {
        "p": 0.9741602067,
        "r": 0.9625531915,
        "f": 0.9683219178
      },
      "VerbForm": {
        "p": 0.9803784163,
        "r": 0.9695079695,
        "f": 0.974912892
      },
      "Degree": {
        "p": 0.9444444444,
        "r": 1.0,
        "f": 0.9714285714
      },
      "Clitic": {
        "p": 1.0,
        "r": 0.9732620321,
        "f": 0.9864498645
      },
      "Poss": {
        "p": 1.0,
        "r": 1.0,
        "f": 1.0
      },
      "Polarity": {
        "p": 1.0,
        "r": 0.3333333333,
        "f": 0.5
      },
      "Foreign": {
        "p": 1.0,
        "r": 0.4,
        "f": 0.5714285714
      }
    },
    "tag_acc": 0.9712847706,
    "sents_p": 0.9567474048,
    "sents_r": 0.9804964539,
    "sents_f": 0.9684763573,
    "dep_uas": 0.909427748,
    "dep_las": 0.8756689996,
    "dep_las_per_type": {
      "root": {
        "p": 0.892733564,
        "r": 0.914893617,
        "f": 0.9036777583
      },
      "flat:name": {
        "p": 0.9155844156,
        "r": 0.8924050633,
        "f": 0.9038461538
      },
      "case": {
        "p": 0.9811435523,
        "r": 0.9817407182,
        "f": 0.9814420444
      },
      "nmod": {
        "p": 0.8087044534,
        "r": 0.8169734151,
        "f": 0.8128179044
      },
      "nummod": {
        "p": 0.8944444444,
        "r": 0.875,
        "f": 0.8846153846
      },
      "det": {
        "p": 0.9734432234,
        "r": 0.9770220588,
        "f": 0.9752293578
      },
      "nsubj": {
        "p": 0.8576998051,
        "r": 0.8494208494,
        "f": 0.8535402522
      },
      "aux": {
        "p": 0.9444444444,
        "r": 0.9400921659,
        "f": 0.9422632794
      },
      "advmod": {
        "p": 0.8140589569,
        "r": 0.8233944954,
        "f": 0.818700114
      },
      "obj": {
        "p": 0.8661800487,
        "r": 0.89,
        "f": 0.8779284834
      },
      "cc": {
        "p": 0.915625,
        "r": 0.8987730061,
        "f": 0.907120743
      },
      "conj": {
        "p": 0.6751269036,
        "r": 0.7189189189,
        "f": 0.6963350785
      },
      "det:predet": {
        "p": 0.9473684211,
        "r": 1.0,
        "f": 0.972972973
      },
      "amod": {
        "p": 0.9082706767,
        "r": 0.9055472264,
        "f": 0.9069069069
      },
      "mark": {
        "p": 0.9116465863,
        "r": 0.9380165289,
        "f": 0.9246435845
      },
      "cop": {
        "p": 0.8421052632,
        "r": 0.8888888889,
        "f": 0.8648648649
      },
      "xcomp": {
        "p": 0.8148148148,
        "r": 0.6875,
        "f": 0.7457627119
      },
      "obl": {
        "p": 0.8273716952,
        "r": 0.7777777778,
        "f": 0.8018085908
      },
      "acl:relcl": {
        "p": 0.7426470588,
        "r": 0.7372262774,
        "f": 0.7399267399
      },
      "acl": {
        "p": 0.7247706422,
        "r": 0.6869565217,
        "f": 0.7053571429
      },
      "ccomp": {
        "p": 0.6376811594,
        "r": 0.7096774194,
        "f": 0.6717557252
      },
      "expl": {
        "p": 0.88,
        "r": 0.8461538462,
        "f": 0.862745098
      },
      "nsubj:pass": {
        "p": 0.8072289157,
        "r": 0.8271604938,
        "f": 0.8170731707
      },
      "aux:pass": {
        "p": 0.8765432099,
        "r": 0.8987341772,
        "f": 0.8875
      },
      "parataxis": {
        "p": 0.7777777778,
        "r": 0.2258064516,
        "f": 0.35
      },
      "csubj": {
        "p": 0.625,
        "r": 0.3846153846,
        "f": 0.4761904762
      },
      "advcl": {
        "p": 0.6344827586,
        "r": 0.6478873239,
        "f": 0.6411149826
      },
      "expl:impers": {
        "p": 0.5384615385,
        "r": 0.875,
        "f": 0.6666666667
      },
      "det:poss": {
        "p": 0.9855072464,
        "r": 1.0,
        "f": 0.9927007299
      },
      "flat": {
        "p": 1.0,
        "r": 1.0,
        "f": 1.0
      },
      "appos": {
        "p": 0.4722222222,
        "r": 0.4358974359,
        "f": 0.4533333333
      },
      "obl:agent": {
        "p": 0.9487179487,
        "r": 0.880952381,
        "f": 0.9135802469
      },
      "dep": {
        "p": 0.0,
        "r": 0.0,
        "f": 0.0
      },
      "iobj": {
        "p": 0.8181818182,
        "r": 0.9,
        "f": 0.8571428571
      },
      "compound": {
        "p": 0.6818181818,
        "r": 0.5769230769,
        "f": 0.625
      },
      "discourse": {
        "p": 0.0,
        "r": 0.0,
        "f": 0.0
      },
      "fixed": {
        "p": 0.9130434783,
        "r": 0.75,
        "f": 0.8235294118
      },
      "expl:pass": {
        "p": 0.7,
        "r": 0.6363636364,
        "f": 0.6666666667
      },
      "orphan": {
        "p": 0.0,
        "r": 0.0,
        "f": 0.0
      },
      "flat:foreign": {
        "p": 1.0,
        "r": 0.3333333333,
        "f": 0.5
      },
      "vocative": {
        "p": 0.3333333333,
        "r": 0.3333333333,
        "f": 0.3333333333
      }
    },
    "lemma_acc": 0.9757368799,
    "ents_p": 0.8839343113,
    "ents_r": 0.8844684418,
    "ents_f": 0.8842012959,
    "ents_per_type": {
      "LOC": {
        "p": 0.8927306652,
        "r": 0.9182922052,
        "f": 0.9053310421
      },
      "PER": {
        "p": 0.9258679567,
        "r": 0.9249466951,
        "f": 0.9254070966
      },
      "MISC": {
        "p": 0.7890807963,
        "r": 0.740725474,
        "f": 0.7641389086
      },
      "ORG": {
        "p": 0.8427342256,
        "r": 0.7970162749,
        "f": 0.8192379182
      }
    },
    "speed": 12298.032057877
  },
  "sources": [
    {
      "name": "UD Italian ISDT v2.8",
      "url": "https://github.com/UniversalDependencies/UD_Italian-ISDT",
      "license": "CC BY-NC-SA 3.0",
      "author": "Bosco, Cristina; Lenci, Alessandro; Montemagni, Simonetta; Simi, Maria"
    },
    {
      "name": "WikiNER",
      "url": "https://figshare.com/articles/Learning_multilingual_named_entity_recognition_from_Wikipedia/5462500",
      "license": "CC BY 4.0",
      "author": "Joel Nothman, Nicky Ringland, Will Radford, Tara Murphy, James R Curran"
    },
    {
      "name": "Explosion fastText Vectors (cbow, OSCAR Common Crawl + Wikipedia)",
      "url": "https://spacy.io",
      "license": "CC0",
      "author": "Explosion"
    }
  ],
  "requirements": [],
  "size": "541 MB",
  "checksum": "037a545fbcaf5fa5045ed7624fc7341b9b26bf53be0a7bf713b9834ee82e4667",
  "checksum_whl": "6eff460b8d581641f6270e4fcf76793c290551e1f752c97e69032d1008d6e450"
}