{
  "lang": "ja",
  "name": "core_news_lg",
  "version": "3.0.0a0",
  "description": "Japanese pipeline optimized for CPU. Components: tok2vec, parser, senter, ner, attribute_ruler.",
  "author": "Explosion",
  "email": "contact@explosion.ai",
  "url": "https://explosion.ai",
  "license": "All rights reserved",
  "spacy_version": ">=3.0.0a41,<3.1.0",
  "spacy_git_version": "f8a1c1afd",
  "vectors": {
    "width": 300,
    "vectors": 480443,
    "keys": 480443,
    "name": "ja_vectors"
  },
  "labels": {
    "tok2vec": [],
    "parser": [
      "ROOT",
      "acl",
      "advcl",
      "advmod",
      "amod",
      "aux",
      "case",
      "cc",
      "ccomp",
      "compound",
      "cop",
      "csubj",
      "dep",
      "det",
      "dislocated",
      "fixed",
      "mark",
      "nmod",
      "nsubj",
      "nummod",
      "obj",
      "obl",
      "punct"
    ],
    "senter": [
      "I",
      "S"
    ],
    "ner": [
      "CARDINAL",
      "DATE",
      "EVENT",
      "FAC",
      "GPE",
      "LANGUAGE",
      "LAW",
      "LOC",
      "MONEY",
      "MOVEMENT",
      "NORP",
      "ORDINAL",
      "ORG",
      "PERCENT",
      "PERSON",
      "PET_NAME",
      "PHONE",
      "PRODUCT",
      "QUANTITY",
      "TIME",
      "TITLE_AFFIX",
      "WORK_OF_ART"
    ],
    "attribute_ruler": []
  },
  "pipeline": [
    "tok2vec",
    "parser",
    "ner",
    "attribute_ruler"
  ],
  "components": [
    "tok2vec",
    "parser",
    "senter",
    "ner",
    "attribute_ruler"
  ],
  "disabled": [
    "senter"
  ],
  "performance": {
    "tok": 99.69,
    "tag": 97.21,
    "pos": 96.39,
    "uas": 89.98,
    "las": 88.37,
    "ner_p": 74.76,
    "ner_r": 70.37,
    "ner_f": 72.5,
    "sent_p": 84.4,
    "sent_r": 89.62,
    "sent_f": 86.93,
    "speed": 5346.0
  },
  "sources": [],
  "requirements": [
    "sudachipy>=0.4.9",
    "sudachidict-core>=20200330"
  ],
  "parent_package": "spacy-nightly",
  "size": "536 MB",
  "checksum": "725464e04756204ae741da1a47fcba419cdb74d62a104bbd4851b27039b2437e"
}