{
  "lang": "ja",
  "name": "core_news_sm",
  "license": "CC BY-SA 4.0",
  "author": "Explosion and Megagon Labs Tokyo",
  "url": "https://explosion.ai",
  "email": "contact@explosion.ai",
  "description": "Japanese multi-task CNN trained on UD_Japanese-GSD v2.6-NE. Assigns context-specific token vectors, POS tags, dependency parses and named entities.",
  "sources": [
    {
      "name": "UD_Japanese-GSD v2.6",
      "author": "Omura, Mai; Miyao, Yusuke; Kanayama, Hiroshi; Matsuda, Hiroshi; Wakasa, Aya; Yamashita, Kayo; Asahara, Masayuki; Tanaka, Takaaki; Murawaki, Yugo; Matsumoto, Yuji; Mori, Shinsuke; Uematsu, Sumire; McDonald, Ryan; Nivre, Joakim; Zeman, Daniel",
      "url": "https://github.com/UniversalDependencies/UD_Japanese-GSD",
      "license": "CC BY-SA 4.0"
    },
    {
      "name": "UD_Japanese-GSD v2.6-NE",
      "author": "Megagon Labs Tokyo",
      "url": "https://github.com/megagonlabs/UD_Japanese-GSD",
      "license": "CC BY-SA 4.0",
      "citation": "Matsuda, Omura, Asahara, et al. UD Japanese GSD \u306e\u518d\u6574\u5099\u3068\u56fa\u6709\u8868\u73fe\u60c5\u5831\u4ed8\u4e0e. \u8a00\u8a9e\u51e6\u7406\u5b66\u4f1a\u7b2c26\u56de\u5e74\u6b21\u5927\u4f1a\u767a\u8868, 2020"
    },
    {
      "name": "SudachiPy",
      "author": "Works Applications",
      "url": "https://github.com/WorksApplications/SudachiPy",
      "license": "Apache License, Version 2.0",
      "citation": "Takaoka, Hisamoto, et al. Sudachi: a Japanese Tokenizer for Business. LREC, 2018"
    },
    {
      "name": "SudachiDict",
      "author": "Works Applications",
      "url": "https://github.com/WorksApplications/SudachiDict",
      "license": "Apache License, Version 2.0",
      "citation": "Sakamoto, Kawahara, et al. \u5f62\u614b\u7d20\u89e3\u6790\u5668\u300eSudachi\u300f\u306e\u305f\u3081\u306e\u5927\u898f\u6a21\u8f9e\u66f8\u958b\u767a. \u8a00\u8a9e\u8cc7\u6e90\u6d3b\u7528\u30ef\u30fc\u30af\u30b7\u30e7\u30c3\u30d7, 2018"
    }
  ],
  "requirements": [
    "sudachipy>=0.4.5",
    "sudachidict_core>=20200330"
  ],
  "pipeline": [
    "parser",
    "ner"
  ],
  "version": "2.3.2",
  "spacy_version": ">=2.3.0,<2.4.0",
  "parent_package": "spacy",
  "accuracy": {
    "las": 86.9335278563,
    "uas": 88.6477614662,
    "token_acc": 97.6652091412,
    "las_per_type": {
      "nummod": {
        "p": 97.6744186047,
        "r": 86.5979381443,
        "f": 91.8032786885
      },
      "compound": {
        "p": 94.6405228758,
        "r": 89.8820608318,
        "f": 92.199936326
      },
      "nmod": {
        "p": 88.5333333333,
        "r": 80.0,
        "f": 84.0506329114
      },
      "case": {
        "p": 97.9913351713,
        "r": 94.9980908744,
        "f": 96.4715005816
      },
      "obl": {
        "p": 77.4630541872,
        "r": 75.6009615385,
        "f": 76.5206812652
      },
      "obj": {
        "p": 93.7086092715,
        "r": 86.2804878049,
        "f": 89.8412698413
      },
      "advcl": {
        "p": 70.0787401575,
        "r": 62.2377622378,
        "f": 65.9259259259
      },
      "aux": {
        "p": 96.3909774436,
        "r": 92.8985507246,
        "f": 94.6125461255
      },
      "root": {
        "p": 85.9778597786,
        "r": 93.0139720559,
        "f": 89.3576222435
      },
      "nsubj": {
        "p": 83.2967032967,
        "r": 78.9583333333,
        "f": 81.0695187166
      },
      "mark": {
        "p": 95.4451345756,
        "r": 90.7480314961,
        "f": 93.0373360242
      },
      "acl": {
        "p": 83.1381733021,
        "r": 78.1938325991,
        "f": 80.5902383655
      },
      "amod": {
        "p": 96.1538461538,
        "r": 62.5,
        "f": 75.7575757576
      },
      "cop": {
        "p": 95.4285714286,
        "r": 91.7582417582,
        "f": 93.5574229692
      },
      "advmod": {
        "p": 73.8636363636,
        "r": 51.5873015873,
        "f": 60.7476635514
      },
      "fixed": {
        "p": 94.6524064171,
        "r": 97.2527472527,
        "f": 95.9349593496
      },
      "cc": {
        "p": 74.4680851064,
        "r": 76.0869565217,
        "f": 75.2688172043
      },
      "det": {
        "p": 94.3396226415,
        "r": 98.0392156863,
        "f": 96.1538461538
      },
      "dislocated": {
        "p": 61.1111111111,
        "r": 57.8947368421,
        "f": 59.4594594595
      },
      "dep": {
        "p": 0.0,
        "r": 0.0,
        "f": 0.0
      },
      "csubj": {
        "p": 90.9090909091,
        "r": 76.9230769231,
        "f": 83.3333333333
      },
      "ccomp": {
        "p": 95.2380952381,
        "r": 90.9090909091,
        "f": 93.023255814
      }
    },
    "ents_f": 61.0354223433,
    "ents_p": 65.401459854,
    "ents_r": 57.2158365262,
    "ents_per_type": {
      "GPE": {
        "p": 69.7368421053,
        "r": 56.3829787234,
        "f": 62.3529411765
      },
      "DATE": {
        "p": 96.2264150943,
        "r": 94.4444444444,
        "f": 95.3271028037
      },
      "ORG": {
        "p": 46.0317460317,
        "r": 44.2748091603,
        "f": 45.1361867704
      },
      "PERSON": {
        "p": 50.406504065,
        "r": 44.6043165468,
        "f": 47.3282442748
      },
      "PRODUCT": {
        "p": 38.7096774194,
        "r": 29.2682926829,
        "f": 33.3333333333
      },
      "TITLE_AFFIX": {
        "p": 76.1904761905,
        "r": 53.3333333333,
        "f": 62.7450980392
      },
      "ORDINAL": {
        "p": 68.4210526316,
        "r": 68.4210526316,
        "f": 68.4210526316
      },
      "QUANTITY": {
        "p": 79.7101449275,
        "r": 83.3333333333,
        "f": 81.4814814815
      },
      "TIME": {
        "p": 66.6666666667,
        "r": 100.0,
        "f": 80.0
      },
      "NORP": {
        "p": 74.0740740741,
        "r": 62.5,
        "f": 67.7966101695
      },
      "EVENT": {
        "p": 93.75,
        "r": 57.6923076923,
        "f": 71.4285714286
      },
      "FAC": {
        "p": 50.0,
        "r": 27.027027027,
        "f": 35.0877192982
      },
      "MONEY": {
        "p": 42.8571428571,
        "r": 42.8571428571,
        "f": 42.8571428571
      },
      "LOC": {
        "p": 58.3333333333,
        "r": 70.0,
        "f": 63.6363636364
      },
      "MOVEMENT": {
        "p": 0.0,
        "r": 0.0,
        "f": 0.0
      },
      "WORK_OF_ART": {
        "p": 64.2857142857,
        "r": 52.9411764706,
        "f": 58.064516129
      },
      "LANGUAGE": {
        "p": 100.0,
        "r": 100.0,
        "f": 100.0
      },
      "PERCENT": {
        "p": 66.6666666667,
        "r": 28.5714285714,
        "f": 40.0
      },
      "LAW": {
        "p": 100.0,
        "r": 33.3333333333,
        "f": 50.0
      },
      "CARDINAL": {
        "p": 0.0,
        "r": 0.0,
        "f": 0.0
      }
    }
  },
  "speed": {
    "cpu": 8370.318959454,
    "gpu": null,
    "nwords": 12121
  },
  "labels": {
    "parser": [
      "ROOT",
      "acl",
      "advcl",
      "advmod",
      "amod",
      "aux",
      "case",
      "cc",
      "ccomp",
      "compound",
      "cop",
      "csubj",
      "dep",
      "det",
      "dislocated",
      "fixed",
      "mark",
      "nmod",
      "nsubj",
      "nummod",
      "obj",
      "obl",
      "punct"
    ],
    "ner": [
      "CARDINAL",
      "DATE",
      "EVENT",
      "FAC",
      "GPE",
      "LANGUAGE",
      "LAW",
      "LOC",
      "MONEY",
      "MOVEMENT",
      "NORP",
      "ORDINAL",
      "ORG",
      "PERCENT",
      "PERSON",
      "PET_NAME",
      "PHONE",
      "PRODUCT",
      "QUANTITY",
      "TIME",
      "TITLE_AFFIX",
      "WORK_OF_ART"
    ]
  },
  "size": "7 MB",
  "checksum": "ab346bf623f59965d4813a5b9c8d19d19ccbf37e5e0f3b99684f9b5990c1be11"
}