{
  "lang": "ja",
  "name": "core_news_lg",
  "version": "3.0.0",
  "description": "Japanese pipeline optimized for CPU. Components: tok2vec, parser, senter, ner, attribute_ruler.",
  "author": "Explosion",
  "email": "contact@explosion.ai",
  "url": "https://explosion.ai",
  "license": "CC BY-SA 4.0",
  "spacy_version": ">=3.0.0,<3.1.0",
  "spacy_git_version": "e7db07a0b",
  "vectors": {
    "width": 300,
    "vectors": 480443,
    "keys": 480443,
    "name": "ja_vectors"
  },
  "labels": {
    "tok2vec": [],
    "parser": [
      "ROOT",
      "acl",
      "advcl",
      "advmod",
      "amod",
      "aux",
      "case",
      "cc",
      "ccomp",
      "compound",
      "cop",
      "csubj",
      "dep",
      "det",
      "dislocated",
      "fixed",
      "mark",
      "nmod",
      "nsubj",
      "nummod",
      "obj",
      "obl",
      "punct"
    ],
    "senter": [
      "I",
      "S"
    ],
    "ner": [
      "CARDINAL",
      "DATE",
      "EVENT",
      "FAC",
      "GPE",
      "LANGUAGE",
      "LAW",
      "LOC",
      "MONEY",
      "MOVEMENT",
      "NORP",
      "ORDINAL",
      "ORG",
      "PERCENT",
      "PERSON",
      "PET_NAME",
      "PHONE",
      "PRODUCT",
      "QUANTITY",
      "TIME",
      "TITLE_AFFIX",
      "WORK_OF_ART"
    ],
    "attribute_ruler": []
  },
  "pipeline": [
    "tok2vec",
    "parser",
    "ner",
    "attribute_ruler"
  ],
  "components": [
    "tok2vec",
    "parser",
    "senter",
    "ner",
    "attribute_ruler"
  ],
  "disabled": [
    "senter"
  ],
  "performance": {
    "token_acc": 0.9968965945,
    "tag_acc": 0.9721069235,
    "pos_acc": 0.9638924669,
    "dep_uas": 0.9182562554,
    "dep_las": 0.8993190439,
    "ents_p": 0.7391891892,
    "ents_r": 0.6985951469,
    "ents_f": 0.718319107,
    "sents_p": 0.9801192843,
    "sents_r": 0.9840319361,
    "sents_f": 0.9820717131,
    "speed": 13074.433715453,
    "dep_las_per_type": {
      "cc": {
        "p": 0.8260869565,
        "r": 0.8260869565,
        "f": 0.8260869565
      },
      "nummod": {
        "p": 0.9732824427,
        "r": 0.8762886598,
        "f": 0.9222423146
      },
      "compound": {
        "p": 0.9369482976,
        "r": 0.922408442,
        "f": 0.9296215202
      },
      "obl": {
        "p": 0.7985865724,
        "r": 0.8149038462,
        "f": 0.8066627008
      },
      "case": {
        "p": 0.9838647714,
        "r": 0.9778541428,
        "f": 0.9808502489
      },
      "dislocated": {
        "p": 0.75,
        "r": 0.3157894737,
        "f": 0.4444444444
      },
      "nmod": {
        "p": 0.8783958603,
        "r": 0.8180722892,
        "f": 0.8471615721
      },
      "nsubj": {
        "p": 0.7880658436,
        "r": 0.7979166667,
        "f": 0.7929606625
      },
      "root": {
        "p": 0.9677419355,
        "r": 0.9580838323,
        "f": 0.962888666
      },
      "aux": {
        "p": 0.9583033789,
        "r": 0.965942029,
        "f": 0.9621075424
      },
      "advcl": {
        "p": 0.6456876457,
        "r": 0.6456876457,
        "f": 0.6456876457
      },
      "mark": {
        "p": 0.9517102616,
        "r": 0.9311023622,
        "f": 0.9412935323
      },
      "acl": {
        "p": 0.8135964912,
        "r": 0.8171806167,
        "f": 0.8153846154
      },
      "obj": {
        "p": 0.9473684211,
        "r": 0.9329268293,
        "f": 0.9400921659
      },
      "fixed": {
        "p": 0.9322916667,
        "r": 0.9835164835,
        "f": 0.9572192513
      },
      "advmod": {
        "p": 0.6153846154,
        "r": 0.4444444444,
        "f": 0.5161290323
      },
      "amod": {
        "p": 0.9642857143,
        "r": 0.675,
        "f": 0.7941176471
      },
      "cop": {
        "p": 0.9553072626,
        "r": 0.9395604396,
        "f": 0.9473684211
      },
      "ccomp": {
        "p": 0.95,
        "r": 0.8636363636,
        "f": 0.9047619048
      },
      "det": {
        "p": 1.0,
        "r": 1.0,
        "f": 1.0
      },
      "csubj": {
        "p": 0.8333333333,
        "r": 0.7692307692,
        "f": 0.8
      }
    },
    "ents_per_type": {
      "DATE": {
        "p": 0.9433962264,
        "r": 0.9259259259,
        "f": 0.9345794393
      },
      "ORG": {
        "p": 0.626984127,
        "r": 0.6030534351,
        "f": 0.6147859922
      },
      "PERSON": {
        "p": 0.7793103448,
        "r": 0.8129496403,
        "f": 0.7957746479
      },
      "GPE": {
        "p": 0.6813186813,
        "r": 0.6595744681,
        "f": 0.6702702703
      },
      "PRODUCT": {
        "p": 0.5806451613,
        "r": 0.4390243902,
        "f": 0.5
      },
      "TIME": {
        "p": 0.5714285714,
        "r": 1.0,
        "f": 0.7272727273
      },
      "QUANTITY": {
        "p": 0.8955223881,
        "r": 0.9090909091,
        "f": 0.9022556391
      },
      "NORP": {
        "p": 0.724137931,
        "r": 0.65625,
        "f": 0.6885245902
      },
      "ORDINAL": {
        "p": 0.5714285714,
        "r": 0.6315789474,
        "f": 0.6
      },
      "TITLE_AFFIX": {
        "p": 0.8,
        "r": 0.5333333333,
        "f": 0.64
      },
      "WORK_OF_ART": {
        "p": 0.6875,
        "r": 0.6470588235,
        "f": 0.6666666667
      },
      "FAC": {
        "p": 0.48,
        "r": 0.3243243243,
        "f": 0.3870967742
      },
      "PERCENT": {
        "p": 0.6666666667,
        "r": 0.2857142857,
        "f": 0.4
      },
      "EVENT": {
        "p": 0.75,
        "r": 0.5769230769,
        "f": 0.652173913
      },
      "LOC": {
        "p": 0.4444444444,
        "r": 0.8,
        "f": 0.5714285714
      },
      "MOVEMENT": {
        "p": 0.0,
        "r": 0.0,
        "f": 0.0
      },
      "LAW": {
        "p": 1.0,
        "r": 0.3333333333,
        "f": 0.5
      },
      "MONEY": {
        "p": 1.0,
        "r": 1.0,
        "f": 1.0
      },
      "LANGUAGE": {
        "p": 1.0,
        "r": 1.0,
        "f": 1.0
      },
      "CARDINAL": {
        "p": 0.0,
        "r": 0.0,
        "f": 0.0
      }
    }
  },
  "sources": [],
  "requirements": [
    "sudachipy>=0.4.9",
    "sudachidict-core>=20200330"
  ],
  "size": "531 MB",
  "checksum": "ea479d9905dce0e456465b8089d174e100b81fd919490e5fb4ddac60b4857457",
  "checksum_whl": "224d1b211f686818f1e3117c2b610f7a652492609bd12511c2ca94fb7d381b20"
}