{
  "lang": "ja",
  "name": "core_news_trf",
  "version": "3.2.0",
  "description": "Japanese transformer pipeline (cl-tohoku/bert-base-japanese-char-v2). Components: transformer, morphologizer, parser, ner, attribute_ruler.",
  "author": "Explosion",
  "email": "contact@explosion.ai",
  "url": "https://explosion.ai",
  "license": "CC BY-SA 3.0",
  "spacy_version": ">=3.2.0,<3.3.0",
  "spacy_git_version": "bb26550e2",
  "vectors": {
    "width": 0,
    "vectors": 0,
    "keys": 0,
    "name": null
  },
  "labels": {
    "transformer": [],
    "morphologizer": [
      "POS=NOUN",
      "POS=ADP",
      "POS=VERB",
      "POS=SCONJ",
      "POS=AUX",
      "POS=PUNCT",
      "POS=PART",
      "POS=DET",
      "POS=NUM",
      "POS=ADV",
      "POS=PRON",
      "POS=ADJ",
      "POS=PROPN",
      "POS=CCONJ",
      "POS=SYM",
      "POS=NOUN|Polarity=Neg",
      "POS=AUX|Polarity=Neg",
      "POS=INTJ",
      "POS=SCONJ|Polarity=Neg"
    ],
    "parser": [
      "ROOT",
      "acl",
      "advcl",
      "advmod",
      "amod",
      "aux",
      "case",
      "cc",
      "ccomp",
      "compound",
      "cop",
      "csubj",
      "dep",
      "det",
      "dislocated",
      "fixed",
      "mark",
      "nmod",
      "nsubj",
      "nummod",
      "obj",
      "obl",
      "punct"
    ],
    "attribute_ruler": [],
    "ner": [
      "CARDINAL",
      "DATE",
      "EVENT",
      "FAC",
      "GPE",
      "LANGUAGE",
      "LAW",
      "LOC",
      "MONEY",
      "MOVEMENT",
      "NORP",
      "ORDINAL",
      "ORG",
      "PERCENT",
      "PERSON",
      "PET_NAME",
      "PHONE",
      "PRODUCT",
      "QUANTITY",
      "TIME",
      "TITLE_AFFIX",
      "WORK_OF_ART"
    ]
  },
  "pipeline": [
    "transformer",
    "morphologizer",
    "parser",
    "attribute_ruler",
    "ner"
  ],
  "components": [
    "transformer",
    "morphologizer",
    "parser",
    "attribute_ruler",
    "ner"
  ],
  "disabled": [],
  "performance": {
    "token_acc": 0.9968649485,
    "token_p": 0.9764591282,
    "token_r": 0.9790021974,
    "token_f": 0.9777290092,
    "pos_acc": 0.979535036,
    "morph_acc": 0.0040005162,
    "morph_micro_p": 0.3401360544,
    "morph_micro_r": 0.9803921569,
    "morph_micro_f": 0.5050505051,
    "morph_per_feat": {
      "Polarity": {
        "p": 1.0,
        "r": 0.9803921569,
        "f": 0.9900990099
      },
      "Inflection": {
        "p": 0.0,
        "r": 0.0,
        "f": 0.0
      },
      "Reading": {
        "p": 0.0,
        "r": 0.0,
        "f": 0.0
      }
    },
    "sents_p": 0.9651162791,
    "sents_r": 0.9822485207,
    "sents_f": 0.9736070381,
    "dep_uas": 0.93273906,
    "dep_las": 0.9210550005,
    "dep_las_per_type": {
      "cc": {
        "p": 0.8333333333,
        "r": 0.8333333333,
        "f": 0.8333333333
      },
      "compound": {
        "p": 0.9602137767,
        "r": 0.9114994363,
        "f": 0.9352226721
      },
      "obl": {
        "p": 0.8567870486,
        "r": 0.8589263421,
        "f": 0.8578553616
      },
      "case": {
        "p": 0.9862332696,
        "r": 0.9798632219,
        "f": 0.9830379264
      },
      "dislocated": {
        "p": 0.5625,
        "r": 0.6923076923,
        "f": 0.6206896552
      },
      "nsubj": {
        "p": 0.8610567515,
        "r": 0.8445297505,
        "f": 0.8527131783
      },
      "nmod": {
        "p": 0.9132589839,
        "r": 0.8619883041,
        "f": 0.8868832732
      },
      "root": {
        "p": 0.943359375,
        "r": 0.9526627219,
        "f": 0.9479882237
      },
      "aux": {
        "p": 0.9792648445,
        "r": 0.9647168059,
        "f": 0.9719363891
      },
      "advcl": {
        "p": 0.747099768,
        "r": 0.7235955056,
        "f": 0.7351598174
      },
      "mark": {
        "p": 0.9777777778,
        "r": 0.968,
        "f": 0.9728643216
      },
      "fixed": {
        "p": 0.9595070423,
        "r": 0.9909090909,
        "f": 0.9749552773
      },
      "acl": {
        "p": 0.8685344828,
        "r": 0.8857142857,
        "f": 0.8770402612
      },
      "obj": {
        "p": 0.9603658537,
        "r": 0.9516616314,
        "f": 0.9559939302
      },
      "nummod": {
        "p": 0.9869281046,
        "r": 0.8934911243,
        "f": 0.9378881988
      },
      "advmod": {
        "p": 0.7651515152,
        "r": 0.7214285714,
        "f": 0.7426470588
      },
      "amod": {
        "p": 0.8823529412,
        "r": 0.8108108108,
        "f": 0.8450704225
      },
      "cop": {
        "p": 0.9764705882,
        "r": 0.9651162791,
        "f": 0.9707602339
      },
      "ccomp": {
        "p": 0.8181818182,
        "r": 0.8181818182,
        "f": 0.8181818182
      },
      "det": {
        "p": 1.0,
        "r": 0.9811320755,
        "f": 0.9904761905
      },
      "csubj": {
        "p": 0.6666666667,
        "r": 0.8333333333,
        "f": 0.7407407407
      },
      "dep": {
        "p": 0.3333333333,
        "r": 0.4285714286,
        "f": 0.375
      }
    },
    "tag_acc": 0.9715755942,
    "lemma_acc": 0.9659109444,
    "ents_p": 0.8216080402,
    "ents_r": 0.8226415094,
    "ents_f": 0.82212445,
    "ents_per_type": {
      "DATE": {
        "p": 0.9722222222,
        "r": 0.9633027523,
        "f": 0.9677419355
      },
      "ORG": {
        "p": 0.7615384615,
        "r": 0.7226277372,
        "f": 0.7415730337
      },
      "TITLE_AFFIX": {
        "p": 0.7647058824,
        "r": 0.8666666667,
        "f": 0.8125
      },
      "PERSON": {
        "p": 0.9208633094,
        "r": 0.9208633094,
        "f": 0.9208633094
      },
      "GPE": {
        "p": 0.7407407407,
        "r": 0.8510638298,
        "f": 0.7920792079
      },
      "TIME": {
        "p": 1.0,
        "r": 1.0,
        "f": 1.0
      },
      "QUANTITY": {
        "p": 0.8630136986,
        "r": 0.9545454545,
        "f": 0.9064748201
      },
      "NORP": {
        "p": 0.6923076923,
        "r": 0.5625,
        "f": 0.6206896552
      },
      "ORDINAL": {
        "p": 0.7619047619,
        "r": 0.7272727273,
        "f": 0.7441860465
      },
      "WORK_OF_ART": {
        "p": 0.75,
        "r": 0.7058823529,
        "f": 0.7272727273
      },
      "CARDINAL": {
        "p": 1.0,
        "r": 0.5,
        "f": 0.6666666667
      },
      "LOC": {
        "p": 0.5714285714,
        "r": 0.8,
        "f": 0.6666666667
      },
      "PERCENT": {
        "p": 1.0,
        "r": 1.0,
        "f": 1.0
      },
      "EVENT": {
        "p": 1.0,
        "r": 0.8461538462,
        "f": 0.9166666667
      },
      "PRODUCT": {
        "p": 0.5555555556,
        "r": 0.4761904762,
        "f": 0.5128205128
      },
      "FAC": {
        "p": 0.8,
        "r": 0.7567567568,
        "f": 0.7777777778
      },
      "MOVEMENT": {
        "p": 0.3333333333,
        "r": 0.4,
        "f": 0.3636363636
      },
      "LAW": {
        "p": 0.6666666667,
        "r": 0.6666666667,
        "f": 0.6666666667
      },
      "MONEY": {
        "p": 1.0,
        "r": 1.0,
        "f": 1.0
      },
      "LANGUAGE": {
        "p": 1.0,
        "r": 1.0,
        "f": 1.0
      }
    },
    "speed": 3148.9538993528
  },
  "sources": [
    {
      "name": "UD Japanese GSD v2.8",
      "url": "https://github.com/UniversalDependencies/UD_Japanese-GSD",
      "license": "CC BY-SA 4.0",
      "author": "Omura, Mai; Miyao, Yusuke; Kanayama, Hiroshi; Matsuda, Hiroshi; Wakasa, Aya; Yamashita, Kayo; Asahara, Masayuki; Tanaka, Takaaki; Murawaki, Yugo; Matsumoto, Yuji; Mori, Shinsuke; Uematsu, Sumire; McDonald, Ryan; Nivre, Joakim; Zeman, Daniel"
    },
    {
      "name": "UD Japanese GSD v2.8 NER",
      "url": "https://github.com/megagonlabs/UD_Japanese-GSD",
      "license": "CC BY-SA 4.0",
      "author": "Megagon Labs Tokyo"
    },
    {
      "name": "cl-tohoku/bert-base-japanese-char-v2",
      "author": "Inui Laboratory, Tohoku University",
      "url": "https://huggingface.co/cl-tohoku/bert-base-japanese-char-v2",
      "license": "CC BY-SA 3.0"
    }
  ],
  "requirements": [
    "spacy-transformers>=1.1.2,<1.2.0",
    "sudachipy>=0.4.9",
    "sudachidict-core>=20200330"
  ],
  "size": "322 MB",
  "checksum": "00e859a9e321b345952aafe3d8c2418b3f420f612b98ddd4d40e1401357881ae",
  "checksum_whl": "91282e4c86dd71514c2112ef0869ff54a07a328a3e3833920e52d60392ac1d94"
}