{
  "lang": "ja",
  "name": "core_news_md",
  "version": "3.0.0",
  "description": "Japanese pipeline optimized for CPU. Components: tok2vec, parser, senter, ner, attribute_ruler.",
  "author": "Explosion",
  "email": "contact@explosion.ai",
  "url": "https://explosion.ai",
  "license": "CC BY-SA 4.0",
  "spacy_version": ">=3.0.0,<3.1.0",
  "spacy_git_version": "e7db07a0b",
  "vectors": {
    "width": 300,
    "vectors": 20000,
    "keys": 480443,
    "name": "ja_vectors"
  },
  "labels": {
    "tok2vec": [],
    "parser": [
      "ROOT",
      "acl",
      "advcl",
      "advmod",
      "amod",
      "aux",
      "case",
      "cc",
      "ccomp",
      "compound",
      "cop",
      "csubj",
      "dep",
      "det",
      "dislocated",
      "fixed",
      "mark",
      "nmod",
      "nsubj",
      "nummod",
      "obj",
      "obl",
      "punct"
    ],
    "senter": [
      "I",
      "S"
    ],
    "ner": [
      "CARDINAL",
      "DATE",
      "EVENT",
      "FAC",
      "GPE",
      "LANGUAGE",
      "LAW",
      "LOC",
      "MONEY",
      "MOVEMENT",
      "NORP",
      "ORDINAL",
      "ORG",
      "PERCENT",
      "PERSON",
      "PET_NAME",
      "PHONE",
      "PRODUCT",
      "QUANTITY",
      "TIME",
      "TITLE_AFFIX",
      "WORK_OF_ART"
    ],
    "attribute_ruler": []
  },
  "pipeline": [
    "tok2vec",
    "parser",
    "ner",
    "attribute_ruler"
  ],
  "components": [
    "tok2vec",
    "parser",
    "senter",
    "ner",
    "attribute_ruler"
  ],
  "disabled": [
    "senter"
  ],
  "performance": {
    "token_acc": 0.9968965945,
    "tag_acc": 0.9721069235,
    "pos_acc": 0.9638924669,
    "dep_uas": 0.9221617169,
    "dep_las": 0.9022907046,
    "ents_p": 0.7496522949,
    "ents_r": 0.6883780332,
    "ents_f": 0.7177097204,
    "sents_p": 0.9879759519,
    "sents_r": 0.9840319361,
    "sents_f": 0.986,
    "speed": 13449.3210801937,
    "dep_las_per_type": {
      "cc": {
        "p": 0.7142857143,
        "r": 0.7608695652,
        "f": 0.7368421053
      },
      "nummod": {
        "p": 0.9691119691,
        "r": 0.8625429553,
        "f": 0.9127272727
      },
      "compound": {
        "p": 0.9425867508,
        "r": 0.9273743017,
        "f": 0.9349186483
      },
      "obl": {
        "p": 0.7924311927,
        "r": 0.8305288462,
        "f": 0.8110328638
      },
      "case": {
        "p": 0.9869281046,
        "r": 0.9801450935,
        "f": 0.9835249042
      },
      "dislocated": {
        "p": 0.5555555556,
        "r": 0.2631578947,
        "f": 0.3571428571
      },
      "nmod": {
        "p": 0.8817345598,
        "r": 0.8084337349,
        "f": 0.8434946574
      },
      "nsubj": {
        "p": 0.7950819672,
        "r": 0.8083333333,
        "f": 0.8016528926
      },
      "root": {
        "p": 0.9716024341,
        "r": 0.9560878244,
        "f": 0.9637826962
      },
      "aux": {
        "p": 0.9590517241,
        "r": 0.9673913043,
        "f": 0.9632034632
      },
      "advcl": {
        "p": 0.6745283019,
        "r": 0.6666666667,
        "f": 0.6705744431
      },
      "mark": {
        "p": 0.958,
        "r": 0.9429133858,
        "f": 0.9503968254
      },
      "acl": {
        "p": 0.8118161926,
        "r": 0.8171806167,
        "f": 0.8144895719
      },
      "obj": {
        "p": 0.9467084639,
        "r": 0.9207317073,
        "f": 0.9335394127
      },
      "fixed": {
        "p": 0.9473684211,
        "r": 0.989010989,
        "f": 0.9677419355
      },
      "advmod": {
        "p": 0.6941176471,
        "r": 0.4682539683,
        "f": 0.5592417062
      },
      "amod": {
        "p": 0.9642857143,
        "r": 0.675,
        "f": 0.7941176471
      },
      "cop": {
        "p": 0.9653179191,
        "r": 0.9175824176,
        "f": 0.9408450704
      },
      "ccomp": {
        "p": 0.9090909091,
        "r": 0.9090909091,
        "f": 0.9090909091
      },
      "det": {
        "p": 0.9803921569,
        "r": 0.9803921569,
        "f": 0.9803921569
      },
      "csubj": {
        "p": 0.7692307692,
        "r": 0.7692307692,
        "f": 0.7692307692
      },
      "dep": {
        "p": 0.0,
        "r": 0.0,
        "f": 0.0
      }
    },
    "ents_per_type": {
      "DATE": {
        "p": 0.962962963,
        "r": 0.962962963,
        "f": 0.962962963
      },
      "ORG": {
        "p": 0.6578947368,
        "r": 0.572519084,
        "f": 0.612244898
      },
      "TITLE_AFFIX": {
        "p": 0.7407407407,
        "r": 0.6666666667,
        "f": 0.701754386
      },
      "PERSON": {
        "p": 0.7857142857,
        "r": 0.7122302158,
        "f": 0.7471698113
      },
      "GPE": {
        "p": 0.670212766,
        "r": 0.670212766,
        "f": 0.670212766
      },
      "QUANTITY": {
        "p": 0.890625,
        "r": 0.8636363636,
        "f": 0.8769230769
      },
      "TIME": {
        "p": 0.6666666667,
        "r": 1.0,
        "f": 0.8
      },
      "NORP": {
        "p": 0.5925925926,
        "r": 0.5,
        "f": 0.5423728814
      },
      "ORDINAL": {
        "p": 0.5833333333,
        "r": 0.7368421053,
        "f": 0.6511627907
      },
      "WORK_OF_ART": {
        "p": 0.6315789474,
        "r": 0.7058823529,
        "f": 0.6666666667
      },
      "FAC": {
        "p": 0.68,
        "r": 0.4594594595,
        "f": 0.5483870968
      },
      "PERCENT": {
        "p": 0.6666666667,
        "r": 0.2857142857,
        "f": 0.4
      },
      "EVENT": {
        "p": 0.85,
        "r": 0.6538461538,
        "f": 0.7391304348
      },
      "LOC": {
        "p": 0.4736842105,
        "r": 0.9,
        "f": 0.6206896552
      },
      "MOVEMENT": {
        "p": 0.0,
        "r": 0.0,
        "f": 0.0
      },
      "LAW": {
        "p": 1.0,
        "r": 0.3333333333,
        "f": 0.5
      },
      "PRODUCT": {
        "p": 0.5925925926,
        "r": 0.3902439024,
        "f": 0.4705882353
      },
      "MONEY": {
        "p": 1.0,
        "r": 1.0,
        "f": 1.0
      },
      "LANGUAGE": {
        "p": 1.0,
        "r": 1.0,
        "f": 1.0
      },
      "CARDINAL": {
        "p": 0.0,
        "r": 0.0,
        "f": 0.0
      },
      "PET_NAME": {
        "p": 0.0,
        "r": 0.0,
        "f": 0.0
      }
    }
  },
  "sources": [],
  "requirements": [
    "sudachipy>=0.4.9",
    "sudachidict-core>=20200330"
  ],
  "size": "41 MB",
  "checksum": "f84f9baaa5ab73a86741de6029a096fcdbe5cfa95922503e573f3aed2847fcc9",
  "checksum_whl": "9ba3406db6ee439d362c20e554e2dac5c06d423f4b4e1ac9fcede8efc502de61"
}