[
    {
        "X_identifier": "ls_01",
        "X_location": "leaving fullscreen (ls)",
        "english": "Please do not change or minimize the browser window while the study is running. Only if there is a break in the course of the study. ",
        "german": "Bitte wechseln oder minimieren Sie das Browserfenster nicht, während die Studie läuft, sondern nur, wenn es während der Studie eine Pause gibt.",
        "french": "Veuillez ne pas changer ou réduire la fenêtre du navigateur pendant que l'étude est en cours, mais uniquement lorsqu'il y a une pause pendant l'étude.",
        "spanish": "Por favor no cambie o minimize la pestaña hasta que haya teminado la sesión. Solo si hay una pausa."
    },
    {
        "X_identifier": "global_closeButton",
        "X_location": "global",
        "english": "Close",
        "german": "Schließen",
        "french": "Fermer",
        "spanish": "Cerrar"
    },
    {
        "X_identifier": "qr_start",
        "X_location": "quick reference (qr)",
        "english": "Please click on the navigation bar if you need help how to draw a Cognitive Affective Map, else you can just close this window.",
        "german": "Bitte klicken Sie auf die Navigationsleiste, wenn Sie Hilfe brauchen, wie man eine Cognitive Affective Map zeichnet. Ansonsten können Sie dieses Fenster jetzt schließen.",
        "french": "Veuillez cliquer sur la barre de navigation si vous avez besoin d'aide pour dessiner une Cognitive Affective Map. Sinon, vous pouvez maintenant fermer cette fenêtre.",
        "spanish": "Si necesita ayuda sobre como trazar un Cognitive Affective Map por favor haga clic en la barra de navegación, en caso contrario usted puede simplemente cerrar esta ventana"
    },
    {
        "X_identifier": "qr_top",
        "X_location": "quick reference",
        "english": "Quick reference",
        "german": "Schnellübersicht",
        "french": "Aperçu rapide",
        "spanish": "Referencia rápida"
    },
    {
        "X_identifier": "qr_legend_10",
        "X_location": "quick reference",
        "english": "Every concept is given a basic emotional value:",
        "german": "Jedes Konzept erhält einen grundlegenden emotionalen Wert:",
        "french": "Chaque concept se voit attribuer une valeur émotionnelle fondamentale:",
        "spanish": "A cada concepto se le asigna un valor emocionál básico:"
    },
    {
        "X_identifier": "qr_legend_11",
        "X_location": "quick reference",
        "english": "Positive concept",
        "german": "Positives Konzept",
        "french": "Concept positif",
        "spanish": "Concepto positivo"
    },
    {
        "X_identifier": "qr_legend_12",
        "X_location": "quick reference",
        "english": "Negative concept",
        "german": "Negatives Konzept",
        "french": "Concept négatif",
        "spanish": "Concepto negativo"
    },
    {
        "X_identifier": "qr_legend_13",
        "X_location": "quick reference",
        "english": "Ambivalent concept",
        "german": "Ambivalentes Konzept",
        "french": "Concept ambivalent",
        "spanish": "Concepto ambivalente"
    },
    {
        "X_identifier": "qr_legend_14",
        "X_location": "quick reference",
        "english": "Neutral concept",
        "german": "Neutrales Konzept",
        "french": "Concept neutre",
        "spanish": "Concepto neutro"
    },
    {
        "X_identifier": "qr_legend_20",
        "X_location": "quick reference",
        "english": "Draw links between concepts that are related to each other:",
        "german": "Zeichnen Sie Verbindungen zwischen Konzepten, die in einem Zusammenhang zueinander stehen",
        "french": "Dessinez des liens entre les concepts qui ont un rapport entre eux.",
        "spanish": "Traze conecciones entre conceptos que están relacionados entre si "
    },
    {
        "X_identifier": "qr_legend_21",
        "X_location": "quick reference",
        "english": "Concepts support each other",
        "german": "Konzepte verstärken einander",
        "french": "Les concepts se renforcent mutuellement",
        "spanish": "Los conceptos se refuerzan mutualmente"
    },
    {
        "X_identifier": "qr_legend_22",
        "X_location": "quick reference",
        "english": "Concepts oppose each other",
        "german": "Konzepte hemmen einander",
        "french": "Les concepts s'inhibent mutuellement",
        "spanish": "Los conceptos se inhiben mutualmente"
    },
    {
        "X_identifier": "qr_legend_30",
        "X_location": "quick reference",
        "english": "Move your Cognitive-Affective Map",
        "german": "Bewegen Sie Ihre Cognitive Affective Map",
        "french": "Déplacez votre Cognitive Affective Map",
        "spanish": "Mueva su Cognitive Affective Map"
    },
    {
        "X_identifier": "qr_legend_31",
        "X_location": "quick reference",
        "english": "by moving your cursor to the edge of the drawing window (grey area):",
        "german": "dadurch, dass Sie den Cursor zum Rand des Zeichenfensters (grauer Bereich) bewegen",
        "french": "en déplaçant le curseur vers le bord de la fenêtre de dessin (zone grise)",
        "spanish": "por mover el cursor del ratón hacia el borde de la ventana de trazar (area griz)"
    },
    {
        "X_identifier": "qr_concept_10",
        "X_location": "quick reference",
        "english": "Create, update, delete concepts:",
        "german": "Konzepte erstellen, aktualisieren, löschen:",
        "french": "Créer, actualiser, supprimer des concepts:",
        "spanish": "Crear, actualizar, borrar conceptos:"
    },
    {
        "X_identifier": "qr_concept_11",
        "X_location": "quick reference",
        "english": "<b>Create:<\/b> Single click on blank drawing space",
        "german": "<b>Erstellen:<\/b> Einzelner Mausklick auf die weiße Zeichenfläche",
        "french": "<b>Créer:<\/b> Un seul clic de souris sur la zone de dessin blanche",
        "spanish": "<b>Crear:<\/b> Haga clic simple en el área blanco de trazar"
    },
    {
        "X_identifier": "qr_concept_12",
        "X_location": "quick reference",
        "english": "<b>Update:<\/b> Double click on existing concept",
        "german": "<b>Aktualisieren:<\/b> Doppelklick auf bereits existierendes Konzept",
        "french": "<b>Mise à jour:<\/b> double-clic sur un concept déjà existant",
        "spanish": "<b>Actualizar:<\/b> Haga doble clic en concepto ya existente"
    },
    {
        "X_identifier": "qr_concept_13",
        "X_location": "quick reference",
        "english": "<b>Delete:<\/b> Double click on existing concept and press on the \"trash bin\" symbol top right",
        "german": "<b>Löschen:<\/b> Doppelklick auf bereits existierendes Konzept und anschließend Klick auf \"Papierkorb\" Symbol in der oberen rechten Ecke, des Fensters, das sich öffnet",
        "french": "<b>Effacer:<\/b> double-clic sur un concept déjà existant, puis clic sur l'icône \"Corbeille\" en haut à droite de la fenêtre qui s'ouvre.",
        "spanish": "<b>Borrar:<\/b> Haga doble clic en concepto ya existente seguido por un clic en el simbolo de \"papelera\"  en la esquina superior derecha de la ventana que se abre"
    },
    {
        "X_identifier": "qr_concept_20",
        "X_location": "quick reference",
        "english": "Change content of concepts:",
        "german": "Inhalt von Konzepten verändern:",
        "french": "Modifier le contenu des concepts:",
        "spanish": "Cambiar contenido de conceptos:"
    },
    {
        "X_identifier": "qr_concept_21",
        "X_location": "quick reference",
        "english": "<b>Add text:<\/b> Change the content of the concept (use only single words)",
        "german": "<b>Text hinzufügen:<\/b> Verändern sie den Inhalt des Konzepts (benutzen Sie nur einzelne Worte)",
        "french": "<b>Ajouter du texte:<\/b> Modifier le contenu du concept (n'utiliser que des mots isolés)",
        "spanish": "<b>Añadir texto:<\/b> Cambie el contenido del concepto (use solamente palabras individuales)"
    },
    {
        "X_identifier": "qr_concept_22",
        "X_location": "quick reference",
        "english": "<b>Change type and strength:<\/b> Use the slider to change the emotional attribution and strength of the concept",
        "german": "<b>Art und Stärke verändern:<\/b> Benutzen Sie den Regler, um die dem Konzepts zugeordnete Emotion und deren Stärke zu verändern",
        "french": "<b>Modifier le type et la force:<\/b> Utilisez le curseur pour modifier l'émotion associée au concept et sa force.",
        "spanish": "<b>Cambiar tipo e intensidad:<\/b> Use el control deslizante para cambiar el tipo y la intensidad de la emoción que se le atribuye al concepto"
    },
    {
        "X_identifier": "qr_concept_23",
        "X_location": "quick reference",
        "english": "<b>Add comment:<\/b> type comment in the \"Comment\" section",
        "german": "<b>Kommentar hinzufügen:<\/b> Schreiben Sie einen Kommentar in das Eingabefeld \"Kommentar\"",
        "french": "<b>Ajouter un commentaire:<\/b> Ecrivez un commentaire dans le champ de saisie \"Commentaire\".",
        "spanish": "<b>Añadir comentario:<\/b> Escriba un comentario en el campo de entrade \"comentario\" "
    },
    {
        "X_identifier": "qr_connection_10",
        "X_location": "quick reference",
        "english": "Create, update, delete connections:",
        "german": "Verbindungen erstellen, aktualisieren, löschen:",
        "french": "Créer, mettre à jour, supprimer des connexions:",
        "spanish": "Crear, actualizar, borrar conecciones:"
    },
    {
        "X_identifier": "qr_connection_11",
        "X_location": "quick reference",
        "english": "<b>Create:<\/b> Click on two concepts to draw a connection",
        "german": "<b>Erstellen:<\/b> Klicken Sie auf zwei Konzepte um eine Verbindung zu zeichnen",
        "french": "<b>Créer:<\/b> Cliquez sur deux concepts pour dessiner un lien",
        "spanish": "<b>Crear:<\/b> Haga clic en dos conceptos para trazar una conexión entre ellos"
    },
    {
        "X_identifier": "qr_connection_12",
        "X_location": "quick reference",
        "english": "<b>Update:<\/b> Double click on existing connection",
        "german": "<b>Aktualisieren:<\/b> Doppelklick auf bereits existierende Verbindung",
        "french": "<b>Mettre à jour:<\/b> double-clic sur une connexion déjà existante",
        "spanish": "<b>Actualizar:<\/b> Haga doble clic en conexión ya existente"
    },
    {
        "X_identifier": "qr_connection_13",
        "X_location": "quick reference",
        "english": "<b>Delete:<\/b> Double click on existing concept and press on the \"trash bin\" symbol top right",
        "german": "<b>Löschen:<\/b> Doppelklick auf bereits existierende Verbindung und anschließend Klick auf \"Papierkorb\" Symbol in der oberen rechten Ecke, des Fensters, das sich öffnet",
        "french": "<b>Effacer:<\/b> double-clic sur une connexion existante, puis clic sur l'icône \"Corbeille\" dans le coin supérieur droit de la fenêtre qui s'ouvre.",
        "spanish": "<b>Borrar:<\/b> Haga doble clic en conexión ya existente seguido por un clic en el simbolo de \"papelera\" en la esquina superior derecha de la ventana que se abre"
    },
    {
        "X_identifier": "qr_connection_20",
        "X_location": "quick reference",
        "english": "Change content of connections: ",
        "german": "Inhalt von Verbindung verändern:",
        "french": "Modifier le contenu de la connexion:",
        "spanish": "Cambiar contenido de conecciones:"
    },
    {
        "X_identifier": "qr_connection_21",
        "X_location": "quick reference",
        "english": "<b>Change type and strength:<\/b> Use the slider to change the type (agreement or disagreement) and strength of the connection",
        "german": "<b>Art und Stärke verändern:<\/b> Benutzen Sie den Regler, um die Art der Verbindung (Verstärkung oder Hemmung) und die Stärke der Verbindung zu verändern",
        "french": "<b>Modifier le type et la force:<\/b> Utilisez le curseur pour modifier le type de connexion (renforcement ou inhibition) et la force de la connexion.",
        "spanish": "<b>Cambiar tipo e intensidad:<\/b> Use el control deslizante para cambiar el de la conexión (reforzamineto o inhibición)"
    },
    {
        "X_identifier": "qr_connection_21a",
        "X_location": "quick reference",
        "english": "<b>Change strength:<\/b> Use the slider to change the strength of the connection",
        "german": "<b>Stärke verändern:<\/b> Benutzen Sie den Regler, um die Stärke der Verbindung zu verändern",
        "french": "<b>Changer la force:<\/b> Utilisez le curseur pour changer la force de la connexion",
        "spanish": "<b>Cambiar intensidad:<\/b> Use el control deslizante para cambiar el de la conexión (reforzamineto)"
    },
    {
        "X_identifier": "qr_connection_22",
        "X_location": "quick reference",
        "english": "Direction of Influence:",
        "german": "Richtung des Einflusses",
        "french": "Direction de l'influence",
        "spanish": "Dirección de la influencia"
    },
    {
        "X_identifier": "qr_connection_23",
        "X_location": "quick reference",
        "english": "Concepts influence each other",
        "german": "Konzepte beeinflussen sich gegenseitig",
        "french": "Les concepts s'influencent mutuellement",
        "spanish": "Conceptos se influyen mutualmente"
    },
    {
        "X_identifier": "qr_connection_24",
        "X_location": "quick reference",
        "english": "Concepts influence each other in a one-sided direction from left to right",
        "german": "Konzepte beeinflussen sich nur in eine Richtung von links nach rechts",
        "french": "Les concepts ne s'influencent que dans un sens, de gauche à droite",
        "spanish": "La influencia entre los conceptos es unidireccional del concepto izquierdo al concepto derecho"
    },
    {
        "X_identifier": "qr_buttons_10",
        "X_location": "quick reference",
        "english": "Clicking on the buttons in the upper bar leads to the following results: ",
        "german": "Ein Klick auf die Buttons in der oberen Leiste bewirkt Folgendes:",
        "french": "Un clic sur les boutons de la barre supérieure provoque les résultats suivants:",
        "spanish": "Hacer clic en los botones de la barra superior lleva a los siguientes resultados:"
    },
    {
        "X_identifier": "qr_buttons_11",
        "X_location": "quick reference",
        "english": "save Cognitive-Affective Map and send data to the server",
        "german": "Cognitive-Affective Map speichern und Daten zum Server senden",
        "french": "Enregistrer la carte cognitive-affective et envoyer les données au serveur",
        "spanish": "Guardar Cognitive-Affective Map y mandar datos al servidor"
    },
    {
        "X_identifier": "qr_buttons_12",
        "X_location": "quick reference",
        "english": "download Cognitive-Affective Map as a picture",
        "german": "Cognitive-Affective Map als Bild herunterladen",
        "french": "Télécharger la Cognitive Affective Map en tant qu'image",
        "spanish": "Bajar Cognitive-Affective Map en de imagen "
    },
    {
        "X_identifier": "qr_buttons_13",
        "X_location": "quick reference",
        "english": "delete Cognitive-Affective Map and no data will be send to the server",
        "german": "Cognitive-Affective Map löschen und keine Daten werden zum Server gesendet",
        "french": "Effacer la Cognitive Affective Map et aucune donnée n'est envoyée au serveur",
        "spanish": "Borrar Cognitive-Affective Map y no se envian datos al servidor"
    },
    {
        "X_identifier": "qr_tab_01",
        "X_location": "quick reference",
        "english": "Legend",
        "german": "Legende",
        "french": "Légende",
        "spanish": "Leyenda"
    },
    {
        "X_identifier": "qr_tab_02",
        "X_location": "quick reference",
        "english": "Concept",
        "german": "Konzept",
        "french": "Concept",
        "spanish": "Concepto"
    },
    {
        "X_identifier": "qr_tab_03",
        "X_location": "quick reference",
        "english": "Connection",
        "german": "Verbindung",
        "french": "Lien",
        "spanish": "Conexión"
    },
    {
        "X_identifier": "qr_tab_04",
        "X_location": "quick reference",
        "english": "Buttons",
        "german": "Buttons",
        "french": "Boutons",
        "spanish": "Botones"
    },
    {
        "X_identifier": "btr_01",
        "X_location": "buttons top right (btr)",
        "english": "Open a quick reference",
        "german": "Schnellhilfe öffen",
        "french": "Ouvrir l'aide rapide",
        "spanish": "Abrir referencia rápida"
    },
    {
        "X_identifier": "btr_02",
        "X_location": "buttons top right",
        "english": "Save CAM on server",
        "german": "CAM auf Server speichern",
        "french": "Enregistrer la CAM sur le serveur",
        "spanish": "Guardar CAM en el servidor"
    },
    {
        "X_identifier": "btr_03",
        "X_location": "buttons top right",
        "english": "Save CAM as picture",
        "german": "CAM als Bild speichern",
        "french": "Enregistrer la CAM en tant qu'image",
        "spanish": "Guardar CAM en formato de imagen"
    },
    {
        "X_identifier": "btr_04",
        "X_location": "buttons top right",
        "english": "Delete CAM",
        "german": "CAM löschen",
        "french": "Supprimer la CAM",
        "spanish": "Borrar CAM"
    },
    {
        "X_identifier": "nd_01",
        "X_location": "nodes dialog (nd)",
        "english": "Content:",
        "german": "Inhalt:",
        "french": "Contenu:",
        "spanish": "Contenido:"
    },
    {
        "X_identifier": "nd_02",
        "X_location": "nodes dialog (nd)",
        "english": "Type and Strength of Concept:",
        "german": "Art und Stärke des Konzepts:",
        "french": "Type et force du concept:",
        "spanish": "Tipo e intensidad del concepto"
    },
    {
        "X_identifier": "nd_03",
        "X_location": "nodes dialog (nd)",
        "english": "set concept to",
        "german": "Konzept setzen als",
        "french": "Définir le concept comme",
        "spanish": "Declarar que concepto es"
    },
    {
        "X_identifier": "nd_04",
        "X_location": "nodes dialog (nd)",
        "english": "Comment",
        "german": "Kommentar",
        "french": "Commentaire",
        "spanish": "Comentario"
    },
    {
        "X_identifier": "nd_05buttonDelete",
        "X_location": "nodes dialog (nd)",
        "english": "Delete Concept",
        "german": "Konzept löschen",
        "french": "Supprimer le concept",
        "spanish": "Borrar concepto"
    },
    {
        "X_identifier": "cd_01",
        "X_location": "connector dialog (cd)",
        "english": "Type and Strength of Connection",
        "german": "Art und Stärke der Verbindung",
        "french": "Type et force du lien",
        "spanish": "Tipo e intensidad de la conexión"
    },
    {
        "X_identifier": "cd_01a",
        "X_location": "connector dialog (cd)",
        "english": "Strength of Connection:",
        "german": "Stärke der Verbindung:",
        "french": "Force du lien:",
        "spanish": "Intensidad de la conexión"
    },
    {
        "X_identifier": "cd_02",
        "X_location": "connector dialog (cd)",
        "english": "Opposing",
        "german": "Hemmend",
        "french": "Inhibition",
        "spanish": "Inhibición"
    },
    {
        "X_identifier": "cd_03",
        "X_location": "connector dialog (cd)",
        "english": "Supporting",
        "german": "Verstärkend",
        "french": "Renforcement",
        "spanish": "Reforzamiento"
    },
    {
        "X_identifier": "cd_04",
        "X_location": "connector dialog (cd)",
        "english": "Direction of Connection",
        "german": "Richtung der Verbindung",
        "french": "Direction de la connexion",
        "spanish": "Dirección de la conexión"
    },
    {
        "X_identifier": "cd_05button",
        "X_location": "connector dialog (cd)",
        "english": "Concepts influence each other",
        "german": "Konzepte beeinflussen sich gegenseitig",
        "french": "Les concepts s'influencent mutuellement",
        "spanish": "Conceptos se influyen mutualmente"
    },
    {
        "X_identifier": "cd_06button",
        "X_location": "connector dialog (cd)",
        "english": "Concepts influence each other in a one-sided direction. Press button multiple times to change direction",
        "german": "Konzepte beeinflussen sich nur in eine Richtung. Klicken Sie mehrfach auf den Button, um die Richtung der Beeinflussung zu ändern",
        "french": "Les concepts ne s'influencent que dans une seule direction. Cliquez plusieurs fois sur le bouton pour modifier la direction de l'influence.",
        "spanish": "La influencia entre los conceptos es en una sola direccion (unidireccional). Haga clic en el botón varias veces para cambiar la dirección"
    },
    {
        "X_identifier": "cd_07buttonDelete",
        "X_location": "connector dialog (cd)",
        "english": "Delete Connector",
        "german": "Verbindung löschen",
        "french": "Supprimer le lien",
        "spanish": "Borrar conexión"
    },
    {
        "X_identifier": "popSave_01emptyNodes",
        "X_location": "popup save button (popSave)",
        "english": "Please return to your Cognitive-Affective Map and add text to the empty concepts.",
        "german": "Bitte kehren Sie zu Ihrer Cognitive-Affective Map zurück und ergänzen sie Text zu den leeren Konzepten.",
        "french": "Veuillez retourner à votre Cognitive Affective Map et ajouter du texte aux concepts vides.",
        "spanish": "Por favor regrese a su Cognitive-Affective Map y agregue texto a los conceptos aún vacíos."
    },
    {
        "X_identifier": "popSave_02emptyNodes",
        "X_location": "popup save button (popSave)",
        "english": " concept(s) are empty.",
        "german": " Konzept(e) sind leer.",
        "french": " Le(s) concept(s) est/sont vide(s).",
        "spanish": " concepto(s) está(n) vacío(s)."
    },
    {
        "X_identifier": "popSave_01numNodes",
        "X_location": "popup save button (popSave)",
        "english": "Please return to your Cognitive-Affective Map and add additional concepts to it.",
        "german": "Bitte kehren Sie zu Ihrer Cognitive Affective Map zurück und fügen Sie weitere Konzepte hinzu.",
        "french": "Veuillez retourner à votre Cognitive Affective Map et y ajouter d'autres concepts.",
        "spanish": "Por favor regrese a su Cognitive-Affective Map y añada conceptos adicionales."
    },
    {
        "X_identifier": "popSave_02numNodes",
        "X_location": "popup save button (popSave)",
        "english": "Please draw at least ",
        "german": "Bitte zeichnen Sie mindestens ",
        "french": "Veuillez dessiner au moins ",
        "spanish": "Por favor traze por lo menos "
    },
    {
        "X_identifier": "popSave_03numNodes",
        "X_location": "popup save button (popSave)",
        "english": " concepts.",
        "german": " Konzepte.",
        "french": " concepts.",
        "spanish": " conceptos."
    },
    {
        "X_identifier": "popSave_01unconnectedA",
        "X_location": "popup save button (popSave)",
        "english": "Please return to your Cognitive-Affective Map and add additional connections to it.",
        "german": "Bitte kehren Sie zu Ihrer Cognitive-Affective Map zurück und fügen Sie weitere Verbindungen hinzu.",
        "french": "Veuillez retourner à votre Cognitive-Affective Map et ajouter d'autres connexions.",
        "spanish": "Por favor regrese a su Cognitive-Affective Map y añada conecciones adicionales."
    },
    {
        "X_identifier": "popSave_02unconnectedA",
        "X_location": "popup save button (popSave)",
        "english": "Please connect all your concepts within your Cognitive-Affective Map.",
        "german": "Bitte verbinden Sie alle Ihre Konzepte innerhalb Ihrer Cognitive-Affective Map.",
        "french": "Veuillez connecter tous vos concepts de votre Cognitive Affective Map.",
        "spanish": "Por favor conecte todos los conceptos dentro de su Cognitive-Affective Map."
    },
    {
        "X_identifier": "popSave_01unconnectedB",
        "X_location": "popup save button (popSave)",
        "english": "Please return to your Cognitive-Affective Map and add additional connections to it.",
        "german": "Bitte kehren Sie zu Ihrer Cognitive-Affective Map zurück und fügen Sie weitere Verbindungen hinzu.",
        "french": "Veuillez retourner à votre Cognitive-Affective Map et ajouter d'autres connexions.",
        "spanish": "Por favor regrese a su Cognitive-Affective Map y añada conecciones adicionales."
    },
    {
        "X_identifier": "popSave_02unconnectedB",
        "X_location": "popup save button (popSave)",
        "english": "Please connect all your ",
        "german": "Bitte verbinden Sie alle Ihre",
        "french": "Veuillez connecter tous vos",
        "spanish": "Por favor conecte todos sus"
    },
    {
        "X_identifier": "popSave_03unconnectedB",
        "X_location": "popup save button (popSave)",
        "english": " distinct groups of concepts within your Cognitive-Affective Map.",
        "german": " verschiedene Gruppen von Konzepten innerhalb Ihrer Cognitive-Affective Map.",
        "french": "différents groupes de concepts de votre Cognitive Affective Map.",
        "spanish": " distintos grupos de conceptos dentro de su Cognitive-Affective Map."
    },
    {
        "X_identifier": "popSave_01savedData",
        "X_location": "popup save button (popSave)",
        "english": "Your CAM data has been sent to the sever. Thank you for participating! You will be forwarded to the end or the final part of the study.",
        "german": "Ihre CAM-Daten wurden an den Sever gesendet. Wir danken Ihnen für Ihre Teilnahme! Sie werden zum Ende oder zum letzten Teil der Studie weitergeleitet.",
        "french": "Vos données de la CAM ont été envoyées au serveur. Nous vous remercions de votre participation ! Vous allez être redirigé vers la fin ou la dernière partie de l'étude.",
        "spanish": "Los datos de su Cognitive-Affective Map se han mandado al servidor. Gracias por participación! Usted será llevado al final de la sesión o a su última parte."
    },
    {
        "X_identifier": "popSave_01notSavedData",
        "X_location": "popup save button (popSave)",
        "english": "You would have send the CAM data successfully to a sever. To save permanently your data please use our administrative panel or host the C.A.M.E.L. software on your own server.",
        "german": "Sie hätten die CAM-Daten erfolgreich an einen Server gesendet. Um Ihre Daten dauerhaft zu speichern, verwenden Sie bitte unser Administrationspanel oder hosten Sie die C.A.M.E.L. Software auf Ihrem eigenen Server.",
        "french": "Vous avez envoyé avec succès vos données CAM à un serveur. Pour sauvegarder vos données de manière permanente, veuillez utiliser notre panneau d'administration ou héberger le logiciel C.A.M.E.L. sur votre propre serveur.",
        "spanish": "Usted habría mandado los datos de su CAM al servidor con éxito. Para guardar sus datos de forma permanente, por favor use nuestro panel de administración o aloje C.A.M.E.L. en su propio servidor."
    },
    {
        "X_identifier": "popSavePicture_CAM",
        "X_location": "popup save button CAM as picture (popSavePicture)",
        "english": "You can save your CAM as a picture (svg file).",
        "german": "Sie können Ihr CAM als Bild (svg-Datei) speichern.",
        "french": "You can save your CAM as a picture (svg file).",
        "spanish": "You can save your CAM as a picture (svg file)."
    },
    {
        "X_identifier": "ndw_01tooManyWords",
        "X_location": "nodes dialog warnings (ndw)",
        "english": "Instead, please draw several connected concepts.",
        "german": "Zeichnen Sie stattdessen bitte mehrere zusammenhängende Konzepte.",
        "french": "Veuillez plutôt dessiner plusieurs concepts cohérents.",
        "spanish": "En cambio, por favor traze varios conceptos conectados."
    },
    {
        "X_identifier": "ndw_02tooManyWords",
        "X_location": "nodes dialog warnings (ndw)",
        "english": "Please do not use more than ",
        "german": "Bitte verwenden Sie nicht mehr als ",
        "french": "N'utilisez pas plus de ",
        "spanish": "Por favor no use más que "
    },
    {
        "X_identifier": "ndw_03tooManyWords",
        "X_location": "nodes dialog warnings (ndw)",
        "english": " words for a single concept!",
        "german": " Wörter für ein einzelnes Konzept!",
        "french": " mots pour un seul concept !",
        "spanish": " palabras para un solo concepto!"
    },
    {
        "X_identifier": "ndw_03tooManyWordsA",
        "X_location": "nodes dialog warnings (ndw)",
        "english": " characters for a single concept!",
        "german": " Zeichen für ein einzelnes Konzept!",
        "french": " des caractères pour un seul concept !",
        "spanish": " caracteres para un solo concepto!"
    },
    {
        "X_identifier": "ndw_01predefinedConcept",
        "X_location": "nodes dialog warnings (ndw)",
        "english": "Instead, please choose other concepts.",
        "german": "Wählen Sie stattdessen bitte andere Konzepte.",
        "french": "Veuillez choisir d'autres concepts à la place.",
        "spanish": "En cambio, por favor elíja conceptos diferentes."
    },
    {
        "X_identifier": "ndw_02predefinedConcept",
        "X_location": "nodes dialog warnings (ndw)",
        "english": "You cannot change the content of predefined concepts.",
        "german": "Sie können den Inhalt der vordefinierten Konzepte nicht ändern.",
        "french": "Vous ne pouvez pas modifier le contenu des concepts prédéfinis.",
        "spanish": "No se pueden cambiar los conceptos predefinidos."
    },
    {
        "X_identifier": "ndw_01ambivalentConcept",
        "X_location": "nodes dialog warnings (ndw)",
        "english": "To change the ambivalent concept again, please uncheck the box.",
        "german": "Um das ambivalente Konzept wieder zu ändern, deaktivieren Sie bitte das Kontrollkästchen.",
        "french": "Pour modifier à nouveau le concept ambivalent, veuillez désactiver la case à cocher.",
        "spanish": "Para cambiar el concepto ambivalente otra vez, desmarque la casilla."
    },
    {
        "X_identifier": "edw_01notDeleteNode",
        "X_location": "Elements dialog warnings (edw)",
        "english": "Instead, please choose other concepts.",
        "german": "Bitte wählen Sie stattdessen andere Konzepte.",
        "french": "Veuillez sélectionner d'autres concepts à la place.",
        "spanish": "En cambio, por favor elíja conceptos diferentes."
    },
    {
        "X_identifier": "edw_02notDeleteNode",
        "X_location": "Elements dialog warnings (edw)",
        "english": "You cannot delete predefined concepts.",
        "german": "Sie können keine vordefinierten Konzepte löschen.",
        "french": "Vous ne pouvez pas supprimer les concepts prédéfinis.",
        "spanish": "No se pueden borrar los conceptos predefinidos."
    },
    {
        "X_identifier": "edw_01notDeleteConnector",
        "X_location": "Elements dialog warnings (edw)",
        "english": "Instead, please choose other connectors.",
        "german": "Bitte wählen Sie stattdessen andere Verbindungen.",
        "french": "Veuillez choisir d'autres connexions à la place.",
        "spanish": "En cambio, por favor elíja coneciones diferentes."
    },
    {
        "X_identifier": "edw_02notDeleteConnector",
        "X_location": "Elements dialog warnings (edw)",
        "english": "You cannot delete predefined connectors.",
        "german": "Sie können keine vordefinierten Verbindungen löschen.",
        "french": "Vous ne pouvez pas supprimer des connexions prédéfinies.",
        "spanish": "No se pueden borrar las coneciones predefinidos."
    },
    {
        "X_identifier": "confirmSaving_01_title",
        "X_location": "Elements confirm saving CAM",
        "english": "Confirm Saving",
        "german": "Speichern bestätigen",
        "french": "Confirmer la sauvegarde",
        "spanish": "Confirmar guardar"
    },
    {
        "X_identifier": "confirmSaving_02_text",
        "X_location": "Elements confirm saving CAM",
        "english": "Please confirm by pressing  \"Yes\" that you want to save your Cognitive-Affective Map. You will be redirected to the next part of the study and you will <b>not<\/b> be able to change your Cognitive-Affective Map anymore. ",
        "german": "Bitte bestätigen Sie mit einem Klick auf \"Ja\", dass Sie die Cognitive-Affective Map speichern wollen. Sie werden zum nächsten Teil der Studie weitergeleitet und können Ihre Cognitive-Affective Map <b>nicht<\/b> mehr verändern.",
        "french": "Veuillez confirmer en appuyant sur \"Oui\" que vous souhaitez sauvegarder votre carte cognitivo-affective. Vous serez redirigé vers la partie suivante de l'étude et vous ne pourrez plus modifier votre Cognitive Affective Map. ",
        "spanish": "Por favor confirme con un clic en \"Sí\" que desea guardar el Cognitive-Affective Map. En este caso, usted será llevado a la siguiente parte de la sesión y ya <b>no<\/b> mas podrá cambiar su Cognitive-Affective Map."
    },
    {
        "X_identifier": "confirmDeleting_01text",
        "X_location": "Elements confirm deleting CAM",
        "english": "Do you really want to delete your CAM? No data will be saved on the server.",
        "german": "Möchten Sie Ihre CAM wirklich löschen? In diesem Fall werden keine Daten auf dem Server gespeichert.",
        "french": "Voulez-vous vraiment supprimer votre CAM ? Aucune donnée ne sera sauvegardée sur le serveur.",
        "spanish": "Desea usted borrar su CAM? En este caso no se guardarán datos en el servidor."
    },
    {
        "X_identifier": "confirmDeleting_02message",
        "X_location": "Elements confirm deleting CAM",
        "english": "You CAM has been deleted. No data will be saved on the server. Default CAM has been restored.",
        "german": "Ihre CAM wurde gelöscht. Es werden keine Daten auf dem Server gespeichert. Die voreingestellte CAM wurde wiederhergestellt.",
        "french": "Votre CAM a été supprimée. Aucune donnée ne sera sauvegardée sur le serveur. La CAM par défaut a été restaurée.",
        "spanish": "Su CAM ha sido borrado. No se han guardado datos en el servidor. El CAM predefinido ha sido restaurado."
    },
    {
        "X_identifier": "yesButton",
        "X_location": "yes Button",
        "english": "Yes",
        "german": "Ja",
        "french": "Oui",
        "spanish": "Sí"
    },
    {
        "X_identifier": "noButton",
        "X_location": "no Button",
        "english": "No",
        "german": "Nein",
        "french": "Non",
        "spanish": "No"
    },
    {
        "X_identifier": "closeButton",
        "X_location": "close Button",
        "english": "Close",
        "german": "Schließen",
        "french": "Fermer",
        "spanish": "Cerrar"
    },
    {
        "X_identifier": "continueButtonFullscreen",
        "X_location": "continue Button (fullscreen)",
        "english": "click to continue",
        "german": "zum Fortfahren klicken",
        "french": "cliquer pour continuer",
        "spanish": "haga clic para continuar"
    }
]